tweets,labels
پاک فوج کے ساتھ پیار اور محبت اس امید کے ساتھ کہ جو پچھلے چند سالوں میں آرمی اور عوام کے درمیان خلا پیدا ہوا نئے آرمی چیف اسے پر کریں گے,0
اگر نیو کلئیر پاور ملک میں عیاشی صرف چوروں اور فوجی افسروں نے کرنی ہے تو ہم پاکستانی عوام آپ کے آگے ہاتھ جوڑتے ہیں کہ ایٹمی اثاثے امریکہ کے حوالے کر دیں ملک تو پہلے ہی کر دیا,1
نیب کی ٹیم نے شوباز کے گھر کی بیل بجائی اندر سے شوباز غصہ سے بولے کووون نیب کا بندہ بولا آجا تینوں وزیراعظم بناواں شوباز خود ہی کہنے لگا پاپا گھر نہیں ہے,1
ہک ہائے میڈا صادق او امین,1
نہتی لڑکی کے یہ ننھے منھے چوچے بچے,1
پیر محمد امین الحسنات کی تحریک انصاف میں شمولیت انتہائ اہم ہے ہم انہیں خوش آمدید کہتے ہیں پیر محمد امین الحسنات کی بڑی دینی خدمات ہیں اور سیاست میں انہیں قدر کی نگاہ سے دیکھا جاتا ہے وائس چیئرمین شاہ محمود قریشی,0
نگران وزیراعلی نے اپنے عہدے کا حلف اٹھا لیا,0
کوئی پرویز رشید کو کہنا کہ لال قالین کی لمبائی تو ماپے زرا,1
سر جی باتیں نا کریں ہمت کریں جاتی امرا کی طرف سیدھے نشانے داغیں اور کیلیبری قطری چورنی کی ضمانت کینسل کریں,1
اسٹیبلشمنٹ کی مدد کے بغیر تو ہم اپنی تحریک کامیاب نہیں کروا سکتے رانا ثنااللہ شیررررررررر,1
ساڑھے چودہ سو سال گزر گئے یزید اب بھی لعنتوں میں زندہ ہے دو سو سال سے زیادہ گزر گئے میر جعفر میر صادق اب بھی لعنتوں میں زندہ ہیں دور حاضر کے میر جعفر میر صادق صدیوں لعنتوں میں زندہ رہے گے اب بھی وقت ہے حر علیہ السلام بنو,1
اور خان نے خود کو دے دیا,0
ایکانسان بنےصحافی نے کواپنی بانجھ جمہوریت کےہمراہڈوب مرنے کانادرموقع تو فراہم کیاہےمگرشرم ابھی نایاب ہےواللہ کروڑوں اہل سندھ کی رتی بھربھی وقعت انکی نگاہ میں نہ ہےجنہیں کتوں سےکٹواتےعزیربلوچوں سے مرواتےسراج درانیوںشرجیل میمنوںڈاکٹرعاصموں سےلٹواتےہیں,1
میرا ٹارگٹ ان جراثیمی مافیا سے عوام کی جان چھڑوانا ھے,0
یا اللہ برباد کر باجوے کی پوری نسل کو,1
کیا حساس حساس ادارے کی رٹ لگا لیتے ہیں آپ سب سیدھی طرح فوج لکھو اس حساس ادارے نے مردوں کو ننگا کرنے سی جی نہیں بھرا تو اب عورتوں کو بھی بنگا کرنا شروع کر دیا ہے اور آپ سب اسکو کپڑے پہناتے رہتے ہیں اب یہ سب ننگے ہیں بیغرت جرنیل اور اسکی ایلچی سمیت سب,1
ان نونیوں کے لیے جو فردوس عاشق اعوان کا نون لیگ کی پالتو اسنٹٹ کمیشنر سونیا صدف کی رمضان بازار کا دورہ نا کرنے پر تنبیہ پر نوحہ کناہ ہیں,1
کیسے کیسے لوگ مرگئےجب حکومت کی طرف سے کسی چیز میں ایک روپے اضافہ ہوجاتا تو یہ لوگ اسمان سر پر آٹھاتے اج ایک ایک چیز کئی گنا مہنگا ہوگیا مگر کوئی پوچھنے والا نہیں خدا بخشے ان لوگوں کو آگر آج زندہ ہوتے تو ضرور مہنگائی کے خلاف آواز بلند کرتے,0
تو پھر سے نمودار ہوئی منحوس عورت تمھاری شکل پر لعنت,1
میر علی جہاں پہ یہ افسوس ناک سانحہ ہوا ہے غیر ملکی دہشتگرد گروہ حقانی نیٹ ورک کا ہیڈکواٹر تھا,0
آمروں کی گود میں پلنے والے آمرانہ سوچ رکھنے والے سی پیک کو بریک لگانے والے کشتی ڈوبتی دیکھ کر روس جانے والے آئی ایم ایف کے سارے پروگرام لینے والے تبدیلی کےلیے نکلیں گے پاکستان زندہ باد,1
جرنیلی ٹولہ بمقابلہ پاکستان کا استاد سپریم کورٹ ججز کیخلاف سازشیں کیخلاف لندن میں احتجاج پولیس انکوائری عدالتلگاؤ ویڈیو لنک,0
بھٹی تو اپنی بہن مودی کو بھی پیش کر دے جیسے تو نے نیازی کو کی ھوئی ھے تو وہ تیری بھی کال اٹنڈ کر لے گا دلے,1
یہ جنگ ہر پاکستانی کی جنگ ھے ملک کے مستقبل کی جنگ ھے یا جیتیں گے یا مریں گے اس علاوہ اور کوئی راستہ ہی نہیں,0
یہاں بھی شائد ایک آدھے تھپڑ سے کام سیدھا ہو,0
جن کے لیڈروں کو یہ نہیں پتاکے انکا ابا امیر تھا یاغریب تھا جنکویہ نہیں پتا لندن کے فلیٹس کہاں سے آے میں خریدے یا میں لیے جنکویہ نہیں پتااسکا پیسہ دادے نےدیا یا قطری نے دیا جنکا وڈا سال کا اورچھوٹا سال کا ایسے نمونے بھی خان پر تنقید کرتے ہیں,1
فرعون صفت کہتا ہےگمنامی ہے مقدر میرا ظالم کوکوئی بتائے رسوائی و ذلت انجام ہے تیرا,0
جو کہتے تھے عمران خان کو سیاست نہیں آتی اب ان لوگوں کو راتوں کو نیند نہیں آتی,0
راجہ ریاض چٹا انپڑھ ہے لیکن کتنے انہماک سے بجٹ کاپی کے اعدادوشمار پڑھ رہا ہے,0
کا مزید کہنا تھا کہ گذشتہ سال اس نیٹ ورک کے بارے میں تحقیق سامنے لانے کے باوجود اس نے اپنے کام کو جاری رکھا ہے جس سے ظاہر ہوتا ہے کہ یہ کتنا مضبوط اور بااثر نیٹ ورک ہے,0
میاں کی کرپشن ڈھونڈنے گئے تھے نکے کے ابا کی اے ٹی ایم مشین پکڑی گئ سب کو بیان بازی روک دیا گیاسب کو کتا سونگھ گیا ابھی لاکن کچھ بے غیرت یوتھئے برساتی مینڈک کی طرح ٹر ٹر ٹر لگے ھویے ھیں,1
یہ ہے اس منافق عباسی کا اصلی چہرہ خبیث فرعون کا پیروکار ہے کرپٹ نوازشریف کا ہمدرد ہے لیکن میڈیا پر فحاشی پر اس کا ایمان جوش مارنے لگتا ہے جی بھر کر لعنت بھیجیں,1
فواد چوہدری غریدہ فاروقی کو ٹیوشن پڑھاتے ہوئے کہ مجرم سے تھانیدار مقرر کرتے وقت مشاورت نہیں ہوتی لیکن یہ سٹوڈنٹ نالائق ہے یہ مجرم کی بھیدی یے,1
صحافت کا مقصد ریاست اور اس کے اداروں کو عوام کے ساتھ جوڑنا ہے حکومت کی اچھی یا بری کارکردگی سے عوام کو آگاہ کرنا اور اس کی ناقص پالیسیوں پر تنقید بلاشبہ صحافت ہے,0
دنیا میں تھوڑے سے یہودی ہیں جنہوں نے اکٹھے ہو کر منوا لیا کہ ہولوکاسٹ کے خلاف بات کرنا غیرقانونی ہے میری سٹریٹجی یہ ہے کہ مسلمان ملک مل کر کہیں کہ اگر کسی ملک نے توہین رسالت کی تو ہم سب مل کر اسکا بائیکاٹ کریں وزیراعظم عمران خان,1
بلکل یہ عادی دیاڑیاں کرنے والے جنرل ھیں یہ الفاظ امریکی احکام کو کم اور ہمارے جنرلوں کو زیادہ تکلیف دہ لگی آس کے بعد سازشوں پر کام شرورع ھوا,1
پہلے یہ لوگ بچوں کی کرپشن کے سوالات سے پچنے کیلیے اپنے بچوں سے لاتعلقی اختیار کرتے تھے آج باجی نے کالے بوٹ چاٹنے کے الزام سے بچنے کیلیے نون لیگ ہی چھوڑ دی در فٹے منہ,1
کچھ مردوں میں ایسی کشش ہوتی ہے کہ ان سے طلاق لے کر دوسری شادی کرنے کے بعد ہنی مون کے دوران بھی ان کی سابقہ بیویوں کے ذہن پر ہر وقت سوار رہتے ہیں بے چارہ مرزا,0
شہاز شریف کا چیلا ہو اور بےغیرت نہ ہو ہو نہیں سکتا,1
لوگوں کو برہنہ دیکھنے کا شوق ننگی لیگ کی گندی گندی ویڈیوز والی پورن اسٹار سرجریوں والی سرکار کیلبری فونٹ قطری کو ہے,1
سٹاک ایکسچینج میں پیسہ لگانے والوں سے طے ہوا ھے نقصان کی صورت پہلے کی طرح ڈالر ریٹ سے رکوری کرا دیجائیگی ہزار حد عبور,0
حضرات ایک گذارش ہے کہ ملا فضلانڈو عرف رنڈی ڈائین نے لسی کے خرچے کے لئیے امداد کی اپیل کی ہے چندہ ڈال کر ثواب دارین حاصل کریں عمران خان تجھے اللہ پوچھے لاکھ کی لسی بند کرنےپر,1
نواز شریف کا جھاکا کھل چکا ہے اب ان کی چاہے جتنی بھی بے عزتی ہو انہیں فرق نہیں پڑتا نوازشریف کو اب اپنی عزت کی کوئی پرواہ نہیں وہ پیسہ بچانا چاہتے ہیں وہ ایک دفعہ وہ میدان میں آگئے ننگے ہوگئے سابق سینیٹر انور بیگ,1
گاوں باجا محلہ حاجی خیل سے افسوسناک خبر دو فریقین کے مابین فائرنگ کا تبادلہ ہوا نصیر خان جاں بحق,0
آزادی پلیٹ میں رکھ کر نہیں ملتی آزادی قربانیاں مانگتی ہے,0
اگر سازش نہیں ہوئی تو بار بار وضاحتیں کیوں دے رہے ہو انکل نیوٹرل,0
میری تو خواہش ہے نوازشریف پاکستان آٸیں بس پھر مجھے پتہ ہے کیا کرنا ہے ان کے ساتھ عمران خان,0
کیا ہو گیا کھول کے بولو کتی کے بچے جرنل قمر جاوید باجوہ نے اپنے ساتھ ساتھ ہماری عزت کا سودا کیا ہم عوام کو منظور نہیں لو میں نے دی گالی کر لو جو جو کرنا,1
ن لیگ ھر معاملے پر بولتی ھے بس شریفوں کی جائدادوں کا کوئی جواب نھیں,0
چیف الیکشن کمشنر نے تین نام تجویز کر دے حریم شاہ وینا ملک اور مرد اول مراد سعید,0
توں جو مرضی کر لے سب پاکستانیوں کی نظر میں تم گشتی سے بڑھ کے کچھ نہی ہو چوپا رانی,1
پاکستان تحریک انصاف کا صاف و شفاف شہرت کے حامل نوجوانوں کو الیکشن کے میدان میں اتارنے کا فیصلہ تمام پارٹی نوجوان تیاری کر لیں اس دفعہ انکو الیکشن میں بھرپور موقع دیا جائے گا,0
آئین میں تو کوئ درست طریقہ نہیں اسکو روکنے کا لیکن,0
نیلا تھوتھا کھا اور جان چھوڑ,1
تجھ بھگوڑی کا لو تو ہر اس جگہ ہے جہاں تجھےکوئ فوجی نظر آئےدلا ہاراں والے امرتسر کے کوٹھے والوں کی نسل,1
ایسے جج ہوں جہاں انصاف کے دونوں پلڑو کا تول برابر نہ ہو انصاف کے لیا ترازو نہ ہو جہاں بچے ان کے سپوٹر ہوں ڈیل باز ہوں وہاں انصاف کا قتل ہی ہوتا ہےوہاں گھڑی چور کو کیا سزا ہو گی انصاف کا قتل نہ منظور,1
مریم نواز کی طبیعت میں بہتری پاکستان واپسی کے نعرے,0
قائد اعظم کے بعد پاکستان میں کوئی سچا لیڈر آیا ہے تو وہ صرف عمران خان ہےجب سے آنکھ کھولی ہے تب سے دیکھ رہا ہو سب سیاست دان اپنے مفاد کے لیے سیاست میں آتے ہیںصرف عمران خان کو دیکھا جو نظریاتی لیڈرہے اور ہماری آنے والی نسلوں کے لیے سوچنے والا لیڈر ہے,0
یارررر قسم سے ان ججز انکل کی بھی ڈرامے بازیاں ختم نہیں ہوتیں کوئی پوچھے ان سے کہ کے اشٹام پیپر پر کس نے رہائی دی تھی,1
جی ہم آپ کی نہ قوم ہیں نہ آپ ہمیں کچھ سمجھا سکتے ہیں,0
یہ سارے پیسے صرف فوجی اسٹبلشمنٹ اور انکے پالتو اشرافیابدمعاشیاعسکریاعدلیااسٹبلشمنٹ بیوروکریسی سیاہ ست دان اور انکے دم چھلے کھائیں گے,1
برطانیہ میں ضبط ہونے والی جائیداد ملک ریاض کی ہے ہی نہیں یہ عزیز ہم وطنوں کی ہےیہ پیسہ واپس آکر عزیز ہم وطنوں کو ہی مل جائیگا,0
مفرور اشتہاری بھگوڑا نااہل والی چور اس کا سارا ٹبر کرائمرمنسٹر اسکا سارا ٹبر ماہر معاشیات بربادی ڈار اسکا سارا ٹبر باقی سارے پارٹی کے ٹوچے جنہیں جیلوں میں ہونا تھا نے دیکر پاکستان پر مسلط کردیا کیونکہ ہے پورن ہیڈ ماسٹر,1
تم جیسے کنجر کس منہ سے دوسروں کو بے غیرت کہہ سکتے ہیں,1
منافقت اور سفاکیت آپ نے دیکھنی ہو تو یہ دو تصاویر دیکھیں پنجاب میں جلسہ کرکے یہ ظالم لوگ کورونا پھیلا رہے ہیں کیونکہ حکومت ان کی نہیں ہے اور سندھ میں مسجدیں تک بند کر رہے ہیں کیونکہ وہاں اپنی حکومت ہے پی پی پی کی سفاک قاتل بےشرم گھٹیا غلیظ لوگ,1
گرمیوں میں سرد موسم کے کپڑے اور گرم کوٹ پہن کر پٹرول پمپوں پر رش کی تصاویر جو پٹواری پوسٹ کر رہے ہیں یہ باؤجی کے دور کی تصویریں ہیںکچھ شرم کچھ حیا,1
کل فروری کو میں ہم زیر بحث لائے پاکستان میں سولئینز کا کورٹ مارشل اور انسانی حقوق ایکٹیوسٹس کا اغوا اور ان پر دہشتگردی جاسوسی اور غداری کے کیسز بجائے اغوا کار مجرموں کو سزا کے الٹا ایکٹیوسٹس کو ہراساں کیا جانا زبان بندی کے مقصد سے,0
تاریخ جیسے بہادروں کو نہیں بھولتی ویسے ہی غداروں کو نہیں بھولتی,0
جہاں تحریک انصاف جیتی وہاں نتائج تبدیل کرکے جیالوں کو جتوایا جارہا ہے حلیم عادل شیخ,1
عوام کا نمایندہ باجواہ کی زاتی عناد کی سزا بھگت رھا ھےوزیرستان سے منتخب ایم این اے علی وزیر کے پروڈکش آرڈر جاری کرنے کے باوجود اسمبلی میں پیش نہیں کیا جارھا راوانواراحسان اللہ احسان اور جرنیلوں کا پاکستان,1
وڈیوز کبھی دفن نہیں ہوتیں سے میری آڈیوز بغیر میرے پوچھے ریکارڈ کرنے والے معافی مانگیں تک کا بیغیرتانا سفر,1
مولانا فضل الرحمان جیل میں اور بھی زیادہ خطرناک ہونگے حامد میر صحافی,0
جس جس نے ملک کو کھا یا ہے وہ زلیل رسوا ہوگا اور انشاءاللہ اللہ کی پکڑ میں آے گا نوازشریف ہو یا عمران,0
صرف قطریوں اور جرنیلوں سے آگے مزاحمت نہیں کی,0
مل جاتی اگر ایک دن کی بادشاہت مجھے میرے دور میں تیرے نام کے سکے چلتے,1
ہمارے مارکیٹیں تم نے تباہ کیے ہمارے مساجد گرا دیے ہمارے سکول کالج تباہ کر دیے,0
نوسرباز نے ارب کی زمین نقد حاصل کر لی ارب قسطوں میں دینا ہے اور اس پر بھی سیاست کر رہا ہے,0
حافظ عاسم منیر کے زیر سایہ آنے سے پہلے نواز شریف چور تھا حافظ عاسم منیر کے زیر سایہ آنے کیبعد قومی دولت چرانے والا چور نہیں ہوتا بلکہ امید چرانے والا چور ہوتا ہے لنڈے کا دانشور,1
بھاگو پٹواریوں سینتھیا آ ئی جے یاد ہے ناں نانی اماں حلقے تم لوگوں نے نہیں کھولے ھن قطری دے قصے کھل گے,1
امریکہ اور پاکستان دونوں کا زیادہ تر بجٹ دفاعی اخراجات اور سودادائیگی میں چلاجاتا دونوں امپورٹ زیادہ ایکسپورٹ کم کرتے,0
پاکستانیوں آج کے پر کھل کر اور نام لیکر بولو اس نے مہینوں سے اپنے ہی عوام پر فرعونیت کی جو داستان رقم کی پاکستان کی تاریخ میں اسکی مثال نہیں ملتی دعا ہے اللہ اسکو باقی جرنیلوں کیلیے نشان عبرت بنائے,0
نانی نے چند پٹواریوں کی ڈیوٹی لگائی ہے کہ اگلے جلسے میں کسی چھوٹے سے پول پر چڑھ جانا میں نے بھی عمران خان کی طرح بولنا ہے نیچے آجاؤ گر نہ جانا,1
ذلیل ہوکے ریٹائر ہونے میں کرکٹر اب بھی دوسرے نمبر پر ہیں,0
توشہ خانہ کیس میں فتنہ عمران دگڑ دلے لنگڑے کے ناقابل ضمانت وارنٹ گرفتاری جاری,1
سندھ دشمن پیپلز پارٹی کی حکومت پہ لعنت جن کو اپنی جیبیں بھرنے کی پڑی عوام کا کوئی خیال نہیں کرپشن عروج پر ہے اور آکر میڈیا پہ رونا شروع ہو جاتے,1
ظفر حجازی کا بیٹا ارسلان ظفر حجازی صحافی فخر درانی اسحاق ڈار اور میجر گورو آریا سب پھڑے جان گے وی سب پھڑے جان گے کیسے کیسے لوگ ایس ای سی پی سے ڈیٹا چوری کر لیتے ہیں شرمناک اور افسوسناک,1
اور اب ہمیں پہلے اپنا ملک دوبارہ آزاد کرانا ہے ان چوروں لٹیروں سے اور ان نیوٹرل سے جنہوں نے ہمارے شہیدوں کہ خون بیچ ڈالا,1
او زرداری کے پالتو یوسی کا الیکشن ہارنے والا علی زیدی ایم این اے کی الیکشن جیت گیا اور وہاں سے آپ کے امیدوار کی ضمانت ضبط ہوئی تھی علی زیدی تو دور کی بات ہے آپ میں ہمت ہے تو کسی بھی سوشل میڈیا ایکٹیوسٹ سے مناظرہ کرلیں,1
ہمت کرے انسان تو کیا ہو نہیں سکتا وہ کون سا عقدہ ہے جو وا ہو نہیں سکتا,0
شرم اور ان بے غیرتوں میں توبہ توبہ,1
ملک کا سودا کرنے والوں پر لعنت کیڑے پڑے انکے جسموں میں,1
جہاں بھٹو آج بھی زندہ ہے وہاں سب کچھ ممکن ہے مگر سچ یہ ہے کہ دنیا کی سب سے زیادہ کرپٹ اور غدار پارٹی ہے ثبوت کے طور پر سندھ اور عوام کی حالت ملاحظہ فرمائیں,0
پی ڈی ایم کی جماعتوں پر مشتمل تجربہ کار چوروں پر سرمایہ کاروں کا عدم اعتماد سٹاک مارکیٹ ماہ کی کم ترین سطح پر آگی پاکستان کی ضرورت عمران خان,0
بچھڑا کچھ اس ادا سے کہ رت ہی بدل گئی ایک شخص ساری کو ویران کر گیا,0
ترس کھاؤ ان لوگوں پر جنہیں یہ باپ بیٹی مریض لگ رہے ہیں اور کہتے ہیں اللہ میاں صاحب کو صحت عطا فرمائے,0
ختم نبوت میں ترمیم کے معاملے پر ٹی ایل پی نے جاوید لطیف کی زبردست ٹھکاس کی تھی یہ بیشرم جاوید لطیف اب خود مذہبی جنونی بن کر خان صاحب کے خلاف جھوٹا پروپیگنڈہ کر رہا ہے,1
مبارک ہو پٹواریوں پہلے تینوں نمبرز آپکے نانی کے,1
سندھ حکومت گندم کی ذخیرہ اندوزی کرہی جسکی وجہ سے آٹے کی دام مہنگے ہورہے سندھ حکومت نے وفاقی حکومت کو ناکام بنانے کے لیے گھٹیا ہتھکنڈے استعمال کرنا شروع کردیے کوئی شرم کوئی حیا,1
ان محترم کا نام خواجہ آصف ہے کے الیکشن سے پہلے امریکہ کو اپنی خدمات پیش کرتے ہوئے کہ رہے تھے کہ تحریک انصاف مزہبی انتہاپسندی میں یقین رکھتی ہے اور نون لیگ مزہبی طور پر قدامت پسند اور لبرل ہے,1
اشتہاری بگوڑہ شریف کی اپیل مسترد,1
معلوم اور نامعلوم اور بہنچھود کون,1
یوم سیاہ بھارتی فوج کی مقبوضہ کشمیر میں بدترین ریاستی دہشت گردی پراقوام متحدہ کی خاموشی افسوس ناک ہے,0
مافیا کا دلا ہے بغیرت خبیث انسان,1
سننے والوں کو فقط فرضی بیاں لگتا ہے تیرا ہر بول میرے دل پر یہاں لگتا ہے اک تیرے بعد کوئی شخص کہیں پر بھی ہو ہو بھلے ڈھیر حسیں دل کو کہاں لگتا ہے,0
جب پاکستان کو چور پڑے تو تم نیوٹرل ھو گئے یہ تمہارے غدار ھونے کی سب سے بڑی دلیل ھے,1
یہ سارے پاکستان کو کیپٹن صفدر ہی سمجھتے ہیں کہ جو یہ کہیں گے سب مان لیں گے کوئی انہیں بتائے یہ اکیسویں صدی میں رہ رہے ہیں فرعون کے دور میں نہیں,0
عمران فتنے کیلئے پہلی گرفتاری دینے والے سینیٹر ولید اقبال کی والدہ نے جیل بھرو تحریک کمپر شدید تنقید کردی کہتی ہیں عمران خان لیڈر بنا پھرتا ہے خود ضمانت قبل از گرفتاری کروالی اور دوسروں کے بچوں کو جیل جانے کا کہتا ہے,1
میڈیائی سستی شہرت کے لئے ججز نے ایک سماعت کے فیصلے کو دن لٹکایا کیونکہ عوامی کیسوں کو نمٹانے سے کوئی رپوٹر بھی گھاس نہیں ڈالتا عمران خان کے سیاست میں آنے سے پہلے عوام کو چیف جسٹس کےنام تک کابھی نا پتہ ہوتا تھا اور نا ہی پتہ کرنے کی دلچسپی,1
سچا عاشق رسول صلی اللہ علیہ و آلہ وسلم,0
یہ تصاویر پاکستان کے ان صحافتی گدھوں کے لیے ہیں اور ایک چھتری کو لے کر پاکستان کی کامیاب سفارت کاری کو ناکام دکھانے کی کوشش کر رہے ہیں تاکہ بھارتی لابی کو خوش کیا جا سکے,1
یہ دیکھ لو پٹواریوں دوپ کے مر جاؤ مریم نانی جھوٹ کی پیداوار ہو تم ہر وقت بہانے بہانے سے عمران خان کا نام لینے کی کوششیں نہ کیا کرو,1
دو عظیم رہنماؤں کے قول ارطغرل غازی جس کا کوئی خواب نہیں اسکا کوئی مستقبل نہیں عمران خان ہمیشہ بڑے خواب دیکھو کچھ بڑا سوچو گے تو بڑا کرو گے,1
تحریک انصاف اپنوں کو نوازنے کی روش پر چل پڑی ڈیجیٹل میڈیا سیل میں گریڈ اور کے برابر اسکیل کیلئے پارٹی کے سوشل میڈیا اراکین کو تعینات کردیا,0
اسٹیبلشمنٹ اپنی غلطیوں کو سدھارنے کی بجائے حافظ سانپ ٹیکنوکریٹ سسٹم کو لا کر ملک کو مزید تباہ کرنا چاہتے ہیں عوام کی امنگوں کے مطابق فیصلہ صرف الیکشن ہیں,0
اب خان کو روکنا مشکل ہی نہیں بلکہ نا ممکن ہے,0
یار تو ہن رین دے سائفر دی تفتیش پچاس ہزار دفعہ نئی او ہونی نا چاٹ اپنا تھوک یوتھیوں کو کیا بیچے گا نقلی آزادی لے گا چوروں اور ڈاکووں کے ساتھ بیٹھے گا اور پھر یہ تیسرا راستہ بھی نہیں یہ تو وہی راستہ ہے جو گیدڑوں نے بتایا تھا تو نے تو تکڑے شیر سے لینی تھی,0
ریاست مدینہ کا پہلا عملی نمونہ آپ کیسامنے پیش ہے,0
کوئی اس حرام کے جنے کو بولے کہ جتنا تجھے پتا ہے سب بتا دے اگر تیری پیدائش ایک باپ کی ہے تو بتا سارا کچھ بیغیرتی کا اونچے مرتبے پر فائز ہے تو بھروے مہربانی کے کے میرا پیغام پہنچا دیں اس حرامی کو,1
پاکستان میں مہنگائی ہوتی ہے تو اپوزیشن عمران خان کو مورد الزام ٹھہراتی ہے جب مجھ جیسے بیرون ملک پاکستانی دنیا جہاں میں مہنگائی کی بات کرتے ہیں تو پٹواری ہمیں گالیاں دیتے ہیں انگلینڈ میں مہنگائی کے علاوہ دنیا کا بلند ترین ٹیکس سسٹم ہے آمدنی کا سے فیصد ٹیکس میں جاتا یے,1
کیوں ساری مراعات تمہارے بھگوڑی بھگوڑے کے لیے ہیں وہ لیڈر ہے اس کروڑ کا اسکا حق ہے,1
نوازشریف کی اصلی قوم کا تو پتہ نہیں مگر کچھ بٹ اسے بٹ سمجھتے ہیں اسی طرح بعض لوہار اسے لوہار سمجھتے ہیں کچھ آرائیں اسے میاں لکھنے کی وجہ سے آرائیں سمجھتے ہیں کچھ بے غیرت اسے اپنی قوم کا ہیرو سمجھتے ہیں,1
خواجے تھوڑا منہ تو اپر کر آخخ تھو دلے لوک گندی ویڈیو والی دو,1
کا ابھی شہباز سرکار سے کوٸی واسطہ نہیں اور پروٹوکول دیکھیں ویسے سوچنے والی بات جب شہباز حکومت پروٹوکول نہیں دے رہی تو کس کے پروں پہ اڑ رہی نانی,1
اگر فوج کتا ہے تو عدلیہ کتی ہے,1
إنا لله وإنـا إليه راجعون کیا نوازشریف اپنی ماں کو کندھا دینے ائے گا,1
کتنا سادہ دور تھا نون لیگ پی پی پی کو اور پی پی نون لیگ کو چور بول کر عوام سے ووٹ لے لیتی تھی اور جو پارٹی جیت جاتی مولانا ڈیزل اسکا اور پھر عمران خان آگیا تینوں میں صلح کروانے,1
یہ بہن چود کہتا تھا یہ شوبازی ہوتی ہے منافق آدمی اب یہ شوبازی نہیں کیا یہ وزیراعظم کا کام ہے,1
بوٹ کو عزت دو نیا ترانہ,0
اچھا تو اس لیے بہچاری پاگل ہو گئی ہے,0
آپ کیا سمجھتی ہیں ان ٹوچوں سے جنھیں انصافینز اپنا دشمن نمبر سمجھتے ہیں ٹویٹ کروا کے آپ اپنا امیج بہتر بنا لیں تو یہ آپ کی بھول ھے آپ کی کارکردگی ھوتی تو فرمائشی ٹویٹ نا کروانے پڑتے نظریاتی آپ کتنی یہ آپ بارپارٹی چھوڑ کربتاچکی ہی,1
پٹواری کی بھی کیا زندگی ہے امی سارا دن والی لائن میں ابا پیٹرول والی لائن میں اور بیٹا فیسبک پر شیر آیا شیر آیا کہتے ہوئے,0
عوام کو غزوہ ہند کی بتی کے پیچھے لگا کے خود بیلجئیم میں محل بنا رہے ہو,0
وزیر اعظم شہباز شریف کی حکومت ہارس ٹریڈنگ کے ذریعے آئی ہے جس نے کروڑ روپے دے کر لوگوں کو خریدا جنرل باجوہ نے ان کی مدد کی,0
اس تیسری مخلوق بلاول کو اور نے ایسے کاغذ لکھ کر دیے ہوئے ہیں لیکن یہ پاکستانی قوم کے ڈی این اے سے شاید واقف نہیں سے جا کر پوچھو بلاول زرداری,0
کسی بھی وقت مجھے گرفتار کیا جاسکتا ہے چائنہ کا ارتغرل,0
جب ایمان ڈالر بن جائے اور ضمیر ٹکوں میں بک جائے پھر ایسے سپہ سالار ہی پیدا ہوتے ہیں,1
سندھ حکومت معاملات کو سمجھنے اور بروقت صحیح فیصلےکرنےمیں بری طرح ناکام ہوئی ہے غلط وقت پہ لاک ڈاون اورانعقادصرف میڈیاپرغریب عوام کومددکی عدم ترسیل اورحیلوں بہانوں کی بھرمار مرادعلی شاہ یہ کروڑوں سندھ واسیوں کی زندگی موت کاسوال ہےعقل کےناخن لیں نہیں کرسکتےگھر جائیں,1
کشمیر ہمارا ہے اور انڈیا کے بھی ٹکرے کرے گے,1
پاکستانیوں تیار ہو جاؤ یہ امپورٹڈ ٹولا پٹرول کی قیمت روپے فی لیٹر کرنے جا رہا یے,0
بات ىه هے که جب هم بھارتى چائے والوں کا منه توڑ رهے هوتے هىں تو پىچھے سے پٹوارى اپنى بکواس شروع کر دیتے هىں اور کپت,0
حال ہی میں کی بھونکواس سے مالک بھونتل گئے اور از روئے احتیاط ٹھنڈے علاقے میں رکھے اپنے لاڈلے پالتو کے منہ پر چھکو چڑھا دیا کیونکہ انتہائی نازک موڑ پر مالک مزید کوئی بھونکواس افورڈ نہیں کر سکتے,1
بہت اعلی تحریر ہے عدالتی نظام کے منہ پر طمانچہ,0
رانا ثناء کی اتنی اوقات نہیں ہے اصل قاتل باجوہ جنرل ندیم جنرل فیصل نصیر ہیں,0
اگر بادشاہی کرنی ہے تو لوگوں کی کمزوریوں کو اپنی طاقت بناو ان کو شعور مت دوغلام بناو غلام موجودہ زمانے میں رہتا ہے وہ اپنے کل کا نہیں سوچتا اس کو یہ بھی پتہ نہیں ہوتا کہ میرے حقوق کیا ہیں پھر تم جو مرضی کرو دنیا کی کوئی طاقت تمہارا کچھ نہیں بگاڑ سکتی,1
ہر میٹنگ میں باجوہ ہم پر اسرائیل کو تسلیم کرنے اور عوامی رائے عامہ اسرائیل کے حق میں ہموار کرنے کیلئے بہت دباؤ ڈالتا تھا صحافی صابر شاکر,0
اور پھر پتہ یہ چلا کہ کہ نہ چھری خربوزے پہ گری اور نہ خربوزہ چھری پہ اور ثابت یہ ہوا کہ میری ناک بہت تیز ہے سونگھ لیا تھا کہ کسی گڑبڑ میں مصروف ہے,0
چوروں کے کرپٹ ٹولے نے جس چور کا نام نگراں وزیراعلی پنجاب کے لیے نامزد کیا ہے ذرا ان کے کارنامے ملاحظہ فرمائیے جوجتنا زیادہ کرپٹ ہوگا اتنا ہی ذیادہ اس کی نظروں میں معتبر ہوگا,0
صحافی کا تعلق کسی خاص جماعت فرقے قبیلے اور قوم سے نہیں ہے لیکن کچھ صحافی خود کو سیاسی جماعتوں سے وابستہ کر لیتے اور لفافہ صحافی بن جاتے ہیں جس سے صحافت کی بدنامی ہورہی ہےصحافت کا پیشہ کسی حد تک غیرجانبدار نہیں رہا,0
یعنی جسے دیمک لگی جاتی تھی وہ میں تھا اب آ کے میرا میری طرف دھیان گیا ہے,0
جی نہیں آپ خبریں پڑھنے کی ضہمت کر لیجیے,0
یہ سب غدار ثابت ہوئے ہیں پاکستان میں غداروں کی کوئی جگہ نہیں,1
جس کی بیوی چور ہو وہ دوسروں کو کیا چوری سے روکے گا,1
کہ تمہاری حرکتیں ٹھیک نہیں لیکن تم اتنی غلیظ اور گھٹیا حرکتوں پہ اؤ گی اندازہ نہیں تھا,1
انکل کی لاڈلی کون ہے پاکستانیو,0
ہر غیرت مند اور خودار پاکستانی کی دل کی آواز,0
مولاناطارق جمیل سے معافی کا مطالبہ کرنےوالے کیا اپنےاپنےجھوٹ بولنےپر معافی مانگے گےیا سب چپ کا روزے رکھیں گے ڈاکٹر فضا اکبر کے ہاتھوں چور ڈاکوؤں مولانا ڈیزل سمیت نامور لفافیوں کی تاریخی چھترول,1
سب کہہ رہے ہیں کہ نہ بجلی ہےنہ گیس ہےنہ پانی تو پاکستان پتھر کے دور میں واپس آگیا ہے اسکو جھٹلانے سے بہتر ہے کہ ہر بندہ دو دو پتھر اٹھائے اور پی ڈی ایم کے لوگوں کی منجی ٹھوک کر رکھ دے,0
خاقان عباسی نے مریم نواز کی انگلی لینے سے صاف انکار کر دیا مجھے ہو گیا ھے اور وینٹی لیٹر پر ہوں لہزا مسلم لیک نواز کی صدارت کیلئے کسی اور کو پاگل بنایا جائے,1
اب احتساب کا وہ کلہاڑا چلے گا جو کرپشن اور مافیاز کی جڑ کاٹ دے گا انشا اللہ,1
نوازشریف مرضی کا فوجی چیف لا کر سب سے پہلے مجھے اپنے راستے سے ہٹوائے گا خان صاحب,1
اختر مینگل اور فضل الرحمن پارٹی والے رکوڈیک سے اربوں کی کک بیکس لینے کیلیے موڈ دکھا رہیں ہیں یہ چور کے بچے بلیک میلر اسی تنخواہ پر کام کریں گے,1
نوازشریف کی ضمانت دینے والا شہبازشریف مجرم نہیں کیونکہ اس نےتوفیصلےکی قیمت ادا کی ھوگی مجرم صرف اورصرف وہ وکیل اورجج ھیں جنہوں نےاربوں روپےچرانے والےسزایافتہ مجرم کی صرف پچاس روپےکےسٹامپ پیپرپرضمانت قبول کی سورکےبچو مجرم کی ضمانت کا قانون کیا اتنا ھی بانجھ ھے,1
سوال تو بنتا ہے اتنا پیسہ کہاں سی آیا اقوام متحدہ کا صدر دفتر نیویارک میں واقع ہے جس کا ایڈریس ایسٹ سٹریٹ میں واقع ہے اور اس کا ٹائم سکویئر سے فاصلہ قریبا میل ہے اور یہ فاصلہ پیدل سے منٹ میں طے ہوتا ہے جاری,1
جب گاوں کے سارے چور اکٹھے ہو جائے تو سمجھو تھانیدار ایماندار آیا ہوا ہے,1
آج قبروں پر بھی ٹیکس لگا دیا گیا زرا ملاحظہ کریں تین بیشرموں کے حکومت پر قابض ہونے سے پہلے کے بیانات,1
تمام مریدین اس گوری کو فالو کرو اور اسکا حوصلہ بڑھاؤ اس گوری نے پی پی اور پی ٹی ایم والوں کے اندر پورا بازو دیا ہوا ہے لنک نیچے ہے,1
مریم نواز کے پالتو اسد طور کی شفا یوسفزئی کے بارے فضول اور گھٹیا گفتگو جس پر شفا یوسفزئی اس بدمعاش کے خلاف عدالت چلی گئی تھی,1
تو ناظرین خبر یہ ہے کہ ماڈل ٹاؤن رپورٹ اپریل تک پبلک کی جا رہی ہے مختارے نے انی پا دتی اے,1
جو مرضی کر لو جیسے مرضی پابندی لگا لو میں یہ کراس مٹا کے دیکھاوں گا اور اگلے دن خان نے پنجاب اسمبلی میں اعتماد کا ووٹ لے کے دکھا بھی دیا,1
شو باز غدار کو مودی را امریکی غدار کو کرپٹ کو آیئن پارلیمنٹ کے غدار کو پھانسی دو غدار بھکاری پٹواری غدار نامنظور امپورٹڈحکومتنامنظور تھوڑی تعیلم حاصل کرءں جاھل غدار نہ کہلاییں,1
سندھ میں پیپلزپارٹی کی حکومت میں کتے کے کاٹنے سے سالہ بچہ زیشان ویکسین نہ ملنے کی وجہ سے دم توڑ گیا لیکن پھر بھی بلاول زرداری کو شرم نہیں آتی عوام کا سارا بجٹ بلاول ہاؤس میں چوری کر رہا ہے,1
جب سیاستدان ڈر کر کوٸی فیصلہ کرتا ھےاکثر ایسا ھوتا آیا ھے کوئی اور اس چیز کا فائدہ اٹھاتا ہے اب امید کرتے ھیں کہ سیاستدان ڈر کر یا بلیک میل ھوکر نہ سلیکشن کرے گا اور نہ ایکسٹنشن دے گا انشاءاللہ پاکستان اس دلدل سے نکل جاۓگا,0
کیا یہ کہنا درست ہو گا کہ الیکٹبلز کی سیاست تیزی سے ختم ہوتی جا رہی ہے,0
جس طرح ملک ریاض نے پاکستانی عظمی سے سودے بازی کرکے اپنا سارا کالا دھندا سفید کروا لیا تھا اسی طرح اس نےبرطانیہ میں حکام سے مک مکا کرکے کروڑ پاؤنڈ جرمانہ دے کر اپنا الو سیدھا کرلیا ملک ریاض کے خلاف خبر نہیں چھپ نہیں سکتی تھی,0
اپنا ہی سایہ دیکھ کہ تم جان جہاں شرما گئیے ابھی تو یہ پہلی منزل ہے تم تو ابھی سے گھبرا گئے,0
اب اوورسیز اپنا بدلہ لیں گے برگر سے مت پنگا لو,0
ایک وقت یا زکر ہے کی نواز شریف مودی کی تقریب حلف برداری میں گیا اس وقت طلعت حسین نے لفافت نہیں اپنائی تھی زرا سنیں طلعت کا بے لاگ تجزیہ,1
جس چوری کا اعتراف آپکا لیڈر خود کر چکا ہے آپ لوگ تو ڈھٹائی سے اسے بھی کرتے ہیں کم از کم مدینہ کی ریاست کا راگ الاپنا ہی چھوڑ دیں,0
یہ بہت بڑا بے غیرت ہے کبھی استعفی نہیں دے گے اس کتے کو کھینچ کے باہر نکالنا ہو گا چاہے کتنی قربانی دینی پڑے,1
بھائی جان چٹکی کاٹنے والی بات آپ ہی نے رپورٹ کی تھی اب خود ہی ان کی تردید چھاپ رہے ہیں اتنا تو بتا دیں کہ جھوٹ آپ نے بولا تھا یہ وہ بول رہے ہیں,0
ابھی اس بندے کا ظرف بہت زیادہ ہے اگر ابھی عوام سے کہہ دے چڑھ جاؤ اس کی لاش پر سے گزر جائیں گے اور تمہاری بندوقیں بند ہو جائیں گی,0
پاکستان کی جمہوریت میں ڈوگڈوگی فوج کے اعلی افسران کے ہاتھ میں ہے ہر کرپٹ اس کرپٹ فوجی افسر کے سامنے ناچ رہا ہے,1
بہت نفرت کمائی نون لیگ نے مستحک بھی تھی کماتی رہے گی لگتا ہے,0
جو کم تھا وہ لکھ دیا ہے معذرت دے نال زیرو ڈگریز گیلے بال چلی جا رہی ہے مستانی کسی کا پراکسی ووٹ رجسٹر کرانے فٹے منہ دے نال,1
نواز شریف کی لندن کو گوالمنڈی سمجھتے ہوۓ لاکڈاؤن کی خلاف ورزی لندن پولیس کانواز شریف کی طرف سے لاک ڈاؤن کی خلاف ورزی کا نوٹس لیتے ہوۓ مقامی پولیس کو انکوائری کا حکم,1
جب آرمی چیف کا مدت ملازمت ختم ھوتا ھے تو نیازی پریشان ھوتا ھے کورٹ جاتا ھے کم ذلیل ھوتا ھے آرٹیکل میں ترمیم کے لئے نواز زرداری کے پاس آتا ھے زیادہ ذلیل ھوتا ھے,0
شہباز گل کے ہاتھوں بلاول کی چھترول سندھ کا سارا بجٹ اعیان ایکسپریس کے زریعے دوبئی اور کینیڈا ٹرانسفر ہوتا ہے ارب کرونا کے کھاتے میں ڈالے لیکن ایک ویکسین نہیں خریدی بلاول کو گدھے اسلیے نظر آتے ہیں کیونکہ سندھ کے اکثر سکولوں میں گدھے بندھے ہیں سنیے,1
لاڈو رانی کے لاڈ اٹھانے سے فرصت مل گئی ہو تو کچھ ملک اور عوام کا بھی سوچ لو,0
عمران خان نے کہا کہ شدت پسندی میں تیزی اچانک نہیں آئی آہستہ آہستہ جب وہ آئے تو انھیں ری ہیبلٹیٹ نہیں کیا گیا جو ہم نے فیصلہ کیا تھا ہمیں خوف تھا کہ اگر ان پر توجہ نہ دی گئی تو پھر جگہ جگہ دہشتگردی شروع ہو جائے گی جو ہو گئی ہے,0
منحوس کہتاتھا کہ کوئی فوجی جوان شہید ہوجائے تو راتوں کی نیند اڑ جاتی ہے بے غیرت جاتے جاتے ارب کےاثاثے بنا گیا یہ فرق ہوتا ہے اپنے اور دوسروں کے بچوں میں,1
ماموں کے بیٹے کامران کے بعد پیش خدمت ہے میرے نام ایک پلاٹ جس کی قیمت,0
ہماری جوانی تحریک لبیک پاکستان پر قربان,0
عدلیہ عدلیہ کسی بھی ملک کی ہو قانون آئین کی بالادستی بغیر کسی پریشر کے پاکستان میں لا قانونیت کی وجہ عدلیہ ہے,0
اویس نورانی کا محمد زبیر کی موجودگی میں انکے والد پر حملہ کیا اور والد کی تضحیک لیکن اسٹیج پر کھڑے محمد زبیر کو سانپ سونگھ گیا مجال ہے کہ کوئی ایک لفظ بولا ہو سیاسی مفاد کے لیے اپنے والد کی توہین بھی برداشت ہے بےشرمی بیغیرتی کے اعلی درجے ہر فائر ہے یہ بندہ,0
امپورٹڈ غلام ھم کیو پریشان ہو جائے اگر پریشان ہونا ہے تو تم کو ہونی چاہئے کیونکہ غلام تم لوگ ڈکلیئر ہو گئے غلامو,0
یہ دنیا جیسی ہے اسی انداز میں اس کو جینا چاہئے,0
نواز شریف کی بیوی فوت ہوئی تو کئ دن رہا ہو گیاشہبازشریف کی ماں فوت ہوئی تو کئ دن رہائی مل گئحمزہ شہباز کی دادی فوت ہوئی کئ دن کےلیے رہا ہوا میرشکیل کا بہنوئی فوت ہوا تو کئ دن رہا ہو گیا غریب قیدی کا بیٹا فوت ہوجائے تو پہلے تو رہائی نہی ملتی اگر مل بھی جائے دس منٹ تک,0
ابھی تو بج کر منٹ ھوے ھین کیا ھو گیا ھے اپ کو ہار,0
یہ اس زمین کی بات کر رہا ہے جو اسکو ملک ریاض نے بے غیرتی کرنے کے عوض عطا کی تھی,1
مودی وحشی درندے تم انسان کے نام پر ایک حیوان ہوں جس کا دل پتھر کا ہے,0
فاشسزم کی انتہا ہو گئی بغیر کسی وارنٹ یا ایف آئی آر کے تحریک انصاف کے رہنما عامر ڈاگر گرفتار لعنت بیغیرت بیشرم آئین شکن جرنیلوں,1
یہ شخص جیل کب جا رہا ہے,0
ہزارویں مرتبہ اپنے آپ کو حضرت محمد سے اور اپنی بکواس کو ان کی دعوت اسلام سےتشبیح دیتے ہوئے,0
پورے پاکستان میں عمران خان اور اس کی پارٹی حکومت بناے گی میں ڈیزل کا نام و نشان تک نظر نہیں آئے گا ان شاءاللہ اس منافق کی تصویر کی بجاے ڈیزل کنٹینر لگا دیتے بہت اچھا ہوتا کاشف بھائ,1
اچھا ہے نیوٹرلز خود ہی اس طرح کا بیکار بکاؤ مال اور کچرا خرید خرید کر پی ٹی آئی کو گندگی سے پاک اور صاف کر رہے ہیں جنرل باجوہ کے ان تمام اقدامات کیلئے پی ٹی آئی دل کی گہرائیوں سے جنرل باجوہ اور ان کے ساتھ شامل دیگر نیوٹرلز کی شکر گزار ہے یدو,1
ہماری بیٹی کا میسج جنرل باجوہ اور بندیال کیلیے یے,1
باجوہ عرف بندیال بغلور غدار گھر جاؤ پاکستان کی پر رحم کرو سال کھا لیا ہے تم لوگوں نے تم لوگ ارب کا بجٹ لیتے ہو اور بعد میں ہم عوام کو باجوہ جیسے غدار جرنلز دیتے ہو,1
اگر نیچ خون کی پیداوار دیکھنی ہو تو سلیم ٹافی کو دیکھیں,1
زرداری صاحب سے درخواست کریں اور جواب لے دیں کھرب کہاں لگا سہولیات کیسی کتنے بنے کس ضلع میں پیسہ لگا کتنے ڈاکٹرز تعینات اور کتنے آن گراؤنڈ کتنے نئے وارڈ اور یونٹس کھلے کرپشنبینظیرزرداری,1
باجوہ غدار باجوہ قاتل وہ شہید ہوکر تاریخی جیت ہاصل کرچکا تو زندہ رہ کر شکست دائم پاگیا وہ میرے پیارے حسنین کے صف میں جگہ بنا گیا تو یزیدی نام جیت گیا تیرے پورے خاندان اور نسل پر لعنت بیشمار,1
ماہ میں مرتبہ کراچی بلدیاتی انتخابات ملتوی کئے گئے گھنٹے میں اتنے کم ٹرن آؤٹ کے ساتھ یہ رزلٹ جاری کیا کیا الیکشن سمندر کے نیچے ہو رہے تھے یا مریخ پر ان کی مقبولیت کا گراف زیرو پر ہے پھر کیسے ان کے ووٹوں کو پر لگ گئے ڈاکٹر افتخار درانی,0
نسل در نسل زہنی غلام ایک ضمانتی مجرمہ کا استقبال ملاحظہ فرمائیں,0
اکیسویں صدی کا سندھ پیرس اور روم بننے کی طرف تیزی سے گامزن جیے بھٹو,1
صافی صاحب جے یو آئی ف جوائن کرلیں باقاعدہ طور پر کیونکہ آپ صحافی نہیں ھے صحافی کا کام خبر دینا ھوتا ھے نہ کہ سیاہ سی بیان بازیاں,1
چورنی کوئی ہے جو تمہیں دل کی گہرائیوں سے یاد کر رہا ہے,0
کہا جا رہا ہے کہ سرمد سلطان واپس آ گیا ہے,0
ہم والے خاموش ہیں لیکن پٹواریوں میں اگر کوی غیرت رہ گی ہے تو چلو بھر پانی میں ڈوب مرو,1
خان صاحب جیو نیوز انثار عباسی اور سلیم لفافی کا بیڑا غرق کر دیا,1
ن لیگ کا اگلے الیکشن کیلئے نیا نعرہ مریم نواز کو استری دو پرویز رشید کو استرا دو بھلے ووٹ کو عزت دو یا نا دو,0
اسلام آباد پولیس نے ڈاکٹر شہباز گل کے نازک حصوں پر تشدد کیا حامد میر اس کرمنل حکومت پر لعنت اسکے ہینڈلرز بغلولوں کے جتھے پر لعنت بیشمار,1
ویسے جو چورن مریم نواز نے لفافیوں خاص کر حامد میر کے زریعے بکوایا یے وہ ہمسائیہ ممالک میں منہ مانگے داموں بکا ہے یاد رکھو غداروں کا ایک ٹولا جو وطن کا نہیں وہ اپنی ماں کا بھی نہیں,1
خبر میں واقعیہ میں ابہام پیدا کرنے والے کو اللہ کی کتاب میں منافق کہا گیا ھے,0
سنا ہے افغانستان میں بھارت کے سفارت خانے پر حملہ سے زیادہ کتے مر چکے ہیں,0
چور غدار کرپٹ پہلے کہتے تھے عمران خان نے آئی ایم ایف سے ایسے معاہدے کئے کہ پیٹرولیم مصنوعات کی قیمتیں بڑھانا پر رہی ہیں دو,0
پچھلی حکومتوں کے گند کی صفائ جاری حکومت نے مشکوک جعلی ڈگری والے پائلٹس کے نام ویب سائیٹ پہ شئیر کرتے ہوۓ انہیں جہاز اڑانے سے روک دیا ہےان سب مشکوک پائلٹس کو سے پہلے نون اور دور میں ملی بھگت سے بھرتی کیا گیا جس کی وجہ سے ان سیاسی جماعتوں کو اس کاروائ سے تکلیف ہو رہی ہے,1
تہاڈا چاچا گانڈو نکلے کرو مینشن ڈی جی نوں,1
جسم کے پوجاریوں کیلئے سرعام پھانسی پر فضل الرحمن کا بھی سنیئے موٹروے واقعے کئ روز گئے لیکن اس کے دماغ میں ابھی تک کچھ نہیں,1
شہبازشریف جب سے آیا ہے کبھی ماہرین سے ملتا ہے کبھی کسی سے مشورے کرتا ہے اور بقول لفافے سے بھی ملاقاتیں اور فیصلے کررہا ہے مگر ابھی تک مریم سے نہیں ملا کیوں,1
سنیے حسن نثار کے نیوٹرل کی تعریف,0
ارب برطانیہ کے بینکوں سے نکل کر قومی خزانے میں آ چکے ہیں لیکن حکومت خوش ہونے کے بجائے کومے میں چلی گئ مطلب سلیکٹرز حصے دار ہیں,0
مہینے پہلے کی صنعتی ترقی اور آج کی صنعتی بد حالی ملاحظہ کریں باجوے اللہ کرے کہ تجھے اس دھرتی کی مٹی بھی نصیب نا ہو,1
کیا اس حکومت کے ہر ادارے نے جنگل سمجھ رکھا ہے ہر ادارہ صرف اور صرف قانون توڑنے پہ لگا ہوا ہے کون شہریوں کو بازیاب کرائے گا اور حکومت کے اداروں کو قانون کا پابند بنائے گا,0
جو خود مختار اور آذاد ریاست کی جنگ خان صاحب نے عوام کے ساتھ مل کر شروع کی تب تک جاری رہے گی جب تک ہماری فتح نا ہو جائے کیونکہ اب ہے,0
عدالتیں کونسی دودھ کی دھلی ہوئی ہیںاس ملک کا تمام نظام ہی کرپٹ ہے,1
ابھی تک کتے والی ہو رہی ہے,1
نیازی کو اگر کوئی کہے اپنے سگے باپ کو گالیاں دینے سے حکومت ملے گی تو یہ منافق غدار وطن نشوئی اپنے باپ دادا پڑ دادا اپنی ساری نسل کو ننگی گالیاں دینا شروع کر دے گا,1
جس نے اپنی موت کو دعوت دینی ہو وہ خان کو گرفتار کر کے دکھائے یہ کنجری بہت پھدک رہی تھی کہ میرا لیڈر ڈر کر پشاور بیٹھا ہے,1
بیٹا لگا رہ جھوٹ گھڑنے تجھے مریم سے لفافہ نہیں ملنا,1
جس نے اڑا دی ہے نیند کرپٹ مافیا کی جس کا ہر بندہ ہوگیا ہے دشمن اس سے ہر میدان میں جیتنا اور اسے روکنا اب نا ممکن ہے,0
لگتا ہے خواجہ صاحب نے بھی کپی لگا لی یے,1
یہ جانتے یوئے بھی کہ خان صاحب کی زندگی کو شدید خطرات ہیں خان صاحب کی گاڑی عدالت کے احاطے سے باہر کھڑی کی گئی اور احاطے میں غیر متعلقہ افراد کی بھر مار تھی یہ امپورٹڈ کرمنل سرکار خان صاحب کی زندگی کے ساتھ کھیل رہی ہے,1
بکواس سن لو اس اردو بولنے والے کی,0
وزیر اطلاعات سی پیک چئیرمین عاصم باجوہ کا ذکر خیر فرماتے ہوئے,0
یہ انسانوں کے بستی میں کتے کیوں راج کررہے ہیں کیا ظلم ہے یار کوئی اتنا بے غیرت کیسے ہوسکتا ہے,1
بھگوڑے کو پلیٹوں کی کمی ہے بھگوڑی کو عقل کی کمی ہے پارٹی کو کارکنان کی کمی ہے پٹواریوں کو چھتروں کی کمی ہے لیگی رہنماؤں کو غیرت کی کمی ہے لفافہ صحافیوں کو شرم کی کمی ہے اور مجھے تیری کمی ہے,1
گلی گلی میں شور ہے محسن نقوی چور ہے,1
باقی سب کی واہیاتی ایک جانب لیکن اسمیں بھی کوی شک نہیں کہ عمران خان ایک کمزور لیڈر ہے,1
عرش والے میری توقیر سلامت رکھنا فرش کے سارے خداؤں سے اولجھ بیٹھا ہوں,1
ایسا لگ رہا تھا جیسے کوئی اس کی مرضی کے بغیر اسے دھکیل رہا ہو بھاڑ میں جاؤ,1
سرکاری خرچ پرچارٹرطیاروں پرنہاری اور ہریسےمنگوانے والوں نےوالدہ کی میت کارگوسےبھیج دی اک واری فیر بے شماررررررر,1
اس وقت عمران خان کی پاپولیرٹی کا جو گراف ہے پاکستان تو کیا دنیا کی کوئی قوت عمران خان کو نہیں روک سکتی صدیق جان,0
پی پی کے سندھ میں بدلتےرنگ کراچی انسٹیٹیوٹ آف ہارٹ ڈزیز کے ڈاکٹر فرقان بروقت ونٹی لیٹر نہ ملنے پر وفات پا گئے نفیسہ شاہ وفاقی حکومت پر برس پڑیں صحت اور تعلیم کا شعبہ وفاق کونہیں دیں گےشہلا رضا یہ وینٹی لیٹر کااشونہیںبلکہ وفاق سے مزید پیسے بٹورنے کا ڈرامہ ہے عوامی حلقے,1
کھسرے نیوٹرلز کی پھٹ گئیگوالمنڈی باجوہ کا نک نیم بغلول ہے کو ننگا کرگیا ہماری جڑوں میں بیٹھ چکا ہے باجوہجنرل رانی گوالمنڈی,1
وزیر اعظم عمران خان بھینس عدلیہ کے آگے بین بجاتے ہوئے,1
کس کس طرح سے دھوکہ دیا اب اس کو کیا قوم کو بھی باجوہ پر اعتبار نہیں رہا دائیں دیکھا کر بائیں مارنا کوئی ان سے سکھے,1
پی آئی اے کے جعلی پائیلٹوں نے لاہور ہائی کورٹ میں اپنے خلاف ہونے والی زیادتی پر درخواست جمع کروا دی جو ایمرجنسی بنیادوں پر بروز اتوار ہمارے معزز جج صاحبان سنیں گے وچلے ذرائع,1
اس حرام خور میڈیا کو عوام نے گھاس بھی ڈالنی چھوڑ دی تو آپ نے مجبور ہو کر اپنی ساکھ کے لۓ کچھ بہتر کرنے کی کوشش کی ہے,1
چلو جی اچھا مزاق ہے آج کل مراسیوں کی ٹولیاں وڈے مراسی سے ملنے ایون فیلڈ اپارٹمنٹس آ رہی ہیں دیسی ککڑی اور روغنی نان کھا کر باہر آتے ہیں اور میاں صاحب کی شان میں قصیدے پڑھتے ہیں,1
خدا کے لیے چھوڑ دو ھماری جاں,0
یہ یے پاکستان کا نظام عدل یہ زرداریوں اور شریفوں کے گھر کی باندی ہے اس کفر کے نظام سے پاکستانی کوئی امید نا رکھیں,1
عزت زلت دینے والا اللہ ھے,0
جب اسرائیل کے سربراہ کی امد ھوئی تو تمام ممالک کے سربراہان نے اٹھ کر استقبال کیا جبکہ عمران خان اپنی سیٹ پر بیٹھے رھے یہ ان لوگوں کے لئے شرم کا مقام ہے جو لوگ عمران خان کو یہوی ایجنٹ کہتے ھیں,1
وقت آگیا ہے کہ عوام متحد ہو کر ان زرداریوں اور شریفوں سے ہمیشہ کے لیے چھٹکارا حاصل کر لیں ہمارے ٹکروں پر پلنے والی افواجی اور عدالتی الیٹ ان لٹیروں کے ساتھ مل کر ہمارے پیارے ملک کو نوچ کھسوٹ رہے ہیں,0
سندھ دھرتی کی چیتی سحر عباسی پیپلزپارٹی کو چیرتی پھاڑتی ھوئی اسمبلی میں پوری پارٹی کی شلوار ٱتار دی سنیں,1
بھاگی کی رانی سلطانہ ال بھگوڑل,1
معلوم ہوتا ہے کا سر کو ہاتھ کا درد مسلسل دیے رکھنے کا فیصلہ اٹل ہے عمر سرفراز چیمہ نے عثمان بزدار کے استعفے کی منظوری پر اعتراز اٹھا کر اس سے متعلق قانونی حیثیت مانگ لی,0
ارے کوئی روکو ورنہ یہ سرکاری حاجن اپنے کپڑے پھاڑ کے سڑکوں پہ نکل جائے گی حلال کرنے کے چکر میں,0
تمام ادارے اور سیاسی جماعتوں کے لیڈر یہ سب امریکہ کے پلیئرز ہیں عوام کو بیوقوف بنانے کے لیے الحمد اللہ خان نے سب کو ننگا کردیا اور جو سب سے زیادہ ننگا ہوا ہے اس کھیل میں وہ جنرل باجوہ ہے افسوس تم نے قوم کو کے بیانیئے کے ساتھ کھڑا ہونے پر مجبور کر دیا,1
جب اصل انکوائری ہوگی تو پتہ چلے گا کے خاندان نے کرپشن سے کتنا مال بنایا کتنا ٹیکس دیا آبھی تو سے رپورٹ بنائی ہے آبھی تو بس ایک سوال سے پورے ادارے اسکے گروپ کی کاپیں ٹانگ گی جو پر پردہ ڈالنے کی کوشش کرے ہیں,0
یہ حال ہے میڈیا کا سور کے بچو اگر کوئی خبر نہیں مل رہی مجھ سے رابطہ کر لو پر ایسی چولیں مت دو,1
جس دن کمپنی کا بوٹ اس چور نانی کے سر سے ہٹے گا یہ ننگے پیر اس ملک سے بھاگے گی لکھ لو میری بات,1
چیف جسٹس اطہر من اللہ کی زبان سے میر شکیل الرحمان کا جرم سمجھ لیں زمین ریاست کی ہے ملکیت عوام کی ہے پلاٹ دینا کرپشن کی بدترین شکل ہے,1
جب سے خان صاحب کی حکومت آئی ہے صحافیوں کی آمدنی کمائی صرف یوٹیوب اور مختلف ویب سائٹس ہیں بس,0
یہ حرامخور اب توشہ خانہ ریکارڈ کو بھی آگ نہ لگا دیں,1
صحافت کے لبادے میں چھپے غلاظت کے بھرے ٹوکرے ہیں,0
اب نا پاکستان کی عزت دنیا میں رہی اور نا نیوٹرل کی عزت پاکستان میں رہی کیا حاصل ہوا چھنکنہ,0
یہ ہے اکیسویں صدی سندھ جس میں لوگ پینے کے پانی سے محروم ہیں پبلک ہیلتھ کا اربوں کا بجٹ لیکن سب ریڑھی والے اور فالودے والے کے اکاؤنٹ میں لوگ گٹر کا پانی پینے پر مجبور جیے بھٹو نعرہ بھٹو,1
پاکستان میں کاروباری کمپنیوں کے نظام کی نگرانی کرنے والے ادارے سیکورٹی اینڈ ایکسچینج کمیشن پاکستان ایس ای سی پی نے اپنی آفیشل ویب سائٹ سے جنرلر عاصم سلیم باجوہ کے بیٹوں کی ملکیتی کمپنیوں کا ڈیٹا غائب کرنا شروع کر دیا بھی پھنسے گا,0
عمران خانطکی یہ بات کس کس کو یاد ہیں اصل کامیابی تو یہ ہوتی ہیں آپ کیسے دوبارہ کھڑے ہوتے ہیں شکست کے بعد آپ اپنی شکست کو مطالعہ کرتے ہیں اور پھر کامیابی حاصل کرتے ہیں,0
ایسی دولت کو کیا کریں گے یہ لوگ عزت تو رہی نہیں سڑکوں پر زلیل وکھرا ہو رہے ہیں چور نواز کا بیٹا ببلو لندن کے سڑکوں پر زلیل ہوتے ہوئے,1
بھائی آپ ذرا ریلیکس ہو جائیں کبھی ہنس بھی لیا کریں کچھ بھی کرتے ہوئے ایسا ہو تو فنی لگتا ہے اس کا مذہب سے کوئی تعلق نہیں ایزی ہو جائیں اور خوش رہا کریں,0
رات گئے کی گئی درخواست تو ہم تک پہنچ گئی مگر تمام کوشش کے باوجود بھی زختی ملککمین کا مطلب کہیں سے بھی معلوم نہیں پڑسکا آپ سے ہماری بھی درخواست ہے کہ درخواستیں شام سے پہلے ہی لکھ کر رکھ لیا کریں بعد میں جگ ہنسائی ہوتیرات گئے لفظ انگلیوں اور ذہن کا تال میل تو آپکا رہتا نہیں,1
اگر بادشاہی کرنی ہے تو لوگوں کی کمزوریوں کو اپنی طاقت بناو ان کو شعور مت دو اپنا غلام بناو غلام موجودہ زمانے میں رہتا ہے وہ اپنے کل کا نہیں سوچتا اس کو یہ پتہ نہیں ہوتا کہ میرے حقوق کیا ہیں پھر تم جو مرضی کرو دنیا کی کوئی طاقت تمہارا کچھ نہیں بگاڑ سکتی,1
پاکستان کا بغیرت غدار اور کھوتی کا بچہ باجوہ تھا,1
زندگی اچ کوئی کم لبھ لے,0
فضلو ایسے ہی نہیں مرا جا رہا,1
سر فروشی کی تمنا اب ہمارے دل میں ہے دیکھنا ہے زور کتنا بازوئے قاتل میں ہے,0
کبھی کبھی خاندانی گشتوڑ خون جوش مارتا ہے,1
کتنے بےشرم ہیں خط کو پڑھ کر بھی عہدوں پر قائم ہیں,1
شکریہ نواز شریف تمہاری بےغیرتی کی وجہ سے بلوچستان سے ن لیگ کا خاتمہ ہو گیا جنوبی پنجاب میں ویسے ہی کوئی ووٹ نہیں ن لیگ کا اور رہی بات جی ٹی روڈ بیلٹ کی وہاں سے دو چار دن میں بہت وکٹیں گرتی نظر آئیں گی یہ قوم فوج سے محبت کرتی ہے اور فوج کے خلاف کسی کی بکواس برداشت نہیں کرتی,1
بڑے شریر ہیں یہ لندن والے میاں صاحب کو رات کو بھی چین نہیں لینے دیتے,1
برطانیہ کی نیشنل کرائم ایجنسی نے پاکستان رئیل اسٹیٹ کے ٹائیکون کوملین پاؤنڈ جرمانہ کردیادراصل یہ منی لانڈرنگ کی رقم ہے جو اصلی سسلین مافیا باہر بھیجتا رہا جس کی چوری کی خبر ابھی تک میڈیا پر اس طرح نہیں چلی جس طرح مرچ مصالحوں کے ساتھ خبریں چلتی ہے,0
چوروں کو تسلیم کرنے کا مطلب ملک کے ڈیتھ وارنٹ پر دستخط کرنا ہے عمران خان,0
سندھ پولیس کا ضمیر صحیح وقت پر کبھی نہیں جاگتا عزیر بلوچ کے مطابق اس نے قتل کرنے کےلیے پولیس کی گاڑی کا استعمال کیا اور اپنے اثرورسوخ سے پولیس افسران کےتبادلے کروائے عزیر بلوچ کے اعتراف کےبعد ان پولیس افسران کا ضمیر نہیں جاگاکیپٹن صفدر کی قانون کےمطابق گرفتاری پر جاگ گیا,1
اسٹیبلشمنٹ ابھی بھی نیوٹرل نہیں ہے,0
اور ھم آپ کے اس جہاد میں آپ کے سامنے سیسہ پلائی دیوار بن کر کھڑے رھینگے مرتے دم تک,0
مہتمم جامعہ الرشید کراچی مفتی عبدالرحیم صاحب کا قائد جمعیت حضرت مولانا فضل الرحمان صاحب سے ملاقات نہیںادارےبچاؤ,1
زرا سنیے کہ حکومت کے میڈیا ریگولیٹری اتھارٹی بل کے خلاف کامران شاہد کس طرح بول رہا یے لیکن جب مریم صفدر کی میڈیا مینجمنٹ کی آڈیوز سامنے آئیں تو حلالی نے چپ سادھ لی,1
اب نکے اور ابے کی آرڈینینس فیکٹری کو خود ہی فیصلہ لینے دیا جائے,0
آپ بہت وڈے بیغیرت ہیں اور جو آپ کر رہے ہیں وہ,1
سندھ کا نعرہ ہے بلو رانی سے ہمیں بچانا ہے,1
واہ جی واہ پسلیوں میں گولیاں اور آپریشن ہونے کے کچھ ہی دن بعد ابصار عالم راتب خوروں کی سپر وائزر سے آسکر پرفارمنس پر شاباش لیتے ہوئے,1
پاکستانیو خان کیلیے نہیں اپنے اور اپنے بچوں کے مستقبل کیلیے نکلو ورنہ شریفوں زرداریوں اور فضلانڈوں کی نسلوں کی غلامی کرو گے اور ملکی خود مختاری سے ہاتھ دھو بیٹھو گے,1
مریم بھگوڑی سپریم کورٹ یا آرمی کو گالی دے تو وہ ٹھیک ہے لیکن اگر قوم کا لیڈر عمران خان ایک سوال پوچھ لے وہ غلط ہے ایک عمران خان کے سوال سے اتنی تکلیف تھی آج پوری قوم سوال کر رہی ہے کیوں ان چوروں کو ہم پر مسلط کیا پاکستان میں دو قانون نامنظور,1
جیے عمران خان ہم اپ کے ساتھ ہیں اور رہینگے انشاءاللہ,0
ان دونوں ٹرینڈز کو چھوڑو یہ بتا ٹوچہ خانہ کیا ہے,0
میں ضدی پرندہ ہوں میری اڑان شاہین جیسی میری سلطنت میں وہ قدم نہ رکھے جسے سر جھکانا آتا ہو,0
خان صاحب نے ٹیسٹ کا ارادہ کیا اور پٹواریوں نے لڈو کا او کھوتے کے پتر ٹیسٹ مثبت ہو یا منفی جس انسان کے ساتھ پورے پاکستان کی ماؤں کی دعائیں ہوں اسے منفی اور مثبت سے کوئی فرق نہیں پڑتا اپنی ماں سے پوچھو ملنے کے بعد خان صاحب کو جھولی بھر بھر کے دعا دی تھی کہ نہیں,1
کے نیوکلیر پروگرام کے خلاف سازش ساری توجہ کی وجہ سے اصل مسائل سے ہٹ کر سیاسی دھماچوکڑی پر لگا دی اور دشمن آپ کے نیوکلیر پروگرام کے خلاف کیا کر رھا ھے کوئی خبر نہیں نے اس ویلاگ میں بڑی وضاحت سے بیان کیا,1
اس سب کے پیچھے باجوہ کتا حرامی ہے,1
سوچیں اگر اس ملک پر ہندوستان حملہ کردے تو کیا بحری فضائیہ اور بری فوج کے پاس اتنا تیل ہے کہ ملک کا دفاع کر سکے کہاں پہنچا دیا ہے اس ملک کو کچھ غداروں نے,0
آئی ایم ایف اس وقت قرضہ دے گا جب ان کی شرائط مانی جائیں گی پاکستان میں سری لنکا جیسی صورتحال زیادہ دور نہیں حالات کی بہتری کا واحد راستہ صاف اور شفاف الیکشن ہیں,0
سعودی والے بھی بڑے سیانے ہے انھوں نے بیغرتی کا میڈل دیا ہے اور باجرہ سانپ سمجھ رہا ہے کہ یہ کوئی بہت بڑا ایوارڈ ہے سوچنے والی بات یہ ہے کہ اپنی عوام اس دلے سے استعفی مانگ رہے ہیں اور غیر ملکی لوگ اسے انعامات دے رہے ہیں,1
جیو نیوز کے رپورٹر ارشد وحید چوہدری اپنی کولیگ کو جنسی طور پر ہراساں کرنے میں مجرم ثابت ہوئے سزا ہوئی جرمانہ ہوا مگر نوکری سلامت رہی کسی صحافی کی غیرت نہیں جاگی,1
پٹواریوں کا شیر جو لنڈن بیٹھا ہے اور تم,1
حرامی اولاد اگر تیرا دعوہ ہے کہ تو حلال زادہ ہے تو پاکستان واپس آ,1
جنرل بخشی اس وقت ہاٹ لائن پر جنرل اجے دیوگن برگیڈیر سلمان خان اور کرنل سنیل شیٹھی سے رابطے میں ہیں اور پنجشیر کے معرکے کی پل پل کی خبر لے رہے ہیں,1
ساتھ مل کے کے اور غل خوروں کے,0
جس کی دستخط شدہ قمیض کروڑوں کی بکتی ہے اس پر لاکھوں روپے کی گھڑی توشہ خانے کا الزام ہے,0
چائنا اکنامک کولی ڈور نام ہم نے رکھا ہے طلال چوہدری,1
مادر ملت فاطمہ جناح جب صدارتی الیکشن میں کھڑی ہوئی تو مخالفوں نے قائد کی ہمشیرہ کو بھارتی ایجنٹ قراردیا تھا اور کیا اپکو پتہ ہے کے خلاف ایوب خان کی کمپین کا انچارج ذوالفقار علی بھٹو تھا لعنت بھیج کے جیو,1
اٹھو میرے ملک کے جوانوں اٹھو انقلاب کا وقت ہے آیا,0
دودھ سے تو صرف گھر کا خرچہ چلتا تھا فلیٹ اور دیگر جائیدادیں تو تھاپیاں بیچ کر خریدے ہیں میاں شہباز شریف گجر راۓ ونڈ جاتی امراء کا ویو,1
جنرل چوتڑ داس پین یک سنگھ سکسینا,1
چھ سات سال کا یہ بچہ شوکت خانم ہسپتال سے گردن کے کینسر سے شفا یاب ہو کر واپس مانسہرہ جا رہا ہے اس نے بتایا کہ ایک مہینے سے زیادہ علاج چلا اور اب ہر پندرہ دن بعد کیمو کے لئے آتے ہیں آج تک ہمارا ایک روپیہ نہیں لگا ماسوائے آنے جانے کے کرائے کے,0
تیس نومبر اور تیرہ دسمبر کو ایل پی جی سلنڈر چودہ سو روپے کا خریدا اکیس دسمبر کو پندرہ سو روپے کا خریدا اور آج اٹھارہ سو روپے کا خریدا یقین کریں کہ دل سے بددعا نکلتی ہے ان کیلئے اور انکو مسلط کرنے والے حرامزادوں کیلئے,1
ڈرٹی ہیری پاکستان کو بدترین مشکلات میں ڈال کر دفعہ ہو گیا لعنت ہو اس حرام خور پر جس نے اتنا ظلم کیا ہم پر,1
فردوس عاشق اعوان نے آرمی چیف کی ایکسٹینشن کے خلاف درخواست کو ایک بار پھر مافیا کی کارستانی بتایا مزید کہا کہ اپوزیشن کے رہنماؤں کو اس میں سے مائنس نہیں کر سکتے,1
کہان شروع ہوئی لندن سے کرونا سے ختم ہوئی چھیڑونا میں بیمار ہوں لخ دی لعنت توہاڈے منہ تے,1
یہ کرونا کاٹتا کیسے ہے شرم تو ابھی بھی نہیں آئی ہو گی نکے دے ابا,0
ہمی سیاست سی دور رکہا جائے بیغرتوں کھل کر سامنے آئو عوام کو بیوقوف بناناتی آئیں ہو سالوں سی تم لوگ امریکی اجینٹ ہو غدار ہو امریکی تھووک چاٹنی والی ہو حرام خور آج تک قوم کو بیوقوف بناناتی آئیں ہو,1
نسیم وکی ایک ڈرامہ میں کنجر بنا ہوتا ہے ایک سین میں رو پڑتا ہے اور کہتا ہے اچھا خاصا راجپوتوں کا لڑکا تھا تلواریں اٹھا کر پھرتا تھا ان کنجروں کے پیچھے لگ کے اب شلواریں اٹھا کر پھرتا ہوں,1
عالم اسلام کا لیڈر عمران خان,0
عون چوھرری حلفا کہتا ھوں عمران کا نام لکھیں جس میں ڈاکومنٹس پورے نہیں تھے پھر بھی باب رحمت نے ان کو ادیا,1
آئی ایم ایف نے بھی تصدیق کر دی کہ عمران خان نے پٹرولیم قیمتیں بڑھانے کا کوئی معاہدہ نہیں کیا بلکہ قرضہ لینے کی بجائے ٹیکس جمع کیا پھر وہ کون ہے جس نے پاکستانی معیشیت کی ڈھلوان چڑھتی گاڑی نیوٹرل کر دی,0
جو لوگ عمران خان پر یہودی ایجنٹ کے فتوے لگاتے تھے آج وہی لوگ حکومت میں ھیں اور یہ دوسری دفعہ اسرائیل وفد بھیج رہے ہیں ایک بات ذہن میں رہے کہ رجیم چینج آپریشن انٹرنیشنل اسٹیبلشمنٹ نے اسی لئے کیا تھا کیونکہ وہ عمران خان کو اپنی راہ میں سب سے بڑی رکاوٹ سمجھ رہے تھے,1
ہر روز عمران خان کی حکومت ختم کر کے سوتے ہیں دگڑ دلے,1
سکندر راجہ کی کوئی وڈیو ڈھونڈیں اگر کوئی کام کروانا ہے ورنہ سونے دیں الو کے پٹھے کو,1
باجوا تو باجوا پاکستان کی کیا عزت رہ گئی پیچھے,1
چیف جسٹسوں سے بھری ہوئی دنیا میں آرمی چیف جیسے بن کر رہو اوکے بائی,1
کل رانا ثنااللہ نے پھلجھڑی اڑائ تھی کہ مریم کی گاڑی پر لیزر گن سے فائر کیا گیا آج طلال چوہدری اس سے بھی دور کی کوڑی لاتے ہوۓ بولے کہ ہمارے کارکنوں پر کیمیکل کا چھڑکاؤ کیاگیا اگریہ سب ہواہے توپھر یقین کریں کہ یہ کاروائ بھارت کی ہے اوراس نےاپنے سارےایٹمی میزائل ان پہ آزماۓ ہیں,1
پاکستان کا بگوڑہ افغانستان کا بگوڑہ,1
پٹواریو نیو نعرہ ا گیا ہے وائرل کر دو ہار وی چوری گھڑی وی چوری عمران موری عمران موری,1
افواج پاکستان کی جوابی کاروائی میں افسر س,0
بندہ ڈب کے نا مر جاوے پر مرے او جنا وچ غیرت ہوئے,1
مریم نانی ہمت ھےتو اب کاپی کرکےدیکھاٶ,1
یار پلیز یہ ڈرامے بازی بند کرو ہمیں اب ان جرنیلوں پر اعتبار نہیں,0
بغلول پر آرٹیکل لگانا ضروری ہے کیونکہ اس کی موجودگی میں اسکی کمپنی نے غیروں کے کہنے پر رجیم چینج کی تھی اور یہ اسکی اپنے حلف سے غداری ہے اگر کھیت بچانا چاہتے ہو تو کھیت میں کچھ کوے لٹکانے پڑیں گے,0
وہ مقدس گائے بھی بڑا چور ہے اس وجہ سے چوروں کے ساتھ مل گیا,1
بے بی زرداریکرپشنمنشیات قبضوں سےفرست ملے تو سندھ کے وزیر اعلی اور ان کی پریس کانفرنس کی شوقین کابینہ کو کراچی کی حالت ٹھیک کرنے کی صلاح بھی دے دیں پچھلی بار تو کلین کراچی سے نالے صاف ہوئے اور شہر ڈوبنے سے بچ گیا اب پھر سے ذیادہ بارش آگیا ہے جس سے ذیادہ پانی جمع ہوگیا ہے,1
نارو وال اسپورٹس کمپلیکس کیس میں احسن اقبال بری مگر احسن اقبال سے مطیع یہ تسلیم نہ کروا سکا کہ یہ حرکت اسٹیبلشمنٹ کی تھی سوال پوچھنے پہ احسن صاحب نے جواب دیا یہ عمران خان کی خواہش پہ کیا گیا,0
آج تیرا گھنگرو ڈانس بنتا ہے چست کھسریا,1
سندھد مین جب ھے ھی فرعون کی حکومت تو یہ سب کچ تو پھر ھو گا نا,1
حامد میر جعفر کے ساتھ افسوس کر لیں جناب دو اور مسنگ پرسنز جہنم سدھارگے آج کا کیپیٹل ٹالک کتے کی موت مرنے کے فضائل پر ہو گا,1
رائٹ ٹو پبلک سروسز کمیشن خیبر پختونخوا میں عوامی شکایات کی شنوای پٹواری کو پیسے واپس کرنے کے احکامات جاری ڈی سی ہری پور کو تحصیلدار اور پٹواری کے خلاف انکوائری کر کے رپورٹ کمیشن کے سامنے پیش کرنے کی ہدایت,1
تحریک انصاف کا ایک سیٹ ہارنے پر بھانڈ پنا کرنے والا فریجاں والا کشمیر کا پورا الیکشن ہارنے کے بعد خاموش ہو گیا ہے,1
حزارا پہ احتجاج کی وڈیو میں یہ جو دہشتگری ہے اس کے پیچھے وردی ہے کھا گیا ماشاللہ لگے رہو منا بھائی ہم بھی پکڑتے رہیں گے آپ کو,0
چور کتی اور چوکیدار سب ملے ھوے ہیں,1
یہ سیاپہ ابو ڈاکٹرن کا ڈالا ہو ہے اگر آپ کو یاد ہو ذرا ذرا,0
کرپٹ حکومت کان کھول کر اگر عمران خان کو بدمعاشیہ دیکھانے کے لئے گرفتار گیا تو یاد رکھیں جیسے حالات پیدا ہو جائیں گے موجودہ حکومت کے ہر فرد کو ہندو سمجھا جائے گا اور سیری لنکا جیسے حالات ہو نہی سکیں گے بلکہ ہو جائیں گے فوج دور رہےگی,0
نواز شریف کی بیماری کامذاق بنانے والے آج ایک پلستر دوسرا بواسیر تیسرا گردوں کا مریض اور کارکن ذہنی مریض بنے ہوئے ہیں,1
لاک ڈاؤن کھول کر لوگوں کو ورغلایا نون لیگ نے یہ کیا چیزیں ہیں,0
یاد رہے یہ قوم اب بھل صفائی کے موڈ میں ہے اور ہم سب غداروں کا حساب لیں گے اب چاہے وہ نیوٹرل ٹولہ ہو یا امپورٹڈ ٹولہ,1
قوم جانتی ھے باجوہ بیغیرت بک گیا تھا,1
بی اڑ ٹی منصوبہ کا دوسرا نام مدر آف کرپشن ہے جس سے تحریک انصاف کی حکومت اور اس کے حامی بھر پور طریقے سے فائدہ اٹھاتے ہوئے ہر ادارے کی تعاون اور حمایت سے کرپشن کر رہے ہیں یہی وجہ ہے نہ منصوبہ مکمل ہورہا ہے نہ اس پر ہونے والے کرپشن پر کوئی نوٹس لیتا ہے,0
باجی نوں ساریاں نے ڈچ کر دتا چچچچ,0
سال پہلے اچانک کوفے والے بھی نیوٹرل ہوگئے تھے اور آج تک دنیا ان پر لعنتیں بھیج رہی ہے اس لئے اس بات کو سمجھو اور,1
کھیر پکائی جتنوں سے اس کا آگے والا مصرہ کیا تھا,0
اس طرح کی بےسر و پاجاہلانہ بات ہی منہ سےنکلتی ہے جب ایک شادی شادی کھیلنےوالے تیسرےدرجے کےمارننگ شو کی سطحی ذہنیت رکھنےوالی غیرمعروف سی واجبی عقل وفہم کی مالک ہوسٹ کو سیاست پر گوہر افشانی کرنےکا شوق چرائے تو اس جوش میں اپنی حیثیت اور وزیراعظم کا مرتبہدونوں ہی اسےیاد نہیں رہتے,1
اس قسم کی معلومات کو نفری اور فوجی بجٹ کو کل بجٹ کے فیصد حصہ کے ساتھ پلاٹ کرتے تو اصل صورت حال سامنے آ جاتی یہ گراف سراسر بد دیانتی ہے,0
کبھی غور فرمائیں آپکے آس پاس سب سے بیغیرت انسان کا سپورٹر ہوگا,1
ہم باغی ہیںہم باغی ہیں اور تم غدار ہوتم غدار ہو معافی نہیں ملے گی دو,0
شکریہ ریمبو عائشہ اور اقرار الحسن جو دنیا افغانستان کے مسلے پر پاکستان کے موقف کی حمایت اور تعریف کر رہی یے اب وہ پاکستان کو ریپسٹ ملک پکار رہی یے,1
سعد رضوی گستاخ رسول انڈیا کا ایجنٹ ھے,1
یہ سارا کھیل باجرہ نے کھیلا ہے اور باجرہ اک انسانی نما خنزیر ہےخنزیر کی سب سے بری بات یہ ہے کہ جب اسکی مادہ گرم ہوتی ہے تو وہ اسکے پیچھے خنزیروں کا لائن بناتا ہے اور اس لائن میں وہ سب سے آخر میں کھڑا ہوتا ہے یہ سب آپکو معلوم ہوگا,1
پرانی ویڈیو مل گئی خود سن لیں سلیکٹڈ عمران نیازی ماضی میں کیا کہتا تھے,0
سنی تحریک کے مولویو داڑھی سنت کےمطابق رکھی ہے تواپنے اعمال و افعال کو بھی سنت کےمطابق ڈھالو,0
کتے کے بچے چیر کے رکھ دیں گے تجھے سالے,1
مادرچود صحافیوں کے نام پہ دھبہ ہے تو,1
نہ رہیں لاہور میں نہ رہیں اب اپنے طالبان ونگ سے قتل کی دھمکیوں پہ اتر آئے ہیں,0
ارشد آج بھی خاموش کاش آج تم زندہ ہوتے نومبر ہے ارشد آب تو آجاؤ چلا گیا اج وہ غدار جسکا سب کو انتظار تھا بیڈلی میسینگ یو سر,1
آصفہ اور بختاور بھی بائی ون گیٹ ون فری والے رشتے کی تلاش میں ھی ھیں تاکہ بلو کی کھٹیا بھی ان کی کھٹیا کے ساتھ جڑی رھے بختاور تو نقیب اللہ کا کامیاب تجربہ کرچکی بلو کے ساتھ کم بخت زرداری نے مروا دیا,1
یہ چس آ گئی ہے سنیں عمران خان ان کو گھسیٹ گھسیٹ انتخابات میں لے آئے ہیں,0
ساری بکواس ایک طرف اس نے ملک کے ساتھ ایسا گھناؤنا کھیل کیا دیا نواز شریف اور مافیہ کے تمام کیس ختم اور ملک خزانے مزید کم ہو رہے ہیں,1
باجی کہنا چا رہی ہیں کہ نواز شریف شیر نہیں گدھا یے,1
چین دنیا کا واحد ترقی پذیر ملک ہے جو اپنے خرچے آمدنی کے اندر رکھتا جو بچت ہوتی اسے اپنے لوگوں کو غربت سے نکالنے پر خرچ کردیتا,0
بی آر ٹی اس انصاف کی آئینہ دار ھے,0
نشئی یوں ہی نہیں خواہ مخواہ فرح گوگی کا قبل از وقت دفاع کر رہا تھا اس کو آخر خواب آیا تھا معلوم ہے نا چوالیس آکاونٹ کون لوگ بناتے ہیں,0
پاکستان صحافی پاکستانی ٹوئیٹر پر ہراساں ہونے کی شکایات بھارتی چینلز پر لیکر دن رات جا رہے ہیں دشمن کے پاس جا کر اپنے ملک کو بدنام کرنے والوں پر میری طرف سے ایک مخلصانہ لعنت,1
جب کروائی ہی خود ھے تو ٹویٹ کیسا,0
بینظیر بھٹو کے چچا ممتاز علی بھٹو کے مطابق زرداری خاندان بینک فراڈز میں ملوث تھا اور ایک متوسط بیک گراؤنڈ سے تعلق رکھتا تھا,0
ایک بے غیرت اور بے شرم جو اپنی بیٹی کو ایک ڈرائیور سے نہ بچا سکا اسکے حرام کے پیداوار کہ رھے ھیں وہ ملک کو بچائیگا,1
تاریخ میں لکھا جائے گا کہ مخالفین نے ہر قسم کی سازشیں کیں مگر عمران خان کو شکست نہ دے سکے جب مخالفین کے ناممکن ناممکن کے شور کے درمیان کپتان ایاک نعبد و ایاک نستعین کاعلم تھامے ناممکن کو ممکن بناتے ہوئے کامیابیاں سمیٹتا چلا گیا,0
کون ھے بھلا جو عمران کا رستہ روک سکے کبھی سمندروں کے راستے بھی کوئی روک سکا,0
نیا ٹوسٹ نواز شریف کی لاہور ہائیکورٹ میں پیش کی گئی تازہ ترین میڈیکل رپورٹ میں کہا گیا ہے کہ ڈاکٹرز نے نواز شریف کو کرونا وائرس کے باعث گھر سے نکلنے کو جان لیواقراردے دیاہے نواز شریف کی متعدد بیماریوں کا زکرہے مگر ان کی سیروتفریح کا کہیں زکر نہیں جو وہ اکثر کرتے پاۓ گئے ہیں,1
اب فوج ہمارا عشق نہیں ہمارا بربادی کا سبب بن چکا ہے اس ملک کو دشمن کی ضرورت نہیں باجوہ غدار جب تک ہو,1
نا میری بیٹی دل پر کوئی بات نہیں لینی,0
تو نے جب بھی پکارا ہمیں اے وطن تیری گلشن کو پھر سے سجائے گے ہم,0
گاڑیاں عوام کے پیسے سے گاڑیوں میں ڈلوانے کیلیئے پٹرول عوام کے پیسے سے تنخواہیں عوام کے پیسے سے بندوقیں عوام کے پیسے سے حفاظت چوروں کی اور ننگا کر کے ظلم عوام پر ایسی ہے میری نا معلوم کمپنی,0
خان صاحب ہم آپ کے ساتھ ہیں,0
حکومت کا الیکشن کمیشن کے فیصلے کیخلاف اپیل دائر کرے گیسکندر سلطان راجہ شہباز شریف کے پرنسپل سیکریٹری سعید مہدی کا داماد یے میرا خیال ہے اس گدھے نے آزار بند کھولنے سے پہلے کیمرے کی غیر موجودگی کی تصدیق نہیں کی اور نانی نے وڈیو بنا لی,1
نیلسن منڈیلا نے سال جیل کاٹی ہے لیکن فرائی پین والا آئیڈیا اس کو بھی نہیں آیا تھا,0
آپ کو کوئی پٹواری جیالا یا کوئی ملازم صحافی یہ کہتا نظر آئے کہ پی ٹی آئی کی حکومت نے مہنگی خریدی اس کے منہ پر ماریں یہ کلپ,1
بہن چود کتا جیل گیا ہے یا اپنے یہودی سسرال جو شکایتیں لگا رہا ہے,1
یی غدار کرپٹ جنرلز باجوا امریکی اجینٹ لانت ہے اس بیغرتوں پی زلیل خنزیر بھڑوی کتی شیطان ہی امریکی کتی ہی,1
سر شراب تو اب بھی بکتی ہے اور جج تو رنڈیوں کی طرح بکتے ہیں یہاں پر جسکو ملک کا محافظ سمجھ کر ملک کی حفاظت کا ذمہ دیا وہ تو سور نکلا اس نے ہستا بستا ملک اپنی انا کی بھینٹ چڑھا دیا,1
عمران خان کا خوف پھیلا کر پی ڈی ایم والے اسٹیبلشمنٹ سے سیاسی حمایت کی ضمانتیں مانگ رہیں ہے اطلاعات آ رہی ہیں کہ ملک میں درست فیصلہ سازی کرنے کی یہ شرط رکھی گئی ہے ان بونوں کا زبردستی کا اقتدار بھی عمران خان کی بدولت ہےحماد اظہر,1
اپوزیشن روتے ہوئے بچوں کا جتھہ ہے جن کا کام صرف رونا ہے اور کہنا ہے کہ مر گئے لٹ گیے اور برباد ہو گئے لوگ انسے تھک گیے ہیں اور انکی اب کوئی نہیں سنتا فواد چوہدری اپوزیشن کی نواز شریف والی کرتے ہوئے,1
صدارتی نظام آرہا ہے لسٹیں بن رہی ہیں عمران خان کیساتھ یہ ساتھی نہیں ہونگے لیکن مخلص پاکستانی ضرور ہونگے یہ بڑے بڑے کرپٹ بڑے لوگ عدلیہ کی بدمعاشی اور مافیا سب ختم ہونے والا ہے سینئر اینکر پرسن سمی ابراہیم کا انکشاف,1
سابق وزیر اعظم نے کہا کہ آج اٹھا کر دیکھ لیں پاکستان میں اپریل میں کدھر کھڑا تھا اور آج کدھر کھڑا ہے,0
در شریفاں کے پالتو ؤں کی صحافت کا لیول چیک کریں,1
یہ بغلول اب کھل کے سامنے آگیا ھے کیونکہ اس کو اپنی مافیا کی مکمل حمایت ھے,1
بے چارے واٹس ایپ گروپ زلیل ہوتے ہوئے,1
اس ٹکر کے صحافی نے جو سوال کرائم منسٹر سے پوچھا اور چیری بلوسم نے جو جواب دیا کہیں یہ اشارہ ارشد شریف کے قتل کے طرف تو نہیں,1
پاکستان کی سیاست میں خوا مخواہ والی ماڈل گاڑی باڈی والی,0
زرداری کو بھی خود کو زرداری کہلواتے شرم آتی ہے,1
بی بی جس ٹانگ کی تجھےضرورت ہےاس پرپلستر نہیں ہےمگر کچھ بھی کر لے نا رسائی تیرا نصیب ہے,1
جناب اصل بات یہ ہے اگر انہوں نے یو ٹرن لیا تو امریکہ نے سب کچھا چٹھا کھول کے سامنے رکھ دینا ہے اب یہ بڑی طرح پھس چکے ہیں یہ نگل پا رہے ہیں اور نہ اگل پا رہے ہیں,0
نواز شریف نے اسامہ بن لادن کے پاؤں پکڑ کر اسامہ سے ارب کروڑ جہاد کے نام پہ لیا اور اس سے کروڑ بینظیر کی حکومت گرانے پہ خرچ کیا باقی خود رکھ لئے رحمت شاہ آفریدی,1
اگر قانون پے عمل ہو تو,0
خان صاحب کو چھوٹا موٹا چور سمجھنے والوں کو خبر ہو کہ خان صاحب ارب سے کم کی ڈکیتی اپنی توہین سمجھتے ہیں,1
مزے داری تب ہے جب آپ آپنا غصہ تاریخ کو ووٹ دے کر اسکا دفاع کرتے ہوئے پی ٹی آئی جو جتوائیں یہ غصہ ادھر نکالیں یہ حرامی بے غیرت ہیں ان کی بےعزتی کر کے انہیں سکون ملتا ہے,1
پنجابی میں اس کو کہتے ہیں مریا نئیں اکڑیا ہویا وے,0
سی سی پاکستانی فوج اور حکومت یہ ہے آپ کی سٹرٹیجک ڈیپتھ اور اوقات,0
ہارتا وہ ہے جو ہار مان لیتا ہے جہدوجہد کا کوئی وقت مقرر نہیں ہوتا,0
میں نے تو اقتدار اور پیپل پارٹی کی چیئرپرسن شپ کیلیے بینظیر جو نہیں چھوڑا یہ عمران نیازی کیا چیز ہے آصف علی زرداری,0
پیپل پارٹی نے ذیرک فیصلہ کر لیا ووٹ میں حصہ ہی نہیں لے گی پارلیمان جائے گی ہی نہیں,0
مریم سے نہ پڑھائی ہو سکی نہ سیاست ہو سکی اور نہ ہی گھر چلا سکی مریم کو بس ایک ہی کام آتا ہے وہ کام ہے آسان رستے پہ چلنا یہ کام مریم سے بہتر کوئی نہیں کر سکتا مریم نے یہ آسان کام اتنی دل لگی سے کیا کہ باجوہ کی لاڈلی ہی بن گئی,1
ہاں کسی سے بھی مل سکتا ہے,0
بھٹو کےقاتلوں نے آج بڑا ریلف دے دیا یہاں تک کے جو اپنے منہ سے اقرار کر چکا تھا فارن فنڈنگ کیس توشہ خانہ کیس الیکش کمشں پہ حملہ اور آج عدالت پہ حملہ جج بھی امپوٹ کرنے ہو گئے اور کالی بھیروں کو سزا دینی ہو گئی نہیں تو نہ عوام رہے گئی اور نہ انصاف,1
آپ کو کیا لگتا ہے یہ امپورٹڈ تولہ جنرل الیکشن کی طرف جارہا یا نہیں,0
پیپلز پارٹی نے ن لیگ سے تاریخی نوعیت کا بدلہ لیا ہے عمران ریاض خان نے نون لیگ کی تاریخی بے عزتی کا کچھہ چٹھہ کھول دیا,1
لاھور پنڈی پی ٹی ائی رہنماوں کارکنان سب نے خوف کے بت توڑ ڈالے جبکہ پختونخواہ کی عوام خوف کے بت توڑ چکے لیکن رہنماوں کی کانپیں ٹانگ گئی صرف صوابی کے لوکل رہنما ڈاکٹر فضل الہی ہی کوٹ لکھپت جیل میں گرفتاری دےچ,0
لانتعی مولانا ڈیزل خدا دی وشرماوا خر بیغرت سی تہ اے,1
خان کو ہاتھ لگانے کی غلطی بھی نہ کرنا ہمارا لیڈر ہماری ریڈ لائن ہے اس کی طرف بڑھنے والے ہاتھ ہم کاٹ دینگے,0
وطن واپس لاکر عمران خان کے خلاف میدان میں اتارے لندن ملاقاتیں اس سلسلے کی ایک کڑی ہے لیکن موجود حالات میں عمران خان کو نااہل نہیں کیا جاسکتا ہے,0
عمران خان دو تہائی سے بھی زیادہ اکثریت سے واپس آئے گا چوروں ڈاکوؤں اور اداروں میں بیٹھے ہوئے چوروں کے سہولت کاروں کو اپنے انجام تک پہنچائے گا ان شاء اللہ,0
اس جگہ پر خان نے ہم سارے پین یکوں کو کٹھا دبنے کا پروگرام بنایا ہے اور خان جو کہتا ہے وہ کرتا ہے,1
لفافوں کی خدمت میں عرض ہے کہ ایک لفافہ ہی آپ لوگوں کا پول کھول رہا ہے ملاحظہ فرمائیں,1
صرف مالی کرپشن نہیں قتل و غارت گریدہشت گردیبھتہ خوریزمینوں پر قبضےشوگر ملوں پر قبضے اور اداروںپولیس پر قبضے یونہی تو انہیں مافیا نہیں کہتے,1
لاڈلی یا پھر پریجیسے پاپا کی پری ہوتی ہے,0
اللہ تمہیں غارت کرے نہ کرے ہم تو کریں گے,0
سوشل میڈیا پر عمران خان کا گند چلانا ہمارے دین کیخلاف ہے لیکن اصل زندگی میں وہی گند کرنا عین ہمارے دین کے مطابق ہے قرآن کی آئت ہے کہ عمران کے گناہوں پر پردہ ڈالو لیکن دور سرے چوری کا گناہ کریں نہ کریں ان کو چور ڈاکو چور ڈاکو کہتے رہو اخیر المومنین,0
جب حاجی صاحب وزیر اعظم ہاؤس داخل ہوئے تو بیچارے شوباز نے سوچا کہ ویکسین لگانے آیا ہے اگلے نے تھپڑ مار مار کر منہ لالم لال کر دیا,1
جرلن قمر جاوید باجوہ غدار عرف,0
حبردار آگر کسی نے سچ بولا تو اس کی یہی سزا ہو گی سچ بولنے کی سزا,0
حرام کی کمائی سے حرامی پیدا ہوتے ہے اس کی مثال بلاول نے اچھے سے قائم کی باپ کی گرفتاری پر,1
ویسے کبھی کوئی اتنا زلیل و خوار بھی ہوا ہے یا یہ ریکارڈ بھی شریف خاندان کے پاس ہے,1
تسی چنگا کم کر دے جے پچاس کے اسٹام پیپر پر چور کو لندن اب پوچھتے بھی نہیں سوموٹو لے لو کرونا کنٹرول میں تھا سوموٹو لیا مارکیٹ اور مالز کھولنے کا حکم جاری کیا اور آج آدھا اسلام آباد اور پورا لاھور بند ھونے جارھا ھے اور اموات کی تعداد سامنے ھے,1
دنیا شاہ نے ایک وڈیو اپلوڈ کی اور گرفتار ہو گی دوسری طرف ایک کرمنل فتنہ باز کرمنل عورت کی ساری سیاست فیک آڈیوز اور وڈیوز پر منحصر ہے اور ساری اسٹیبلشمنٹ بشمول ججز جرنیل بیوروکریسی اسکے چڈوں میں پیٹ کے بل لیٹے ہیں,1
دن رات آزادی اظہار رائے اور مباحثہ کی تلقین و ترویج کرنے والے ترقی پسند جیالے اب آئی ایس آئی اور ایف آئی اے کو کہہ رہے ہیں کہ خدارا ہمارے پاس دلیل نہیں ہے سنتھیا کو گالیاں بھی دے لیں اب اس کو کسی طرح چپ کرائیں منافقت میں لتھڑے ہوئے پروفیسرز لفافے انسانی حقوق کے علمبردار,1
غلام محمود ڈوگر کو چارج نہ دینا محسن نقوی کو بہت مہنگا پڑ گیا معاملہ اور بگڑ گیا,0
جب زیادہ بارش آتا ہے تو زیادہ پانی آتا ہے کہ بعد جب کوئی سوتا ہے تو کرونا بھی سوتا ہے جب کوئی استغفراللہ تو کرونا بھی مر جاتا ہے مولانا پے اتحادی ڈیجیٹل کھسرے کا اثر,1
انڈین ہائی کمیشن کے دو اہلکار اسلام آباد میں لاپتہ,0
حاجی سیب ان کا کیا کرنا یہ تو مان ہی نہیں رہے,0
اس وقت تحریک انصاف کیلئے سب فرعون بنے ہوئے ہیں نا ہی کوئی میڈیا انکا نقطہ نظر بیان کر رہا ہے نا کسی اداروں میں کوئی خوف کہ مارے آئین اور قانون کے مطابق بات کرسکتا ہے ہرجگہ ماورائے قانون تحریک انصاف کو گرانے کی کوششیں ہیں,1
نوازشریف اتنا بڑا چور ہے کہ اگر اس کا منھ کالا کر کے اسے گدھے پہ بٹھایا جائے تو یہ اگلے گاؤں جاکر گدھا ہی بیچ دیگا,1
بس اتنی سی اوقات ہے ان یوتھیوں کی خان نے گاڑی روکنا بھی گوراہ نہیں کیا یوتھیوں کو گندے ٹشو پیپر کی طرح استعمال کیا گاڑی سے پھینکا اور کچلتا ہوا چلا فرار یہ عمرانڈوز کی اوقات,1
عمران خان نے کہا کہ اسٹیبلشمنٹ ایک حقیقت اور قانون سے بالاتر ہے انہوں نے کہا کہ حالات تب بہتر ہوں گے جب اسٹیبلشمنٹ قانون کی بالادستی کے لیے کام کرے گی,0
پنجاب اسمبلی میں تحریک انصاف کے منحرف ڈپٹی سپیکر دوست محمد مزاری اور کنیز نمبر حنا ببل بٹ دوست محمد مزاری کا ضمیر یونہی نہیں جاگا,0
نودولتیوں کے پاس جتنا مرضی پیسہ آ جائے انکی اصلیت نہیں بدلتی,0
پـی ٹـی آئـی واحد پارٹـی ہے جس کے ورکـرز ذاتـی مفاد کی بجائےپاکستان کی ترقی کا سوچ کر سپورٹ کرتے ہیں کپتان کے تمام سپوٹرز کو سلام,0
عام شہری تو کہہ ہی رہے تھے طالبان نے بھی سخت مزمت کا اظہار کرتے ہوئے پشاور میں ہونے والی دہشتگردی کا الزام پاکستان کے اداروں پر ڈال دیا,0
پاک فوج کے جوانو بھی عجیب مٹی سے بنے ہیں راتوں کو سرحد پہ سینہ تانے دشمن کی آنکھ میں آنکھ ڈال کر جان ہتھیلی پر رکھ کر ملک و قوم کی حفاظت کرتے ہیں دن کو اپنے کاندھوں پر راشن کی بوریاں اٹھا کر مستحق افراد کےگھروں تک پہنچاتے ہیں,1
جوانی کےدنوں میں اگر ہمارے چیئرمین نے بنڈ مروا بھی لی تو کیا ہوا جس طرح آپ لوگ ہمارےچیئرمین کے بنڈ مروانے پر سیخ پا ہو کیا اس طرح کا غصہ مریم کےبیٹے جنید صفدر پر بھی کیا ہے جنید اور عدنان بودلہ بھی تو یہی کام کرتے ہیں,1
اوئے اے کون اے تے کتھوں آگیا اےسارے پٹواری جیالے فضلانڈو اسفنڈو پشتین تے گشتین سوگ دی صف وچھا کے چھولے پڑھن لگ پئے نیں,1
جادو میں شدت پیدا کرنے کے لئے عدت میں نکاح کیا جاتا ہے یہ تھےپنکی پیرنی کے کالے کرتوت,1
بچپن میں پڑھا تھا کہ لالچ بری بلا ہے آج چوہدری پرویز الہی صاحب وزیراعلی تو نہیں بن سکے سپیکر اسمبلی سے بھی محروم ہو گئے اور بازو بھی تڑوا بیٹھے,1
لعنتیو آخر کیسے افورڈ کر لیتے ہو فوجی کو ڈیڈی کا عہدہ دینے والے بھی فوجی کی تعیناتی پر اعتراض کر رہے ہیں,1
ایک بار پھر چھٹی والے دن شریف خاندان کو ریلیف سلمان شہباز کو بے گناہ قرار دے دیا گیا پاکستانی عدلیہ کو بچز آف رچز ہونہی نہیں کہا جاتا شاباش سہولت کاروں کوئی رہ نہ جائے,1
بے حیا لوگ باجوے کے تلوے چاٹ چاٹ کے لوٹا ہوا مال بچایا اس پورے بیغیرت ٹولے نے جن سب کا باپ باجوہ تھا غدار وطن,1
عمران خان اسلام کانام لئے بغیر بھی اسلامی تصورات کو اپنے الفاظ میں بیان کرتا ہےوہ کرپشن کی بات کرتا ہےموجودہ بڑی سیاسی جماعتوں میں عمران خان وہ شخص ہےجو عملی طورپراسلامی اقدارکا پر چار بغیر کسی منافقت کےکرتاہے سید منور حسن مرحوم و مغفور کی راۓ,1
عمران خان کوئی بوتل سے نکلا جن نہیں جس کی چوٹکی بجانے سے پاکستان کا سارا قرضہ معاف اور نہ ہی خوشحالی بحال ہوگی ہاں البتہ اس وقت یہ کوئی بھی کہہ سکتا ہے پاکستان ایک زندہ قوم ہے,0
بیچاری غریدہ ایک بار پھر جھوٹ بول کر ذلیل و خوار,0
ننگے پاوں والا توشہ خانہ چور,1
اب میڈیا کو تھوڑی عزت نفس دکھانی ہو گی شریف خاندان ہر ادارے کو دم ہلانے والے کتے سے زیادہ اہمیت نہیں دیتا اور اگر میڈیا اس فاشسٹ خاندان کے سامنے کھڑا نا ہوا تو رہی سہی عزت بھی ختم ہو جائے گی,0
گھڑی گوگی ہیراہیلی کاپٹر ناکچھ ثابت ہوا ناہی کچھ دریافت نہیں ہوا بھکاری سوشل میڈیا پر چورن بیچتے رہ گئے,0
کوئی شرم ہوتی ہے کوئی ہے ہوتی ہے,0
شریف اور زرداری مافیا کا جانا پہچانا طریقہ یا ریکارڈ جلا دو یا انوسٹیگیشن آفیسر کو مروا دو,0
ایسے کیسے بے غریت ایسے کیسے,1
بشرطیکہ وہ میں نہ ہوں بے شرم نیازی ایک ٹکے کے دو نیازی گو نیازی گونیازی,1
بہت شرارتی ہیں آپ سر باجوہ کے پیٹھ پیچھے باتیں کرتے ہیں,0
شہباز شریف مکمل طور پر کنفیوز ہو چکا ہے اسے سمجھ نہیں آ رہی کہ کونسا بیان کب اور کس موقع پر دینا ہےلوٹنے والوں کو پکڑ تو لیا ناں آپ کے بڑے پائین کے زمانے میں تو کسی کو پکڑا ہی نہیں جاتا تھا دامن کو ذرا دیکھ ذرا بندے قباء دیکھ,1
اللہ تیری نسلوں کو ذلیل کرے انشاءاللہ قیامت والے دن تیرے گریبان پر کروڑوں ہاتھ ہوں اقتدار کا نشا پورا ہوا اب رہ گیا مال حرام وہ تیرے مرنے کے بعد تیری نسلیں انجوائے کریں گی اقتدار نہیں رہا تو باقی کچھ بھی نہیں رہنالیکن تم رہتی دنیا تک لعنتی ارو غدار کہلاو گے,1
سکوں کی نیند تجھے بھی حرام ہوجائے,0
وہی پرانی بکواس یا اللہ اس عذاب سے جان چھڑا دے,0
حیران ہوں کہ دنیا کہاں سے کہاں پہنچ گئی اور ہمارا آٹا چینی ھی پورا نہیں ہو رہا,0
تاریخ گواہ ھے پٹواریوں اور بھٹواریوں نے ہمیشہ عمران خان پر عورتوں سے حملے کروائے کیونکہ کوئی مرد تو ان کے پاس ھے نہیں,1
پی ٹی آئی اپنی روایت کر برقرار رکھتے ہوئے جھوٹے پراپیگنڈے پر اتر آئی ہم نے ریکونٹنگ کیوں بند کروائی سنو اور بیغیرت ختم کرو,1
حق عیاں ھو رہا ھے باطل نہاں ھو رھا ھے انشاء اللہہر منافق ظاہر ھو رہا ھے,0
بے غیرت نیوٹرلز وردی میں غداری کرتے ہیں ان پر کروڑوں لعنت اللہ کرے جو اپنی ھی قوم کے خلاف سزش کرتے ھیں جس تھالی میں کھاتے ھیں اسی میں پیشاب کرتے ھیں,1
پٹواری اتنے جاہل ہیں کہتی ہیں کہ پی ڈی ایم پورے پاکستان کو تباہ کردے لیکن عمران خان وزیراعظم نہ بنے,0
اب یہ تحفہ توشاخانہ میں کب جمع کروایا جائے گا,0
توے کی کالک صاف کرنے والے بوسیدہ کپڑے والے صافی صاحب جو ساری زندگی چور لٹیروں کے ٹکڑے حلال کرنے کے لئے ان کی کالک صاف کرتے نہیں تھکے آج بغض عمران میں ایوی ایشن ایکسپرٹ بن کر جہازوں پر ٹاکی مار کر حب الوطنی کا ثبوت دے رہے ہیں,1
پاکستانی فوجی جرنیل اہم پاکستانی شخصیات کو کس طرح قتل کرواتے ہیں سنیے حامد میر سے,0
اس کہتے الٹا چور کوتوال کو ڈانٹے اگر یہ شریف مافیا کا پالتو جج نہ ہوتا تو رنگے ہاتھوں چوری پکڑے جانے پ لبرلز لفافوں اور نام نہاد وکلا لیڈران نے اسکا جینا حرام کر دینا تھا اور اس کی بغیرتی کا اندازہ لگائیں کہ اج بھی یہ کرپٹ آج بھی جج کی کرسی پر مسلط ہے,1
تمہیں پاگل خانہ لگتا ہے تم جیسی شریف خاندان کی رکھیل اس ملک میں کر کیا رہی ہے جاؤ دفعہ ہوجاؤ اس ملک سے کبھی سامنے سے آئنہ دیکھو گی خود پر تھوکو گی تم,1
نیب ترامیم کے بعد شہباز شریف کی تمام کرپشن کیسز سے بریت یا ضمانت ہو گئی ہے یہی بات ڈیلی میل نے کہی اور پالتو میڈیا یوں رپورٹ کر رہا ہے جیسے شہباز شریف کو لندن کی عدالت نے بری کر دیا,1
جس خبیث کو اپنی ماں پر رحم نہ ایا وہ بے سرہ بے شرم ہمارے خان کے بارے میں بکواس کرتاہے,1
بالکل ایک ٹانگ والی دوڑ میں فرسٹ آئے گا کپی تان,0
اے ظالمو ہمیں جان سے مار دو تو علیحدہ بات ہے ورنہ تم کسی حال میں ہمیں نہیں روک سکتے,0
جس ملک میں ڈاکؤوں چوروں اور لٹیروں کو تاج پہناۓ جاتے ھیں ایسے ملک میں پھر غربتمہنگائزیادتیبوعنوانی عدم استحکام عزاب الہی و قہر خداوندی بن کر نازل ھوتے ہیں,1
تم نا جانے کس جہاں میں کھو گئے ہم بھری دنیا میں تنہا ہو گئے موت بھی آتی نہیں آس بھی جاتی نہیں دل کو یہ کیا ہو گیا کوئی شہہ بھاتی نہیں لوٹ کر میرا جہاں چھپ گئے ہو تم کہاں,1
یاد رکھیں انثار عباسی امام المنافقین ہے جاتی امرا کا پالتو مراسی ہے جسکا قلم صرف اور صرف شریف خاندان کی مزہسرائی میں چلتا ہے,1
علی امین گنڈاپور نے ساری اسٹیبلشمنٹ کو ہیجڑا بنا دیا,1
لکھ لعنت تیری حرکتوں پہ اے کرپشن کے جہاں,1
ٹھگ آف دی پاکستان کی ادھوری شھزادی بھگوڑی,1
عتیقہ اوڈو کی دو بوتل شراب پر سوموٹو نوٹس لینے والا سپریم کورٹ وزیراعظم عمران خان کو روزانہ نوٹس بھیجنے والا الیکشن کمیشن اور تمام ادارے نیوٹرل ہو کر سو رہے ہیں,1
لندن میں ایک مفرور اشتہاری بگوڑا اور اسکی بیٹی نے مظلوم بننے کا رونا دھونا ڈالا ہوا ہے لیکن یہ نہیں بتاتے کہ اربوں کے فلیٹ کہاں سے آئے,1
بیچارہ ارناب گوسوامی سمجھ رہا تھا کہ تعریف ہونے لگی ہے التی کتے والی ہو گئی,1
در شریفاں کا پالتو اپنے جھوٹ کو بینقاب ہوتا دیکھ کر پاگل ہو گیا ہے کہ رہا یے کہ اگر میرے جھوٹ پر سے پردہ اٹھایا تو میں برطانیہ یا امریکہ میں عدالت میں جاؤں گا او بھائی اتنے سچے ہو تو لے جاؤ خود عدالت میں,1
کہاں گئے جناب کے دعوے سب جھوٹا پراپوگینڈا تھا آج ساری قوم نے ان حرام زادوں کے چہرے دیکھ لیے ہیں جن کو بچاتے تھے آپ,1
میں نے متحدہ عرب امارات کے صدر جو میرے بھائ جیسے ہیں گزارش کی ہے کہ ہمارے بھارت سے مذاکرات کروائیں اور میں اپنے عزت کی قسم کھا کر کہتا ہوں کہ ہم خلوص دل سے مذاکرات کرینگے شہباز شریف یہ بھارت سے مذاکرات پر دوسروں سے منتیں کررہا ہے واہ رجیم چینج,0
اسحاق ڈار کو سال مفرور اشتہاری بگوڑا رہنے کی تنخواہ کروڑ ادا کر دی گئی رجیم چینج آپریشن سے صرف پاکستان کی ترقی منجمد ہوئی ہے,1
سنا ہے آج ایک فوجی رہنما نے عدالت سے نا اہل ایک پٹواری کو قوم کا اثاثہ قرار دیا ہے توبہ کوئی اتنا بےغیرت ہو سکتا ہے,1
جس خاتون کے حق کے لیے سارے انصافینز کھڑے ہوئے اس کی ٹویٹ ملاحظہ فرمائیں یہ صھافت نہیں زلالت یے دلالت ہے اور طوافت یے,1
اگر کوئی سمجھتا ہے کہ ریٹائرڈ فوجیوں کے ساتھ جنرل باجوہ نے پورا سچ بولا ہے تو وہ احمقوں کی جنت میں رہتا ہے جنرل باجوہ امریکی ایما پر اس سازش میں اپوزیشن سے بھی بڑھ کر مداخلت کر رہا تھا,1
اس بیغیرت بیشرم کا بس نہیں چلتا ورنہ اپنی ساری بیویوں کو طلاق دے کر جوبائیڈن کے حوالے کر دےاور اپنی بیٹیوں کی شادیاں بھی اسی سے کردے امریکا کے آگے لیٹنے والا ٹینک,1
جاویدہاشمی بزرگ سیاستدان کایہ کہناکہ بلاول عمران خان سےبڑا سیاستدان ہےاب اس تجزیۓ پرآدمی اپنا سرپیٹے یا ہاشمی کی عقل پر ماتم کرے,1
ندیم ملک پنجاب میں وزارت اعلی چوھدری پرویز الہی کو دے رہے ہیں شاہد خاقان عباسی یہ ممکن نہیں ہے کہ جس جماعت کے پانچ لوگ ہوں اس کو آپ حکومت دے دیں عقل کے تمام تقاضوں کے خلاف ہے,0
یہ وہ پھول ہیں جن کا ذکر بغلول حنا بٹ اور کذاب شاہد خاقان کر رہے تھے ان لوگوں کو تو شرم و حیا بھی نہیں کیسے کھلم کھلا میڈیا پر بیٹھے پوری دنیا کے سامنے جھوٹ بول رہے ہوتے ہیں یہ گھٹیا لوگ ابھی بھی نائینٹیز کے ارا میں جی رہے ہیں,1
ـلیکن افسوس کے ساتھ کہنا پڑ رہا ہے کہ قائد کے پاکستان میں صحافت کے معنی و مفہوم بدل گئےمقصد بدل گیا ـفرض شناسی کی فیور ٹ ازم نے لے لی ـحق کی آواز کو دبانے کے لئے اصل صحافت کی جگہ لفافہ صحافت نے لی,0
حنا بی بی آپ گھر گھر ووٹ مانگنے نہیں بھیک میں آٹا مانگنے جایا کرو شاید وہ مل جائے ووٹ تو صرف خان صاحب کا ہے شرم تم کو مگر نہیں آتی,0
سعید غنی کا پلازما نہ کسی کو لگا دینا کرونا تو ٹھیک ہو جائے گا حرامزدگی اور بیغرتی کا علاج نہیں,1
بقول اور عمران خان تو سلیکٹڈ تھا جسے میں سسٹم بیٹھا کر فیض اور باجوہ نے جتوایا تھا تو پھر یہ سیٹ کی کیسے ہوئی,1
نیازی مینوں ڈر کا دا میرا ہے پیر لا ثانی جیڑے مرشد دے ہو جاندے او سوں رب دی کھرے رہندے,0
واقعی اس بندے کی آج تک سمجھ نہیں آئی کہ پی پی پی والوں کو چور چور کہنے والا پھر انہی کے ساتھ یہ تو وہی کردار لگ رہا ھے جو چلا گیا,0
اچھا اس کی بکواس سنیں اور سمجھنے کی کوشش کریں نشے میں دھت شرم و غیرت سے عاری کہ رہا یے کہ حکومت وڈیوز لیک کر رہی ہے اور عوام کے مسائل سے توجہ ہٹانے کی کوشش کر رہی یے کوئی اس گینڈے کو بتائے کہ یہ کھیل اسکی مالکن نے شروع کیا تھا جس میں آج یہ خود پٹ رہے ہیں,1
روک سکو تو روک کر دکھاو,0
سعید غنی صاحب جلدی سے کوئ سنسان خشک سڑک ڈھونڈ کر ویڈیو لگائیں صبح سے انتظار کر رہا ہوں,1
پیمرا کو نوٹس لینا چاہئے اور چینل کو اس فارغ خاتون کو نکال دینا چاہیے اسے ایک آنے کی عقل نہیں,1
اگر عوام اب بھی سڑکوں پر نہیں آتی اور ان بیغیرتوں کا حال سری لنکا والا نہیں کرتی تو پھر ہم مہنگائی میں پسنے کے ہی قابل ہیں,1
تم لوگ جب بھی عوام میں جاؤ گئے تم لوگوں کو چور چور کے نعرے لگے گئے کوئی بھی اب کسی بھول میں نہ رہے,0
یہ ناشکر قوم جنرل باجوہ جیسے عظیم رہنما کی قدر نہیں کررہی یااللہ اس قوم کو اس عظیم جنرل سے محروم فرما امین ثمہ امین,0
کسی گشتی ماں کے بچے جو بھی ہیں لیکن یہ دیکھ ہر بندہ لڑنے کے لیے تیار ہے تو بس تیاری رکھ تیرا سر تن سے جدا ہونے والا ہے,1
ٹرانزیکشنز موجود ہیں لیکن بجائے جیل میں ہونے کے شہباز شریف پولیس کے حصار میں دندناتا پھرتا ہے,1
ویسے تو فسطائی حکومتوں سے جان بچانے کے لیے دنیا کے سینکڑوں لیڈروں کی لسٹ موجود ہے جس میں بینظیر اور آصف زرداری شامل ہیں لیکن دنیا ان کو بھاگا ہوا نہیں کہتیظالم حکمرانوں کی مزمت کرتی ہےکل کو آپ کہیں گے کہ رات کے اندھیرے میں حضرت محمد مکہ میں خطرہ پا کر مدینہ کیوں حجرت کر گئے,0
اب مجھے یقین ہوگیا ہے کہ واقعی ہی خزانہ خالی ہوچکا ہے کیونکہ لفافوں کی ٹون بدل چکی ہے,0
سرپرائز سائفرتحقیقات کیس منظور اب غدار سرعام ننگے ہونگے اللہ الحق ہے,0
مفتا بغیرت نے یہ بجٹ نیوٹرل اور آئی ایم ایف کے ساتھ مل کر بنایا ہے اس مفتا کو بس تھوڑا اور زیادہ جھوٹ بولنے کیلئے پیسے ملتے ہیں ورنہ پاپا ناراض ہو جائیں گے,1
او لعنت اس کی زندگی پہ ہمیں کوئی ضرورت نہیں اس کی زندگی کی,1
وكی پیڈیا کے مطابق حامد میر سی آئی اے اور را کیلئے کام کرتا رہا ہے حامد میر نے آج تک اس کی تردید نہیں کی اور کسی صحافی نے اس پر کوئی پروگرام نہیں کیا وجہ یہی ہے کہ کتا کتے کا بھائی ہے,1
ساڈے جنرل ساڈی مار دے رئے اپنے نوکر ساڈھے تے چاڑھ دے رئے اسیں چوٹھیاں چیکاں مار دے رئے سمجھ جا توں ساڈا پیغام امریکہ اسیں تیرے غلام امریکہ سلام امریکہ سلام امریکہ دو,0
اس شخص کی بیغیرتی کا لیول چیک کریں یہ کہ رہا یے کہ ابھی لوگوں کی سؤومنگ پول اور باتھ رومز کی فلمیں بھی آئیں گی,1
بیشک صدیق جان اصل صحافت کا ایک چمکتا ھوا ستارہ ھے اللہ تعالی انکو صحافتی بھیڑیوں سے اپنی امان میں رکھے,0
سندھ میں سرعام پاکستان توڑنے کے نعرے لگ رہے ہیں کل بنا تھا بنگلہ دیش آج بنے گا سندھو دیش ایڈیٹ ہے یا حقیقت ہے اگر یہ حقیقت ہے تو کیا اگلا وزیراعظم بلاول بھٹو زرداری کو بنانے کے لیے دباؤ قرار دیا جا سکتا ہے,0
خدا کے لیے ایسٹینشنیں لے کر اپنے ھی فوجی جرنلز کے ساتھ زیادتی مت کرو میری فوج کو اور بے وقار مت کرو,1
کمال کا انتخاب ہے میرا مرشد تم اپنی ہی مثال لے لو,0
نیب کرپشن کیسمحسن نقوی کو کلرک کی نوکری نہیں مل سکی لیکن سسلین مافیا کے ساتھ اسٹیبلشمنٹ نے انہیں وزیر اعلی بنا دیا,0
بندے نے کینسر ہسپتال کے لیے دو گھنٹے میں کروڑ سے زائد رقم اکٹھی کر لی ہے اور ہمارے صحافی شام سے ثابت کر رہے ہیں کہ بندے کی کریڈبیلٹی نہیں ہے جادو ہے نشہ ہے مدہوشیاں ہیں,1
عمران خان اپ امتی مسلمہ کے لیڈر ہو ہمیں اپ جیسے لیڈر چاہئے دو,0
پٹواریوں کے استاد اعظم پیٹروشیو سابق وزیراعظم میاں نواز شریف اسلام آباد میں مندر کی جگہ دینے کے بعد مندر کا سنگ بنیاد رکھنے کی تقریب میں شریک تقریب میں ہندو سکھ اور قادیانی موجود اور واضح طور پر دیکھے جاسکتے ہیں,1
دنیا کا واحد وکھرا انوکھا چیف جسٹس دیکھا جس نے کورونا پر از خود نوٹس لے لیا اب اس انوکھے لاڈلے کو کہو چند منٹ لگا کر اعتزاز احسن کی آج کی گفتگو سن لیں چیف ساب کی طبیعت ہری بھری تے ہشاش بشاش ہو جائے گی,1
سولہواں روز ہے کشمیر میں کرفیو کا وہاں کیا گذر رہی ہے کچھ نہی معلوم,0
بات صرف اتنی سی ہے باجوہ صاحب آپ فیالفور گھر جائیں ابھی,0
یقین کرے ہم علماء کرام جب قرآن پاک پڑھتے ہیں تو ہمیں بھی حریت ہوتی ہیں کہ یہ جو ہمارا پرائم منسٹر آیا تھا سال بعد عمران خان کہی اس نے تفسیر قرآن تو نہیں پڑھی یہ اسی اسی تفسیر بیان کرتا ہے کہ ہماری رونگٹے کھڑی ہو جاتی ہیں,0
گیلانی کا ہر بیٹا اپنی مثال آپ ہے عبدالقادر گیلانی ایفیڈرین بیجتا ہے علی موسی گیلانی سینیٹ کے ٹکٹ خریدتا ہے قاسم گیلانی زمینوں پر قبضے کرتا ہے اور علی حیدر گیلانی سنگاپور اور دبہی میں شراب خانے اور یوٹلوں کا کاروبار کرتا ہے قاسم گیلانی کو گریبان میں جھانکنے کی شدید ضرورت یے,1
کوئی پوچھے تو کہنا کہ پٹھان آیا تھا,0
پاکستان میں تو احتساب کے نام پر انتقام کر سکتے ہیں لیکن برطانیہ نے حکومت وقت کو بہت بڑا جھٹکا دے دیا ہے نواز شریف نے غلط طریقے سے جائیداد بنائی ہے تو حکومت کی محنت کے بغیر بھی پیسے واپس آ جائیں گے,0
وزیراعلی عثمان بزدار نے سے لاکھ خاندانوں کیلئے صحت انصاف کارڈز کا اجرا کیا اور اب اس کا دائرہ کار وسیع کرکے پنجاب کی مکمل آبادی کو ہیلتھ انشورنس فراہم کی جارہی ہے,0
مریم نواز کے عدلیہ پر حملے,0
ہا میرے مولا فضلو بھی تیرا ہی بندا ہے,1
پھٹکار چیک کریں اس غدار کے منہ پر ذرا اس کی ملک دشمن نیت اس کے منہ پر عیاں ہے,0
ملک سے غداری اگر ماں بیچنے کے مترادف ہے تو ایاز صادق جیسے کچھ لوگ یہ سودا کر چکے اب یقین ہو جانا چاہیے کہ امریکہ کے اٹارنی جنرل نے پیسے لیکر ماں بیچنے کی بات جن پاکستانیوں کے بارےبات کی تھیوہ ایاز صادق جیسے ہوں گے,1
اب جس کے اتنےزیادہ ڈبو ہوں بلکہ اسے اپنے اصل لبے کا پتہ بھی نہ ہو تو اسے سب مردوں میں اپنا کھبا ہی نظر آتا ہےکیونکہ امی جی کو نہیں پتہ اصل ٹگےکاانہوں نے بھی یہی تین نام بتائےتھےاب بیچارہ پولنگ کے ذریعے اپنے اصل چھبے کاپتہ چلاناچاہ رہاہےکیوں وئی ٹھیک کہا نہ گوبرآئے,1
اور شاید تحریک انصاف پر پابندی لگا دی جائے خان صاحب کو اس دفعہ بم پروف اور بلٹ پروف کنٹینر میں سفر کرنا چاہیے یہی صورت ہے کہ اللہ تعالی کے فضل و کرم سے خان صاحب اپنے ساتھ عوام کو بھی محفوظ رکھ سکیں گے,1
بولی کتا عادل راجہ اپنی ہی فوج پر بھونکتا ہے اللہ غارت کرے,1
سن لیں اسکی بھی چوری کرنے والا چور نہیں ہوتا,0
شریف خاندان میں جنرل ضیا نے اس قوم پر مسلط کیا لوٹ مار کے بعد جب قوم اس لعنت سے چھٹکارا حاصل کرنے کی قریب تھی تو جنرل باجوہ نے سزا کے بجائے ان چوروں کے ساتھ مل گیا,1
نیوٹرل سے بہتر ہے غیرت مند سویلین بننا مگر اس میں پڑتی ہے محنت زیادہ,1
خرچہ اٹھا لیا دلالوں نے میڈیا کا اب دور دور تک مھنگائی کا نام نہیں,1
لاڈلے کو جپھیاں اور پپیاں عوام کو ججوں کی جھڑکیاں بلے اوئے عمران زادے منصفو تم لوگوں کی یہ کیاں,1
جب تک فوج ہے تب تک چوروں اور غداروں کو کوئ ہاتھ بھی نہیں لگا سکتا,1
امپورٹڈ مسلط شدہ چوروں اور ڈاکئووں کی کرمنل ناجائز سرکار اور ہینڈلرز نے مئی کو قتل عام کو پروگرام بنایا ہوا تھا اسی لیے دھرنا ختم کیا,1
چل ماما چمچے صحافی اس گناہ میں تم جیسے کئی لفافیے شریک ہیں آپ اینکرز ہیں نہ اس ملک کے والی وارث,0
اس نے ثابت کر دیا یہ سب سے بڑا بےغیرت ہے,1
نہیں پیٹھ پیچھے آپ نے انہیں یوتھیا کہا ہے,1
یہ کامران بھی ایک صحافی ہی ہے کیا پراگرام کیا,0
کیوں نہ روٹیوں کا پیڑھ ہم لگا لیں آم توڑیں روٹی توڑیں روٹی آم کھا لیں,0
اس برٹش فوج نے ہمیشہ ہی ڈسا ہے پاکستان کو تاہائےہائے,0
عمران ریاض کو رہا کرو بزدلوں حسبي الله ونعم الوكيل دو,0
لوگوں کا پٹ سیاپہ یہی بتا رہا,0
ایک طرف طاقتور مقتدر حلقے دوسری طرف عوام کی طاقت,0
ڈی جی ای ایس پی ار اخر میں اپنے بقا کا بھیک مانگے گا کیوںکہ باجوے نے اس کو اس نوچ پر پہنچایا ھے,1
خود کو مستحق ظاہر کر کے بے نظیر انکم سپورٹ سے پیسے بٹورنے والی سرکاری افسران کی بیگمات ایف آئی اے کے نشانے پرایف آئی اے نے غیر قانونی وصول کیے گئے کروڑوں روپے ریکور کر لیے,1
پہلی شکل میں جب یہ بھاگی تھی اور پھر باپ چھپا کر اور منا کر لایا تھا اور شادی کے چار ماہ میں پہلا بچہ ہوا اور دوسری جب یہ ملزمہ ہے,1
مکروہ چہرہ سیاہ کرتوت سندھ ہاؤس میں سندھیوں کے ٹیکس کے پیسوں سے کھانچے لگائے جا رہے ہیں,1
کیا چنگڑ پن ہے پہلے عوام کو میڈیا کے ہاتھوں گمراہ کرتے رہو اب جب سوشل میڈیا پر سچائی آنا شروع ہو چکی ہے تو معافی مانگو کہ ہمیں معاف کر دو مطلب کچھ بھی,1
سال بعد ھار بھت تکلیف دے رھی ھے,0
لاکھ اختلافات ہیں باجوہ سے سہی مگر اتنے بھی بے غیرت نہیں کہ اس کنیڈین کنجر کی وجہ سے باجوہ کی مخالفت کریں پھڈا تو امریکہ سے ہے یہ سالا کیوں بیچ میں آ گیا دال ضرور کچھ کالا ہے,1
یہ جو نامعلوم ہیں یہ سب کو معلوم ہیں بس غصہ یہ ہے کہ بات کھل گئی ہے,0
ابے گدھے ٹرمپ کی ملاقات عمران خان سے مین ہوئی اور سلیمانی کا قتل مین ہوا کھوتے کے پتر,1
کیونکہ ھم نے سال چھولے بیچے ھیں کوئ شرم کوئ حیا ھے,1
ایہہ ساڈی پھکی لو تسی یار ایہہ کس قسم دے کنجر نے ویسے,1
بدقسمتی سے پاکستان میں فرقہ وارانہ دہشت گردی ہورہی ہے جس کے پیچھے داعش ہے ہم اس ناسور کی جڑ کو اکھاڑ دیں گے وزیراعظم عمران خان,1
خدا کی شان ہے کہ پٹواریوں کی گیراج کماری جن کی سیاست ہی اس بات پر زندہ ہے کہ وہ طاقتور لوگوں کی نازیبا ویڈیوز رکھ کر بلیک میل کرتی ہیں وہ فرما رہی ہیں کہ عمران خان کے پاس نیب چیئرمین کی نازیبا ویڈیوز ہیں اب کسی نے جواب دیا تو عورت کارڈ یاد آ جاۓ گا,1
کرونا وباء کے دوران وفاقی پنجاب و خیبر پختون خواہ حکومت نے صحت کے شعبہ میں کافی کام کیا آج وزیراعظم عمران خان نے اسلام آباد میں بستروں پر مشتمل جدید ہسپتال کا افتتاح کیا جسکو دن کی ریکارڈ مدت میں مکمل کیا گیا,1
اگر احمد نورانی حامد میر مطیع اللہ جانغریدہ فاروقیعاسمہ شیرازی مریم نواز شہباز شریف وغیرہ کا بھیانک کردار دیکھنا ہے تو عنبرین فاطمہ کی یہ تحریر پڑھیں,0
ویسے اب ہو گا کیا یوتھئیے اور ففتھئیے جو طالبان کی فتح پہ بغلیں بجا رہے تھے اب وہ کدھر منہ چھپائیں گے یعنی طالبان نے بھی ان کے ابو کو باجوہ کا لے پالک کہہ ڈالا بست کی بھی کوئی حد ہونی چاہئیے,1
بھونکنے کی حد تک برداشت کرو لیکن جب کاٹنے پر آجائے تب کتے کو گولی مار دینا ہی بہترین آپشن ہوتا ہے پاکستان زندہ باد پاک فوج پائندہ باد,1
مریم نواز کو نیب نے پھر بلالیا ہے لگتا ہے فوج کی دال نہیں گل رہی اور یعنی باپ بیٹی کی خاموشی کے باوجود بات نہیں بن رہی صرف ہر پیشکش پہ نا کہہ دیتے ہیں,0
توشہ خانہ فارن فنڈنگ بیٹی کا انکار پی ٹی وی حملہ اور عدالتوں نے اسے اپنا لاڈلا بنایا ہوا ہے,1
ھماری فوج سرحدوں پر اس لیےجانیں قربان نھیں کرتے کہ باجوہ جیسے غدار ملک کوبیچ کرکھا جاءیں ہمارے شہدا کی توہیں مت کرو,1
ایک بار پھر چھٹی والے دن شریف خاندان کو ریلیف سلمان شہباز کو بے گناہ قرار دے دیا گیا پاکستانی عدلیہ کو بچز آف رچز ہونہی نہیں کہا جاتا شاباش سہولت کاروں کوئی رہ نہ جائے,0
سیاست دان الیکشن کا اور لیڈر نسلوں کا سوچتا ہے مرشد عمران خان,1
سچ کو روکا نہیں جا سکتا,0
یہ جو قادیانی اور احمدی حضرات ہیں یہ ہمارے بہن بھائی ہیں نواز شریف,1
خالہ فردوس کی اپریل وزیراعظم سے ملاقات اور خان صاحب کا آف موڈ کی وجہ وزات اطلاعات کے فنڈز میں گڑبڑ کی اطلاعات کسی ادارے نے پہلے ہی ثبوتوں کے ساتھ پش کر دی تھیں ایماندار وزیراعظم نے یہ موڈ کوئی شوق سے نہیں بنایا تھا,1
کل کوٹلی میں تحریک انصاف کا جلسہ کی جلوسڑی پر بازی لے گیا خان صاحب نے مودی اور دنیا کو پیغام دیا کہ مقبوضہ کشمیر کو حق خودارادیت دیا جائے بد قسمتی سے کی تقریریں خان صاحب سے شروع ہو کر خان صاحب پر ہی ختم ہو گئیں,1
شرم کر ڈوب کے مر جا,1
طوائف کے انٹرویو دیکھے تھے طوائف کو انٹرویو کرتے نہیں دیکھا تھا جب تک سلیم صافی کو شہباز شریف کا انٹرویو کرتے نہ دیکھا,1
امپورٹڈ حکومت کے وزیر نوازلیگ کا کہنا ہے کہ عوام مزید قربانی دیں,0
کینڈا نے ڈنڈا دیدیا ابھی انٹرنیشنل بیعزتی ہوگی دلالی بند کرو,1
یہ جب بچہ تھا تو لوگوں کی فصلیں برباد کرتاتھا اب جب بڑا ھوگیا اب پٹواریوں کی نسلیں برباد کررہا ہے,1
عمران خان کتنے مضبوط اعصاب کا مالک ہو گا کہ اس جیسی زہریلی عورت کے ساتھ مہینے گزار گیا,1
اس بدبخت ڈیزل نے زندگی میں بس ایک دفعہ سچ بولا تھا,0
گوگل کو گوگل میپ سندھ حکومت نے بنا کر دیاجس سے گوگل دن رات فائدہ اٹھا رہا ہے یا اللہ یہ کس طرح کے جاہلوں سے پالا پڑا ہے,1
پائن آخری بات کے علاوہ متفق میں اس شخص کا دفاع کبھی کسی صورت کسی حالت میں نہیں کروں گی دو سانپوں کی لڑائی میں میرا کیا کام,0
اعلان ہوگا سرعام ہوگا وزیر اعظم ایک بار پھر ہمارا کپتان ہوگا,0
آرمی کوجو نقصان گزشتہ چندماہ میں ہوچکا ہےوہ دشمن سال میں نہیں پہنچاسکااوراس سب کا ذمہ دارچیف صاحب کےعلاوہ کوئی اور نہیں کل سے یہ ٹرینڈ ٹاپ پر آرہا ہے لعنت ہو لعنت برس رہی ہے پر,1
پاکستان سے غداری کرنے والوں پر غیرتوں,1
عمران خان کو فوری طور پر استعفی دے دینا چاہیے ورنہ یہ لوگ بھوکے مر جائیں گے,1
جب نجم سیٹھی جیسے فوج کی تعریف کرنے لگیں تو سمجھ جائیں کہ ابلیس مسجد کے اریب قریب پہنچ گیا ہے مگر مسجد میں گھس نہیں سکتا,1
عابد صاحب ان دنوں میں آپکو یہاں ہونا چاہئے تھا آپ نے کہا تھا ختنے کراتے ہی آ جاؤں گا ابھی تک نہیں آئے,1
تتہ پانی سکٹر میں انڈین فوجی اور افسر سمیت بکر تباہ,0
اس دفعہ ہم عمران خان کو روٹی کپڑا اور مکان کی بجائے عزت غیرت اور پاکستان کے لئے منتخب کریں گے انشاء اللہ,1
اگر اس پالتو پٹواری گورنر نے غیر آئینی حرکت کی تو اسے برطرف کر کے آرٹیکل لگایا جا گا,1
ان شاءاللہ عمران خان دوبارہ وزیراعظم بنے گا,0
کوہساروں کے امین شاد باد رھیں یہ سرزمین,0
ہمت ہے تو آئے کوئ ہم سے ٹکرائے کوئ,0
لفافہ صحافت ایک لعنت ہے کچھ لفافی بڑی ڈیھٹائی سے لیتے ہیں,1
مریم صاحبہ فرمایا کرتی تھی بوٹ پولش کرنا بہت آسان ہے یہ کام انہیں بھی آتا ہے اور پھر دنیا نے دیکھا کہ کس طرح سے انہوں نے باجوہ کے بوٹ پولش کر کے حکومت اور حاصل کیا,1
غلیظ صحافیوں کا پروپیگنڈہ بے نقاب سینٹر ولید اقبال نے ابھی ندیم ٹکلے کے پروگرام میں مکمل طور پر اس بات کو مسترد کردیا کہ نے کہا کہ کوئی اور چوائس ہی نہیں ہے تم لوگ کہاں ہو اس جھوٹے پروپیگنڈے کو جواب دینے کیلئے,1
ہے کوئی جواب اس بات کا,0
مجھے آج یقین ھو گیا ھے کہ آپ حق سچ کہنے والی غیرت مند پختون ھو,0
میک اپ کی وجہ سے تم خوبصورت ہو در حقیقت اصل میں بد صورت ہو کتنی مغرور ہیں تمہاری آنکھیں نشے میں چور ھیں تمہاری آنکھیں,0
خان صاحب کی خریدی ہوئی گھڑی کو لے کر گھنگرو توڑ گریبان چاک پٹ سیاپا ڈالنے والے بیغیرتو سنو اپنے والدین کے قصے اور حیا کرو,1
ہم نواز شریف جیسے درندے کو برداشت نہیں کر سکتے اگر ہم نے اسکو چھوڑ دیا تو اللہ تعالی بھی ہم کو معاف نہیں کرے گا,1
اللہ میرے مرشد کو کامیابی دے پھونکیں مارنے والی نانی سے محفوظ رکھے آمین دو,1
ایک سیکیورٹی گارڈ بندوق کے زور پر بینک کا منیجر بنا رہا جب پکڑا گیا تو کہنے لگا میں نے دس سال بینک کی خدمت کی ہے پرویز مشرف,0
آج فضل الرحمن کی تقریر پر لفافے نے ٹویٹ نہیں کیا فضل الرحمن چیخ چیخ کر که رہا تھا باجوہ صاحب ہمارے ساتھ اتحاد کر لو لعنت ہو ڈیزل تم پر,1
اچانک ویں ترمیم کے خاتمے کا ذکر پھر وزارت اطلاعات میں عاصم سلیم باجوہ کی تعیناتی اور اب وزیراعظم عمران خان کا خلاف ضابطہ تعیناتیوں پر نوٹس وفاق میں تھرتھلیاں مچ گئیں لگتا ہے خان ایک ہی اوور میں ساری کرپٹ وکٹیں اڑانے کے موڈ میں ہیں,1
نانی دھڑا دھڑا ٹویٹ کرنے سے خان صاحب ریپلائی تھوڑی نا کر دے گے ہائے یہ کی حسرت,0
شکریہ انگلینڈ اور شکریہ ریاض ملک کا جنہوں نے کالا دھن پکڑا اور جن کا کالا دھن پکڑا گیا اور منہ کالا امران خائن کا ہوا اور آنے والے دنوں میں ہو گا دسو تے سہی کون ہے کرپشن کے خلاف جس نے کابینہ کو اس کیس میں سارے سوراخ بند رکھنے کا حکم دیا ہے,0
ماضی کے جھروکوں سے میری غیرت مریم نواز جیسی ہے مگر میں اپنے والد کے کے ساتھ بھاگی نہیں شرمیلہ فاروقی,1
بچے بچے کی زبان پر ہے یہی شعور بس چاہئیے تھا اب ان شاء اللہ منزل دور نہیں,0
ڈرٹی ہیری کے آنے کے بعد سے ظلم و ستم کی ایک نئی داستان رقم ہوئی چیئرمین پاکستان تحریک عمران خان کا اہم پریس کانفرنس,1
اس چور کو لسی کے پیسے ہی دے دو نہیں تو یہ مر جائے گا ڈیزل,1
کپتان آج شام بجے پریس کانفرنس کرکے اس گندے نظام اور اس کے حامی حرامیوں کو مزید ننگا کرے گا,1
سوال جواب کی کوالٹی دیکھیں مین اسٹریم میڈیا پر بیٹھے ملینز میں تنخواہیں بٹورنے والوں کے لیے شرم سے ڈوب مرنے کا مقام ہے,1
او بھینگی طوائف تیری یار کے کتنے پلیٹلٹ باقی رہ گئے ہیں زرا اس کے چڈوں میں گھس کر چیک کے تو بتاو,1
نواز شریف خاندان کا دست راست پرویز رشید کس طرح فوج کو تمام پاکستانی برائیوں کی جڑ قرار دے رہا ہے لیکن اسپر جنرل باجوہ کی غیرت نہیں جاگی,1
کتے احتجاج کرے ہے کہ بلاول سے ہمیں کیوں ملایا,1
پاکستان کے دشمن پاکستانی عوام کے دشمن آٸین و قانون کو توڑنے والےلوگ ہیں,0
عالیہ حمزہ کامریم نواز کےعدلیہ پر الزامات کاحقائق سےجواب جھوٹمکاری اوربے شرمی توویسےاس ٹبرکے ڈی این اے میں ہے لیکن پھربھی میراکھلاچیلنج ہےکسی بھی مرضی کےچینل اوراینکرکےپروگرام میں بیٹھ کربی بی میرےساتھ مناظرہ کرلیں,1
عمرانی غلاظت پاکستانی کو ختم کرنے کے مشن پر ہے,1
لعنتت بے شمار ان نمک حرام دلالوںیوتھیوں اور امرانڈوز پرجو یہ آج ٹرینڈ چلا رہے ہیں,1
سندھ میں غریبوں کا حال ملاحظہ کریں کمزور مجبور و بےبس عورت ذاتی جیل میں پابند سلاسل ہے وزیراعلی سندھ کے شہر دادو کے علاقے واہی پاندھی میں سسر نے بہو کو باندھ کر رکھا ہوا ہے خاندان چونکہ پیپل پارٹی کو سپورٹ کرتا ہے اسلیے کوئی شنوائی نہیں,1
یہ چول انسان اپنے آپ کو سچی میں کوئی توپ چیز سمجھنے لگا تھا دونوں بچوں نے کے آئین کے تحت خوب زلیل و خوار کیا اس بےچارے کو,1
کل کے چور آج کے اتحادی,0
اگر کوئی آپ جتنا کرپٹ اور آپ کے باپ شریف جتنا نااہل ہو تو قوم کیا کرے آپ رہنمائی کریں,0
پٹواریوں کی جہالت عروج پر ھے,1
جیسے گندے باپ ویسی گندی اولاد,1
اور پاکستان کے ڈکٹیشن کس سب سے بڑا غدار,0
نہ کوئی ذاتی مفاد ہےنا کسی ایم پی اے یا ایم این اے سے لالچ جس کے پاس بلے کا نشان ہو گا انشاءالله باوضو ہو کر اسے ووٹ دیکر اپنے عظیم لیڈر عمران خان سے وفاداری کا ثبوت دینگے,0
جان بوجھکر طالبان کو واپس لایا گیا اپنی ایکسٹنشن کیلےیہ ہے مکروہ چہرہ کا مریم ننے صیح کہا تھا ان جرنیلوں نے آرمی سکول کے بچے مارے ہیں خواجہ بھی ٹھیک ہےکہ کون سی جنگ جیتی ہے نواز بھی ٹھیک ہے کہ ان کو ٹینک بندوقیں عوام خرید کر دیتے ہیں اور یہ عوام کو ہی مارتے ہیں,1
عدالت نے فواد چوہدری کا راہداری ریمانڈ منظور کر لیا,0
توبہ توبہ آرمی چیف اور وزیر آعظم سے لے کہ چپڑاسی تک درجنوں کا وفد سعودی سے چاول کے تھیلے مانگ تانگ لے کر لوٹ آیا ان چاولوں کی قیمت کا موازنہ خود ہی اس دورہ کی قیمت سے کر لیں چمتکار واضع ہو جائے گا,0
جب بھی کسی ایک لرپٹ یا ملک دشمن کا کوئ راز کھلتا یا کوئ کرپشن سکینڈل آتا ہے تو یہی کچھ چہرےآپکو ایک پیج پر نظر آتے ہیں چاہے وہ کرپشن ہو غداری ہو یا کوئ حرام کام یہ لوگ اسکو ڈیفنڈ کرتے ہوئے نظر آئیں گے,1
یہ سارا کریڈٹ کو اور کو جانا چاہئیے کیونکہ یہ بازاروں میں آہ کر عوام سے پوچھتے تھے اب یہ کنجری ماں کے بچے کیدر ہیں سلیم لفافہ حامد میر کیدر ہو بغیرتو آپ کی وجہ سے یہ سب کچھ ہو رہا ہے پاکستان کی فوج کا غدار,1
راجہ پرویز اشرف کچھ دن پہلے استعفے قبول کرنے سے انکاری تھا اور انفرادی طور پر ممبران کو بلانا چاہ رہا تھا خان صاحب نے اسمبلی واپس جانے کا اعلان کیا تو ناصرف استعفے قبول کر لیے بلکہ پالتو سکندر سلطان راجہ نے ڈی نوٹیفائی بھی کر دیا,0
یہ ہیں عاشقان رسول ہونے کا دعوی کرنے والوں کا طرز عمل یہ وہی فطرت اور خصلت ہے جو عراق اور شام میں دائیش کی تھی,0
ان دو موٹیویشنلز کے لیکچر سن کر کامیاب ھونے سے اچھا ھے کہ بندہ حافی اور زریون کی شاعری سن کر برباد ہوجائے,0
پاکستان مین پہلے نمبر پر گشتی مریم ھے اور دوسرے نمبر پر یہ گھوڑی ھے,1
نواز شریف پہلے خود تو سدھر جائے پچھلے ساڑھے تین سال سے کلچ پلیٹیں رنگ پسٹن انجن والو اور وائرنگ سڑوا کے لندن کے ایون فیلڈ نامی گیراج میں اینٹوں پر ناکارہ بیٹھا ہوا ہے,0
آج کا الیکشن کوئی مذاق نہیں تھا ایک طرف اسٹیبلشمنٹ عدلیہ تیر شیر لالٹین سمیت گیارہ جماعتوں کا اتحاد تھا اور مشن صرف ایک تھا کہ عمران خان کی مقبولیت کو گرہن لگانی تھی آج عمران خان ایک بار پھر ان کو شکست دے کر سرخرو ہوا وتعز من تشاء وتذل من تشاء,1
اپنی بیٹی کی قبر پر چیختا چلاتا یہ فریادیوالدپتھر مار مار کرقتل کی گئی اپنی بیٹی کے قاتلوں کی گرفتاری کا مطالبہ کر رہا ہے یہ دلخراش واقعہ وزیراعلی سندھ کے آبائ ضلع جامشوروکے گاؤں وڈا چھچھر میں وزیراں نامی لڑکی کے ساتھ پیش آیا,1
اس بیغیرت عطاء تارڑ کو ناصرف جوتے مارنے چاہیے بلکہ اسمبلی داخلے پر تاحیات پابندی لگانی چاہیے,1
شاہد پینٹ عباسی کے الیکشن بارے بیان اور قمر زمان کائرہ کا بینظیر کو امریکہ کی سپورٹ بارے بیان کے بعد پیش خدمت ہے پیپل پارٹی کے سردار عبدل قیوم جتوئی کا بیان کہ کرپشن ہمارا حق ہے اسلیے ہم کرتے ہیں یہ ہیں وہ ہیرے جو پچھلے تیس سال میں پاکستانی قوم کے سروں پر براجمان تھے,1
اوۓ ظالمو کتھے مرگۓ او کتورے جہیڑے کہیندے سی شوباز شریف کو سے نمٹے کیلیۓ ٹاسک دو خیر سے اسے بھی کسی ٹاسک کی ضرورت ہے ویسے مختیارا سہی کہیندا اوۓ کنجرا گھر بیٹھ جا,1
بدقسمتی ھے کہ پاکستان کی عدلیہ کے کچھ مکروہ کردار ایک سرٹیفائیڈ چور کی پشت پر ہیں,1
اتنی کھلی بےشرمی اور ننگی کرپشن پر اس قسم کے الفاظ استعمال کرنے کی جرت تو براہ راست مجرموں پیپلزپارٹی اور نون لیگ کو بھی نہیں ہوئی جو سروس یہ منصف فراہم کر رہے ہیں,1
توشہ خان کیلیۓ آئین و قانون کو مذاق مت بناؤ نکریمینلکورٹ,1
گزشتہ ہفتے یہ مجرمہ بینظیر تھیں اس ہفتے یہ ذوالفقار علی بھٹو بننے کے چکروں میں ہیں لیکن بی بی آپ زیادہ سے زیادہ الطاف حسین بن سکتی ہیں,1
عنقریب کسی کے پاگل ہونے کی خبر آنے والی ہے,0
بھائی ٹویٹ غور سے پڑھیں میں بھی آپ والی بات ہی کر رہی ہوں,0
اسمبلی بازی لے گٸ نگراں وزیراعلی جناب اعظم خان,0
باجوہ کچھ شرم کرو کچھ حیا کرو اگر تم میں رتی بھر بھی غیرت بأقی ہے تو استعفی دو اور ملک کی اور ہماری جان چھوڑو حلیم عادل شیخ اور عمران ریاض خان کو رہا کرو,1
ہیلتھ منسٹر سندھ اپنے صوبے سے کرونا وائرس کا خاتمہ کرنے کے بعد آرام فرما رہی ہیں جیو نیوز و ہمنوا یہ تو کا عالم ہے,1
یہ کنجری عورتیں ہیں ان بےغیرتوں کو ننگا کر کے چوک پر کھڑا کر دو یہی ان بےغیرتوں کی پہچان ہے,0
ان شریفوں کی روایت رہی ہے مرضی سے ٹارگٹ کرنا جب لگے ہم پھنس جائیں گے تب کتے کی طرح اسپر بھونکنا شروع کردیتے ہے,1
سندھ کے مشیر تعلیم رکن سندھ اسمبلی صوبائی وزیر سعید غنی کا انقلابی ایکشن اپنے حلقے کے سرکاری اسکولوں کے اندر بندھے گدھوں کو نکال کر باہر بندھوا دیا اسے کہتے ہیں ایڈمنسٹریشن ایسے کہتے ہیں فوری ایکشن یہ ہوتی ہے حکومت یہ ہوتا ہے احساس ذمہ داری,1
پاکستانی بھایوں اپنی طاقت جان کے جیو انھوں نے پہلی دفعہ ہم سے پنگا لیا ھے انکو اس وقت تک چھوڑنا نہیں ھے جب تک یہ سیاست سے کنارہ کشی اختیار کے اپنے کام پہ نھیں لگ جاتے,1
کوئی ان کے ساتھ بغلول کو بھی شامل کر دے پلیز,1
ان غداروں کو عوام یاد رکھیں انہونی قوم کے ساتھ بہوت ظلم کیا ہے قوم جلدی بہول جاتی ہی یاد دلانی کے لئی ان غداروں کو عبرتناک سزا دینا چاہتے,1
پاکستانی عوام سے غداری کا لقب لے کر اپنے کتے باپ امریکہ سے شاباشی لے رہا ہے تیرا ککھ نہ رہے باجوہ غدار شرم کرو تم تو اس وردی کے بھی لائق نہیں کچھ عوام کو بتاؤ کتنے ڈالر ملے کتے کو امریکہ کہ تلوے چاٹنے پے,1
صدر پی ٹی آئی سنٹرل پنجاب ڈاکٹر یاسمین راشد و جنرل سیکرٹری میاں حماد اظہر کی پنجاب آفس میں پارٹی رہنماٶں سے ملاقات عام انتخابات کی تیاریوں کے حوالے سے بات چیت ملاقات میں سینئر نائب صدر اعجاز منہاس سیکرٹری کوارڈینشین شنیلا علی بھی موجود,0
مقابلہ ن لیک سے نہیں پتلون والوں سے ھے,0
جی یہ سفاق دھاندلی کی تدبیر ہے کمی صرف فوج کی عدم مداخلت کی ہے,0
ہمیں یہودی ملک اسرائیل کو تسلیم کرنا چاہئےلیفٹیننٹ جنرل ر امجد شعیب یہودی ایجنٹ کی حکومت میں باقاعدہ اس لابنگ کیلئے کالج یونیورسٹی کے طلباء کےخصوصی پروگرام ارینج کئے جاتےتھے موجودہ حکومت نے اسکو گرفتار کر لیا ہے اسکی گرفتاری پرکو آج سخت تکلیف ھورھی ھے,1
بلاول زرداری کو سگریٹ پر لگانے والے تمام کھسروں پر سخت کاروائی کا فیصلہ حکومت سندھ,0
حکومت نے جنرل حیدر کی سربراہی میں نیشنل کنسٹرکشن کمپنی قائم کردی شبلی فراز,0
پاکستان ایک خوش قسمت ملک ہے جس کا سربراہ پہلے حاجی تھا اب حافظ ہے اور اس کے بعد اللہ ہی حافظ ہے,0
جو شخص گولیاں لگنے کے دن بعد ہی واپس اپنی عوام میں نکلا صرف اپنے لوگوں کے آزاد مستقبل کیلئے کیا آپ اسے روک سکتے ہیں,0
خاندانی گھروں میں جن کی تربیت ہوتی ہے وہ دوسروں کے بوٹ پالش نہیں کرتے اور نہ ہی کنجروں کی طرح دوسروں کے آگے ناچتے ہیں,1
یہ چور ہم پے مسلط ہوا ہے ڈگی والا بندر,1
اس حرام زادے منافق کو باجوہ سے پہکے پھانسی ملنی چاہیے,1
یہ اس جدی پشتی کھرب پتی خاندان کی پاکستان میں موٹرویز بننے سے پہلے کی تصویر ہے,0
اج ایک مرتبہ پہر کوٸٹہ کے نواحی کچلاک میں نماز جمعہ کے دوران بم بلاسٹ ہوا,0
سال سے چلتا یہ غلیظ اور بدبودار نظام اور اس نظام کو چلانے والوں کو چوکوں چوراہوں پر ننگا کرکے گھسیٹنا,1
عرش بریں کے مالک بتا تو ہی وہ جو تھے وعدے جزا کے کیا ہوۓ,0
جنگلی جانوروں کو آئ ایس آئ نہیں اٹھا کر لے جاتی ہے جنگلی جانوروں کو میونسیپیلیٹی والے لے کر جاتے ہیں اینج تے فیر اینج ای سہی,1
پاکستان فراڈیوں کی جنت ہے اور عمران احمد نیازی جنت کو ان منافقوں سے پاک کرنے پھر سے آرہا ہے انشاء اللہ,0
یہ ہیں وہ حالات جو محمد علی جناح اور علامہ اقبال نے برسوں پہلے بھانپ لئیے تھے ازان دینے کے جرم میں ہندو انتہا پسندوں سے ماں بہن کی ننگی گالیاں برداشت کرتے ان مسلمانوں کا اللہ مددگار ہو,1
ٹر گئے یار بندوقاں والےلے گئے دولت ساری,1
فرخ حبیب اپوزیشن کی بینڈ بجاتے ہوۓ,1
جب میں جیل میں تھی تو مجھے چوہوں کا بچا ہوا کھانا کھلایا جاتا تھا مریم نواز ابھی شہباز شریف نے کہنا مجھے کھوتوں کی بچی پھک کھلائی جاتی ہے کوئی پتہ نئیں اینہاں دا,1
تم لوگوں کی پین دی سری انشاءاللہ تم کتوروں کو کے گلے میں پٹا جلدی ڈالہ جائے گا عمران خان کو سیاست نہیں اتی اگے اگے دیکھو کتوں,1
اس حرامی کی گانڈ میں ڈنڈا دینا ہے یہ چوتیا حرامزادے بھکاریوں کا دلا بنا ہوا ہے,1
دیکھیے آج رات گیارہ بجے سینیٹر افراسیاب خٹک کے ساتھ ۱ جنرل بلال کی سعودیہ تعیناتی کی اصل وجہہ جو آپ کو کسی اور نے نہیں بتائی پاکستان میں احتساب کا ماضی اور حال کیا یہ پولیٹیکل اینجینئیرنگ اور کرپشن کا فرنٹ ہے,0
بلاول بیغیرت زرداری چور کس کو بیوقوف بنا رہے ہیں آج پیپل پالٹی ن لیگ کے بناۓ کیسز میں اور ن پیپل پالٹی دور کے بناۓ گۓ تھے,1
کورونا وائرس جیسی وباء کے دوران جب محترم ارشد وحید چوہدری کو کچھ نا ملا تو فیک نیوز پر جملے کسنے لگے جیسے یہ کرونا کاٹتا کیسے ہے,1
عمران خان کوچیئرمین شپ سے ہٹانے کے ممکنہ منصوبے کے خلاف پی ٹی آئی نے جوابی پلان آف ایکشن تیار کرلیا,0
انصافینز کی زرا سی دھمکی پر رانا باندری کی کانپیں ٹانگ گئیں,1
وزیراعظم عمران خان کی والدہ مرحومہ جو کہ اس دنیا میں ہیں ہی نہیں کی طرف ایک خیالی کالم لکھنا کیا یہ کنجر پن نہیں ہے اور یہ کنجر اپنے آپ کو دنیا کا سلجھا ہوا انسان سمجھتا ہے اس بیغیرتی پر اس کو جرمانہ ہونا چاہیے,1
پہلے ٹاوٹ سے سیاست دانوں پہ حملہ کی دعوت,0
آج کل بیچارے پٹواریوں کے ستارے گردش میں آئے ہوئے ہیں کل چودھریوں کے ہاتھوں زلیل ہوئے اور آج مونس الہی نے امیدوں پر پانی پھیر دیا پھر بیشرم عطا تارڑ ثمینہ خاور حیات سے دھلائی کروانے کاشف عباسی کے پروگرام میں پہنچ گیا,1
عوام ناں لکھیں یہاں صرف یوتھئیے دگڑ دلے لکھیں عوام اس فتنہ فسادی عمران دگڑ دلے لنگڑے توشہ خانہ چور کو جیل میں دیکھنا چاہتی ہے,1
قومی مجرم کا استقبال کرنے والے بے شرم لوگثابت شدہ گھڑی چور مجرم عدالت میں پیش ہونے کے لیے جا رہا ہے کسی جہاد پر نہیں شرم کرو,1
پاکستان کو مدینہ طرز کی ریاست بناونگاعمران خان میرا جسم میری مرضی والیوں کی حمایت کرتی ہوں عودت کو حق ہے وہ عورت سے شادی کرے یا مرد سےشیری مزاری ہم چاہے ننگی گھومیں مولیوں کو اعتراض ہے تو اپنی آنکھوں پر دوبٹہ باندھ لیں ایمان مزاری خان صاحب گند بھری ٹرالی کو باہر پھینکیں,1
منافقت یا بدحواسی نااہل امپورٹڈ ٹولہ اپنی ہی سازشوں میں دھنستا چلا جارہا ہے جیسے ہی توشہ خانہ کا پچھلا ریکارڈ طلب کیا گیا انھیں یاد آیا کہ اس سے تو خارجہ تعلقات پر برا اثر پڑسکتا,0
عمران خان نیت کا صاف سخت محنتی اور بلا کا ذہین ہے اور اگر کسی میں یہ تینوں اکٹھے ہوجائیں تو اسے روکنا ناممکن ہوجاتا ہے,0
پنجابی میں اس سے بہترین چھترول نہیں ہو سکتی,0
اعظم خان متفقہ طور پر خیبر پختونخوا کے نگراں وزیراعلی نامزد تفصیلات کے مطابق,0
اکیلا کھڑا تھا اکیلے لڑ رہا ہے,0
سندھ میں کرپشن کا حال کل نیب نےکراچی میں کورنگی کے نچلی سطح کے دو افسران کےگھروںپر چھاپےسےبرآمدگی کی ہیں سونےکی اینٹیں نوٹوں کی گڈیاں,1
سربراہ پنچائیت اب عمران خان کو نہیں اپنی عزت بچانے کی کوشش کر رہے ہیں نکریمینلکورٹ,1
عمران خان تیری جرت و بہادری کو سلام,0
مشرف کے دور میں ان وکلا نے ججز کے حق کیلے جنگ لڑی مگر فائدہ نہ ہوا یہ آج بھی بوٹ کے آگے لیٹ جاتے ہیں اب اگر ہم کوئ بات کریں تو کہتے ہیں ان کے حق میں فیصلہ آۓ تو ٹھیک نا آۓ تو گالیاں دیتے ہیں عوام اب بےوقوف نہیں اس کو معلوم ہے کیا قانون ہے اور کیا بوٹ ہے,1
ایک طرف اشرف غنی اپنی رنگینیوں میں مصروف ہے تو دوسری طرف کابل میں بچے مارے جارہے ہیں لر و بر کا نعرہ افعانستان کے ان عیاش لیڈروں کے خلاف کیوں نہیں لگایا جاتا,1
کچھ پرانی یادیں یہ ہوتا ہے لیڈر وزن دار سوال کا وزن دار جواب شوباز کو ہم ویسے ہی نفسیاتی مریض نہیں کہتے سوال تھا کہ پنجاب کا تھانہ کلچر کیوں ٹھیک نہیں ہوا جواب آپ خود سن لے ہاں زرا غور سے,1
میں لڑ رہاتھا اور میرا سالار بک گیا,0
کنجری بھی اس کی ماں سے ہزار گناہ زیادہ عزت کی مستحق ہے,1
مسئلہ زرداری کے سامنے یہ آن پڑا ہے کہ مقابلے میں عمران خان کھڑا ہے اور اس نے تو بڑے بڑوں کی سیاست ایسی ختم کر دی ہے کہ وہ اپنے الیکشن کمیشن کے ہوتے ہوئے بھی الیکشن لڑنے کی ہمت نہیں کر پا رہے,0
یہ باجوہ ڈاکٹرائن بہت مہنگی پڑی ہمیں,0
صبح دس بجےتک اس جج نےاپنےختنےکروانےہیں یا باجوہ دی دےیارنال سوناھیگا جج دا ناں وی دسیا کر صدیق جان کتنی واری آکھیا تہانو وی قسمیں,1
سندھ میں اتنا بڑا چوہا ہے کہ ہزاروں ٹن گندم کھا گیا اور اس چوہے کا نام ہے بھٹو زرداری,1
ہم کرونا وائرس کو دو دن کی مہلت دیتے ہیں پھر ہمیں نہ روکا جائے قائد غداران ملت ملاں فضل الرحمان,1
وزیر اعظم اسلامی جمہوریہ پاکستان عمران احمد خان نیازی انشاء اللہ العزیز,0
اب ہوگا تماشہ کھیل اور میدان میں جیتے کا کپتان ہمارا پولیٹیکل گراونڈ میں,0
حکومتی اعوانوں کو حامد میر نے کھل کر بلیک میل کیا اور اربوکی جائیدادیں بنائیں پنجاب اسمبلی میں ازمہ بخاری نے سوال کیا کہ حامد میر اور انثار عباسی جیسے صحافی جو دس سال پہلے موٹر سائیکل پر ہوتے تھے وہ اربوں کے مالک کیسے بن گیے,1
یوگوسلاویہ کے موٹیویشنل اسپیکر صاحب اس کا مطلب سب سےبڑے چور اور ڈاکو تو آپ ہیں کیونکہ آپ نے بڑی بڑی باتیں کرکے اور ہمیں امیدیں دکھا کر اسپیکر بنےہیں,1
پہلی تصویر نانی کا فیصلہ دوسری تصویر فیصلے فیصلے سے قبل ہی نتیجہ,1
سر آئینہ محسن نقوی ہے پس آئینہ کوئ اور ہے جب تک پس آئینہ سر آئینہ نہیں ہوتا تب تک پاکستان میں جمہوریت لنگڑی لولی ہی رہے گی اور پس آئینہ کو سر آئینہ کرنا پاکستان کی قوم کی ذمہ داری ہے,0
وفاقی کابینہ نے عمران خان اعظم خان اور دیگر کیخلاف قانونی کارروائی کی باضابطہ منظوری دے دی,0
جس نے صبح اپنے حق میں آٹھ ٹرینڈ چلوا رکھے تھے,0
میجر جنرل جان آصف غفور کی دو دن بعد اکسپائیر ڈیٹ آرہی ہے انکو اکسٹینشن نہیں ملیگی کیا چلو مٹی پاؤ اگوں کون آریا,0
ہنڈل کو قوم نے تیری گانڈ میں گھسا دیا ہے بیغیرت چور غدار,1
ایک محب وطن فوجی کی ماں کا خط اس خط میں چھپی تکلیف کو دل سے محسوس کیا جا سکتا ہے,0
اس بات میں اب کوئی شک نہیں رہا کہ بلجیم کا بغلول نہ صرف بیغیرت ہے بلکہ غدار بھی ہے,1
وه ایک ناجائز باپ کا ناجائز بیٹا باجوہ بغیرت ہے ظلم زیادہ دیر نہیں چلتا انشاءاللہ اس کا حساب دے گا باجوہ بغیرت,1
نانی امہ مجھے وہ کام آتا ہے جو بہت آسان ہےیہی تو کام آتا ہے بوٹ چاٹنا پورا ٹبر چور ہے میں نے کبھی سچ بولا نہیں میں کبھی روئی نہیں عدالت سے چھوٹی سی سرجری کے لئے اپنے ملک لندن جانے کی اجازت اور پاسپورٹ نہ ملنے پر لپٹ لپٹ کر روتے ھوۓچل جھوٹی,1
جو حق کی راہ پر چلتے ہیں وہ سوائے اللہ کے کسی سے نہیں ڈرتے,0
میرا کوے مساوی سے ایک سوال ہے اس اکتوبر کے لائن آپ میں میجر جنرل ملک کون سا والا ہے جو اکتوبر کو آپ سے سودا کرنے آیا تھا,0
لعنتی مردود مبشر ذیدی کا کام ہی اسلام اور اسلامی احکام شریعت پرتنقیدکرنا ہے,1
یہ اعتزاز احسن نے رنگ میں بھنگ دال دی پیپل پارٹی کو استیعفے دینے دیتے تاکہ عمران خان پارلیمان میں دو تہائ اکثریت حاصل کر سکتا پھر آرام سے اٹھاروی ترمیم صدارتی نظامنئے صوبوں جیسے آین کے سارے مسائل ہل کئےجاسکتے تھے,1
پاکستان واحد ملک جہاں ڈگریوں والے رکشہ اور جعلی ڈگریوں والےجہاز چلارہے ہیں جبکے ماضی میں بغیر دماغ والا ملک چلاتا رہا جسکے ملک میں مرنے کا ذمہ دار عمران ہوتا پھر وہ لندن گیاجبکے لندن میں اسکےمرنےکا ذمہ دار بورس جانسن نہیں ہوگا ہاۓ رے منافقت دشمنی صرف عمران سے,1
پاکستان تحریک انصاف کا سرگودھا سے نون لیگ کو بڑا سیاسی جھٹکا اپنے تمام ساتھیوں کے ہمراہ نون لیگ کو چھوڑ کے پاکستان تحریک انصاف میں شامل,0
وہ جھکا نہیں وہ بکا نہیں وہ ڈرا نہیں اس کا نام ہگ کپتان,0
کل چور خاندان کی ایک چورنی نیب میں حساب دینے آئی کیونکہ جواب نہیں تھا اس لیے غنڈوں کیساتھ ریاستی ادارے پر حملہ کردیا آج پاکستان کے وزیراعلی پنجاب نیب میں پیش ہوا نہ کوئی سڑک بلاک ہوئی نہ کوئی پروٹوکول نظر آیا جب آپ نے غلط کام نہ کیا ہوا تو پھر ادارواں کا سامنے کرنے سے ڈر کیسا,1
حافظ حاجی سے بھی ذیادہ ننگا اور بےغیرت ھے,1
گل نئی سمجھنی تے نا سمجھو جتھے روو خوش روو,0
کلپ دیکھیں مزہ نا آئے تو کہنا بندہ نشئیی ضرور ہے مگر باتئں سچی کر رہا ہے,0
کتوں کی طرح بھونکتے تھے جب چار روپے پٹرول بڑھتا تھا اب ھڈی ملی ھوئی حکومت جرنیلوں ایجینسیوں سے ان صحافت کی طوائفوں کو دوسرا منصور علی خان تھا,1
سیلاب فوج بلاؤ زلزلے فوج کو بلاؤ دھرنے فوج کو بلاؤ راشن تقسیم فوج کو بلاؤ کورونا وائرس فوج کو بلاؤ اب ٹڈی دل کے لیے بھی فوج کو بلاؤ کوئی ان ڈیموکریٹس سے پوچھے کیا ہم نے آپکو عید کی قربانی کے لیے رکھا ہے,1
يہ دونوں تو ايک ہی وٹس ايپ گروپ کے نکلے کوئی شرم کوئی حياء نہیںادارےبچاؤ,1
ویسے صحافتی طوائفیں جسمانی طوائفوں سے بدتر ہیں جسم بیچنے والی کو اپنے پیشے کا کچھ بھرم ہوتا ہے لیکن ان صحافتی طوائفوں کے لیے خدا صرف اور صرف پیسہ ہے لفافے کی شکل میں,1
دن رات ایک کر کے نمک حلالی کی کوشش تو کر رہے ہیں,0
آلو کی پٹھی کم از کم دکھاوے کے لئے ہی استعفی دے دینا تھا,1
پی ٹی آئی سوشل میڈیا رکن کی گرفتاری پشاور ایکسائز تھانےکا عملہ معطل بعض اہلکاروں نے نام ظاہر نہ کرنے کی شرط پر بتایا کہ مشکوک ڈرون آپریٹر کو اپنے ساتھ لے جاتے وقت وزیراعلی محمود خان نے گالم گلوچ بھی کی,0
اردو کی ماں بہن ایک کر دی اس ٹچے نے,1
روکو گے تو بھ جاؤ گے,0
جو ملک اور معیشت کا حال اس کی امپورٹڈ اور کرپٹ حکومت نے اب تک کردیاہے ان کا نامزد کردہ کوئی بھی شخص ملک و قوم کے مفاد میں کسی صورت قابل قبول نہیں ہوگا اور وہ بھی اپنے آقاوں کے نقش قدم پر چلتے ہوئے صرف اپنا مفاد آگے رکھے گا,0
ان دونوں کو ہی ننگے مردوں کو دیکھنے کا شوق ہے,1
اگر الیکشن کا کام جرنیلوں نے کرنا ہے چوروں کو کرنے کے لیے پھر باڈر کے جوانوں کو خوش کرنے کے لیے جرنیل اپنی مائیں بہنیں بیٹیاں بھیج دیں وہاں تاکہ جوان بھی وہ کچھ کر لیں لاکھ دی لعنت,1
کرائم منسٹر چیری بلاسم بوٹ پالش کہتا ہے کہ خان صاحب جھوٹ بولتے ہیں شریف خاندان سے زیادہ جھوٹا منافق بہیودہبیکار کرپٹبیشرم بیغیرت خاندان شاید پوری دنیا میں نہیں,1
افسوس کہ فاتمہ جناح کی مسلم لیگ کی نمائندگی وہاں موجود نہیں تھی,0
ابھی ایک انڈین کی ویڈیو نظروں سے گزری جس میں دونوں ممالک کے درمیان بھرپور امن اور محبت کا اظہار دیکھا دونوں طرف کی عوام امن چاہتی ہے لیکن اس کا ایک طریقہ ہے جس کا آغاز نے کیا تھا,0
باجوے نے مجھے امریکہ مخالف بنا کر پیش کیا پھر سائفر آیا نیشنل سیکیورٹی کمیٹی کی میٹنگ ہوئی جس کے منٹس ریکارڈ ہوئے اور امریکی سفیر کو ڈیمارش کیا گیا خان صاحب,0
نہ نوازشریف باپ کی تدفین میں شریک ھوسکا نہ حسن حسین نواز ماں کی تدفین میں شریک ھو سکے نہ یہ دونوں پوتے اب دادی کی تدفین میں شریک ھونگے نہ نوازشریف اپنی ماں کی تدفین میں شریک ھوگا حرام کا پیسہ انسان کو کس عبرت انگیز انجام سےدوچار کردیتاھے فاعتبرویااولی الابصار,1
مریم صفدر پر آ رٹیکل لگایا جائے ایک ملک دو دستور نا منظور نامنظور,0
ریاست ہو گی ماں کے جیسی,0
ہیرےمنڈی کی پیداوار ایک کام کرو مرد ھو تو جو تم ھو نہی ایک منٹ کے لیے عام پبلک مین او تو لگ تم کو پتہ جاے سور کے بچے,1
اہنے آپکو مسلمان کہنے والے باجوے سے تو غیرت والا ہٹلر تھا عزت پر بات آئی تو خود کو گولی مار دی,1
اب دفعہ ہو جا اور اپنی گندی شکل کبھی نہ دکھانا حرامی,1
اب آگیا نا لائن پہ بولا تھا نا داداگیری نہیں کرنے کا جس کا لیڈر گالی دیتا ہو اس کا سپورٹر گالی ہی دیگا کیونکہ نظریہ جو گالی کا ہے اور بھی گالی دو سر,1
پاکستان دنیا کا واحد ملک ہے جس میں مجرمان اور کھسرے حکومت کرنے کے اہل ہیں,1
کے پی کے ڈی ایچ اے سے ازاد ہو کاے تو بہت ترقی کرے گا,0
شرعی سودے باز آپ عزیر بلوچ پر ہمارے خلاف نہ بولنے کا کیا لیں گےہمارے حق میں فضا بنانے کا شرعی معاوضہ کتنا وصول کریں گے خان کے خلاف ہم دھرنا کروانا چاہیں تو یومیہ اجرت بمعہ کھانا و ٹرانسپورٹ ریٹ کیا ہو گا فی شہر کتنے میں بلاکفی صوبہ بلاک ریٹ کیا,1
ھزار ارب ڈالرز غدار بھکاری پٹواری غدار نامنظور امپورٹڈحکومتنامنظور,1
یہ وہی خاقان ہے جسکو اسکے اپنے حلقے کے لوگوں نے ووٹ نہ دہے تھے نواز لوہار نے رحم کھاکے اپنے چالیس سالہ حلقے سے جتوایا تو یہ اسمبلی ایا یہ نواز کا فرنٹ میں سمیت ہزاروں کام میں نواز کاکیمشن رکھا یہ تو اس خاندان کی جوتیاں تک منہ سے اٹھاے گا,1
یہ ٹویٹ پٹواریوں انکے حواریوں راتب خوروں لفافیوں خونی لبرلز کے اندر وڑ کر پھٹ گیا ہے بیان ہر بیان چھوڑی جا رہے ہیں,1
پاکستان کی بیٹیاں بھی بیٹوں سے کم نہیں صرف جعلی لائسنس نہیں جعلی ڈگریوں میں بھی مرودوں کے شانہ بشانہ ہیں,1
خان صاحب اللہ رب العزت کی قسم ہم لڑے گئیں آپ کیلئے اس ملک پاکستان کی مٹی کیلئے ہم تیار ہیں ہم لڑ کر مرنا پسند کریں بزدلی سے جینے بہتر ہے مرد بن کر سامنے کریں گے ہم لڑیں گے پاکستان زندہ باد پاکستان پائندہ باد,0
کپتان کا دلیر سپاہی بابر علی خان مہمند,0
کھوتے سرکار کی زمین واپس کر کتا آدمی,1
اسکو کہتے ہیں پاش پاش کر دینا,0
اب چائےپئیو لنڈےکےارسطو مل بیٹھکرتم سبھی بےغیرت لوگ لعنتیو کروڑجب کمانےتھے تب زرداری کےنیچےلیٹ گئے قمرباجوہ کےنیچےلیٹ گئے تواب بھی جاوانکی ڈھوئی چاٹو منحوس کتی کےبچو یہ دیکھلوتملوگوں کوہی میسیج ھےروس اورچائناکا,1
پاک فوج کے جنرلوں کے کرتوتوں سے نفرت کریں پاک فوج تو ہم ہیں ہم سے ہے,0
ہر اجاڑنے والے پر لعنت دو,1
پڑھئے اور ار ٹی کیجئے ایک ایک کرکے عدالت پی ٹی ایم کے بدمعاشوں کو ضمانتیں دے رہی ہیں اگر ریاست کے خلاف لوگوں کو اکسانے والے مجرم نہیں اگر افواج پاکستان کو سر عام گالیاں دینا اور ان کو قتل کرنے کی دھمکی جرم نہیں جاری,1
جیل میں مجھے ربڑ والا ہتھیار بھی نہیں دیا گیا مجبورا فرائی پین کے ڈنڈے سے کام چلاتی رہی قطرانڈی,0
یہ زلالت تو انہوں نے کرنی ہی تھی کیونکہ یہ کی جو خواہش تھی لیکن اب عوام کا ری ایکشن برداشت کر سکے گے,1
عام انتخابات ء پنجاب میں پولیٹیکل انجینئرنگ شروع حلقے ٹارگٹ خان کی سخت وارننگ ویڈیو لنک,0
اتنا پڑھنے لکھنے کی بعد آج اندازہ ہوا کہ ایک کامیاب مرد کی پیچھے عورت نہیں بلکہ بھینسوں کا ہاتھ ہوتا ہے اںداکاروبار,1
ہم صحیفہ جبار خٹک کی ساس اور والدہ کو دل سے سلام پیش کرتے ہیں,0
عمران خان نے ساڑھے تین سال میں پٹرول روپے فی لیٹر کا اضافہ کیا امپورٹدڈ تجربہ کاروں نے ایک ہفتے میں روپے فی لیٹر پٹرول مہنگا کر دیا کیا یہ تھی وہ تجربہ کاری جسے دکھانے کیلیے یہ اقتدار میں آنے کیلیے اتنے بیقرار تھے,0
ضمیر بیچ کر مسند خریدنے والو نگاہ اہل وفا میں بہت حقیر ہو تم وطن کا پاس تمہیں تھا نہ کبھی ہو سکے گا کہ اپنی حرص کے بندے ہو بےضمیر ہو تم,1
فرح گوگی پر نیب کی تحقیقات شروع ٹریل سیدھا عمران خان تک جائے گا,0
یوسف رضا گیلانی اس وقت کا وزیر اعظم اور رحمان ملک وزیر داخلہ جو آصف زرداری اس وقت کے صدر کی رہائش گاہ کو جنسی درندگی کیلئے استعمال کرتے رہے یہ بحیثیت پاکستانی ڈوب مرنے کا مقام ہے ہمارے لئے کہ کیسے درندہ صفت حکمران تھے ہمارے,1
کوچاہئیے ایسے لوگ جو کپتان کے سچے ہوں اور اس مشکل وقت میں کےساتھ مافیا غداروں چوروں کےخلاف سوشل میڈیا پر لڑنا چاہتے ہوں اگر آپ کے کارواں کاحصہ بننا چاہتےہیں تومجھے فالو کریں کمنٹس میں لکھیں,0
میرے دیس میں انصاف دینے والا جج ہی درندہ بن گیا سیون میں ایک جج نے انصاف لینے آئی معصوم لڑکی کو اپنے چیمبر میں بلا کر عزت لوٹ لی لکھ دی لعنت ایسے ججوں ایسے انصاف اور ایسے نظام پر,1
عمران خان کا نیا پاکستان بہترین چلتی ہوئی معیشت باہمت ڈپلومیسی مودی کو منہ توڑ جواب اور عوام کا راج تھا جبکہ آج تباہ حال معیشت ملک ڈیفالٹ کے قریب امریکہ اور انڈیا کی غلامی چوروں کی حکمرانی بدحالی اور عوام کی تباہ حالی ہے,1
گھر واپس آجاؤ ارشد بھائ تاریخ آگئ ہے تمہارا انتظار ختم ہوا مراد سعید کا دردبھرا ٹویٹ,0
فخر پاکستان ھم سب کا کپتان عمران خان,0
چئیرمین پی ٹی آئی عمران خان سے اپوزیشن لیڈر سینیٹ ڈاکٹر شہزاد وسیم کی ملاقات ملاقات میں ملک کی مجموعی سیاسی صورتحال اور پارلیمانی امور پر تبادلہ خیال ہوا ڈاکٹر شہزاد وسیم نے عمران خان کو سینیٹ سے متعلق امور پر بریفنگ دی,0
ہر کسی کواپنے جیسانہ سمجھیں یوتھیے تو اب بھی چابی والا کھلونا بنناچاہتے تھے باجوہ کو تاحیات ایکسٹینشن دےکر یا جنرل فیض کو چیف بنا کر لیکن ساری خواہشیں ادھوری رہ گئیں افسوس,1
عالیہ نے ایک ہی جملے میں پچھلے پینتیس سال کو کوزے میں بند کر دیا نون لیگ پیپل پارٹی کو چور ڈاکو کہتی تھی پیپل پارٹی نون لیگ کو چور ڈاکو کہتی تھی اور جو اقتدار میں آتا تھا اسکو فضلو مفت میں ملتا تھا سنیے,0
اگر کسی بھی سیاسی خاندان کا آذادی پاکستان کے لیے کپتان کے خاندان جیسا پس منظر ھے تو بتاو,0
توشہ خانہ اور گھڑی چور نیازی,1
اس کتے کا پٹہ کس نے کھول دیا,1
کوئی سیاسی جماعت اگر کسی نومولودکواپناسربراہ مان لے اور پارٹی کےپرانےچاول اسےتقاریراورادائوں کی ریہرسل کروا کے اسمبلی میں کھڑاکردیں تو نومولودبڑی باتیں کرکےمضحکہ خیزتوبن جاتاھے لیڈرنہیں بنتا اور یہی زرداری مافیاچاھتاھے الماس بوبی کواستعمال کیاجارھاھے لیڈرآصفہ ھوگی,1
اسٹیبلشمنٹ کے زور پر تو ہر کوئی جیت جاتا ہے جو اسٹیبلشمنٹ میڈیا تیرہ جماعتوں کے بدمعاش غنڈوں کو شکست دے اس کو نیازی کہتے ہیں,1
پیپلز پارٹی والے سنتھیا رچی کو غیر ملکی سمجھتے ہیں لیکن بلاول کو ملکی حالانکہ بلاول ذیادہ عرصہ باہر رہے وہیں پلے بڑھے نہ اپنی تہذیب سے آشنائی نہ زبان کی سمجھ صرف پارٹی سنبھالنے پاکستان آئے جتنا عرصہ بلاول پاکستان میں رہے ہیں اتنے ہی عرصہ سے سنتھیا یہاں رہ رہی ہے,1
روزہ رکھنے سے قوت مدافعت کم ہو جاتی ہے اس لئے کرونا کا خطرہ بڑھ سکتا ہے استغفر اللہ العظیم کرونا سے بڑاعذاب تو یہ حکمران ہیں جو ہم پر مسلط ہیں,1
ہم وہ لاک ڈاؤن نہیں کرسکتےجویورپ امریکااورچین نےکیاہمارے ہاں مزدور اور دیہاڑی دار طبقہ ہےلاک ڈاؤن سےکروڑلوگ پاکستان بھرمیں متاثر ہیں ہزارروپےکتنی دیرتک ایک خاندان کیلئےکافی رہیں گےآج اگرلوگوں کوروزگارنہ دیاتوبھوک سےمرنےکامسئلہ زیادہ ہوگا وزیراعظم عمران خان,1
وہ پوچھنا تھا کہ الیکشن کمیشنر کی شلوار اترے ہوئے کی وڈیو بنانے پر بھی کوئی دفعہ لگتی ہے یا نہیں,1
عمران خان میرا سے ایک سوال کے اگر گھر ک اندر ڈاکا پڑے تو کیا چوکیدار نیوٹرل رہ سکتا ہے,0
اگر مجھے گلگت میں رہنا پڑا تو کیا مجھے گیراج دو گے مریم نواز,1
فرق ملاحظہ فرمائیں ایک طرف نواب عبدلرب نشتر کا خون بول رہا ہے تو دوسری طرف طاہرہ اورنگزیب اور مشاہد اللہ کی بدنسل بول رہی ہے,1
امپورٹڈ حکومت نے لوگوں سے حج جیسے اہم دینی فریضہ ادا کرنے کا حق بھی چھین لیا,0
کسی گندی نالی کے کیڑے نکل یہاں سے,1
اگر تو یہ سچ ہے تو اس جیسا نیچ بندہ اور کون ہوگا,1
لاہور دنیا نیوز چیئرمین تحریک انصاف عمران خان نے شہباز شریف کے قومی اسمبلی سے اعتماد کا ووٹ لینے کے آپشن پر غور شروع کر دیا,0
مریم جب آپ بتائیں گی تو ان کو منہ چھپانے کی جگہ ملے گی اور نہ ہی جان بچانے کی لیکن میں شاک میں ہوں کہ جو چھوٹی چھوٹی باتوں پہ ٹرگر ہوتے ہیں وہ اس بھیانک معاملہ پہ چپ ہیں خیر ان کی بھی اصلیت کھل گئی دیکھیں گرج اور برس وقاص گورایا ڈاکٹر تقی اور مرتظی سولنگی جیسے لوگ رہے ہیں,0
چوری نہیں کی تو پھر چار عدالتوں میں پیش کیوں ہو رہے پلستر خانہ خراب,1
میں پیپل پارٹی کا پکا جیالا ہوں لیکن یہ سچ ہے کہ زرداری چور ہے اور بلاول پرچی کے بغیر ایک لفظ نہیں بول سکتا ہم اسلام آباد تو رونق دیکھنے آئے ہیں لیکن ووٹ عمران خان کو دیں گے,1
اس بے غیرت وقت کے فرعون ملک و قوم کی دشمن اسٹیبلشمنٹ کے ساتھ بھی یہی سب کچھ ہونا چاہیے انصاف کا تقاضہ یہی ہے,1
غداروں اور قادیانوں کے بل سے کبھی شیر نہیں نکلتے,1
جھوٹ ایک وقت میں لعنت تھا لوگ جھوٹ پکڑے جانے پر شرم سے گاؤں چھوڑ جایا کرتے تھےجھوٹے کے بچوں کو بھی باپ کے جھوٹ کے طعنے سہنا ہوتے تھے اور وہ بھی گھل گھل جاتے اب ن لیگ نے جھوٹ کو اعزاز بنا دیا ہے معاشیات لوٹنے والوں نے اخلاقیات بھی تباہ کر ڈالی,1
تکبر رعونت اقتدار کا نشہ آور نا ختم ہونے والی حرص کی پکڑ ہونے پر عوام کے درمیان نئے چورن کے ساتھ حاضر ہونے والا تاحیات نااہل نوازشریف ماضی کیطرح پھر سے نقب زنی کا منتظر ہے,1
بکواس جبھی تو یہ پیچھے کے راستے آیا چور ا کا ڈاکو مردار اور اسکے ساتھی حرامخور آر لانے والا غدار,1
باجوہ تیرے ہوں گے سر پر سوار بے شمار بے شمار,0
الحمدللہ کپتان عمران خان کے منشور کے مطابق ڈسٹرکٹ کوٹ ادو میں پاکستان تحریک انصاف کے سابق اشرف خان رند صاحب کے ہمراہ الیکشن کمپین شروع کر دی گئی ہے پہلے بھی حلقے میں موجود تھے اور آج بھی عوام کے درمیان ہیں,0
خبر تو یہ ہے اسد قیصر پی ٹی آئی کے وزرا اور لیڈران سب کو بھتہ دے رہے ہیں اور ٹارگٹ کلنگ عروج پہ ہے,0
نواز شریف میں نت نئی بیماریاں متعارف کروانے والے ڈاکٹر عدنان کی ڈگری چیک کرو مجھے لگ رہا ہے یہ بھی نانی اماں کی طرح بس میٹرک ہی پاس ہے,1
جنرل بابر افتخار کے بغل بچے,0
نا صرف مجھے ننگا کر کے بدترین جسمانی تشدد کا نشانہ بنایا گیا بلکہ کہا گیا کہ اگر عثمان ڈار کیخلاف بیان نہیں دیا تو بیوی کو بھی گرفتار کر کے برہنہ کریں گے اور وڈیو بنائیں گے شہری جاوید علی آئین شکن جرنیلوں تمہاری پیدائش پر لعنت,1
ادارے کا وقار اور مت خراب کرو جاو جان چھوڑو,0
انشاءاللہ کراچی بھی اپنی وفاداری کا ثبوت دے گا,0
چائنہ نے پاکستان کو دعوت نہیں دے دنیا جان گئی ہے فوج اور حکومت دونوں غدار چور ہیں,1
حنا پرویز بٹ نے دوست محمد مزاری کے ہمراہ اپنے اثاثے ڈکلیئر کرنے پہ رضامندی ظاہر کردی,0
محمود اچکزئی کو لیڈر اور پی ڈی ایم کو ریاستی تحفظ کی تحریک کے طور پر پیش کرنے والے اکثر صحافی وہی ہیں جن کو لفافہ ملنا بند ہوچکا ہے,0
مسلم لیگن کے اندر بڑی بغاوت ہے کئی اراکین ٹکٹ مانگ رہے ہیں اسد قیصر,0
زرداری کو مارو کتے کی مار صرف ایک گلاس پانی لعنت لعنت لعنت لعنت بیشمار غدار بھکاری پٹواری غدار نامنظور امپورٹڈحکومتنامنظور,1
مجھے تو شک ہے ایونفیلڈ اپارٹمنٹس بھی کسی جنرل کے ہیں اور نواز شریف وہاں بس کرائےدار ہے,0
کسی بگڑی ہوئی عورت نے کہا تھا پی ٹی آئی کے لوگ ن لیگ کے ٹکٹ کے لیے آ رہے ہیں آج حقیقت سب نے دیکھ لی,1
آپ کو یاد ھوگا سانحہ ماڈل ٹاون میں ایک بچی نے کہا تھا میں اپنا معاملہ اللہ پر چھوڑتی ھوں شریف خاندان کی ذلالت کی انتہا دیکھ لیں,1
اقبال کا شاہین بننا ہے اونچا اڑنا ہے کیڑوں کی طرح رینگنا منظور نہیں,0
کوئی ساتھی والا ٹوئٹر کا اکاونٹ سیل کرنا چاہے تو رابطہ کرسکتے ہیں,0
عزیر بلوچ نے جن کے نام بتائے جو سب چیزوں میں ملوث تھے ان کے نام پیپلز پارٹی نے سے نکال دیے پھڑے گئے,1
نون لیگ اور پیپل پارٹی کو عورت کارڈ نہیں کھیلنا چاہیے انہوں نے تحریک انصاف کی ہر خاتون پر زاتی حملے کیے ہیں شیریں مزاری کنول شوزب ملیکہ بخاری اور عالیہ حمزہ ملک پر حملے ان کے کردار کی پستی کی زندہ مثال ہیں سنیے,1
اس امپورٹڈ کرمنل سرکار نے سارے پاکستان کو اپنے جیسا کم عقل سمجھ رکھا ہے,1
لفافے کی حرص عزت نفس کو ختم کر دیتی ہے,1
ان الزامات پر عمران خان کا جواب تھا کہ ان سے کوئی یہ سوال پوچھے کہ انھوں نے سازش کر کے ہماری حکومت کیوں گرائی تھی جبکہ سال میں ہماری سب سے بہتر معاشی کارکردگی تھی,0
اب میڈیا ایک صنعت بن چکا ہے جس سے لاکھوں افراد کا روزگار وابستہ ہے لیکن سچ یہ ہے کہ ہر چیز کا استعمال مثبت بھی ہوتا ہے اور منفی بھی یہ تو استعمال کرنے والے پر ہے کہ وہ اس چیز کا صحیح استعمال کر رہا ہے,0
کتنے اچھے لگ رہے یہاں پر,0
بالکل ٹھیک شکریہ بیمار نہیں تھی ان لوگوں کے ذہنی مریض ہونے پہ تبصرہ کر رہی تھی تو کنفیوژن پھیل گئی معزرت چاہتی ہوں,0
نواز شریف کے جیل کے کھانے کے مینیو پر پریس کانفرنس کرنے والے ملک ریاض کا نام منے کے ابا کہہ کر لینے کو بھی تیار نہیں ہیں,0
فردوس عاشق حیوان کی منجی تھلے ڈنڈا پھیر گیا جے,1
کہاں سے اتے ہے یہ لوگ,0
حاکم وقت تیرے ھر کردار پہ تھو,1
پہلے اس عمران کو تو سنبھال لو پھر اپنے باپ خان سے پنگا لینا,1
عوام نے اپوزیشن کی ابو بچاؤمال اور آل بچاؤ مہم کو ریجیکٹ کر دیا ہے نوازشریف کا بیانیہ پاکستانفوج مخالف بیانیہ ہےبلاول بھٹو آج بھی پر تنقید کر رہا تھانواز شریف کا نیا بیانیہ ہے کہ پاکستان نہیں جاؤں گا اور لندن رہنے کیلیے برطانوی ہوم آفس کے پاؤں پڑ جاؤں گا,1
عمران خان کیخلاف تحریک عدم اعتماد جو کامیاب ہوئی ان ساروں نے اسٹبلشمنٹ کے ساتھ مل کر گیم کھیلی ہے کاشف عباسی,0
نانی کے پاس اور کوئی کام نہیں ہے اور نیوٹرل بھی ساتھ ہے,1
غریب ترین عوام کا پیسہ کہاں پھینکا جا رہا ہے ذرا ملاحظہ ہو,0
سوموٹو بندال اطہر من اللہ فائز عیسی کا حساب دو ائئن قانون شکن حساب دو بھکاری پٹواری غدار نامنظور امپورٹڈحکومتنامنظور,1
سنا ہے یہاں جنرل باجوا مجرہ دیکھنے گیا تھا تو بات اب اسلام آباد کے ایف والے سیف ہاوس تک جا پہنچیلگتا ہے سارے راز کھولنے کا فیصلہ کرلیا گیا,1
یہ اس ملک کے غیر جانبدار صحافی ہیں انکا کردار دیکھ کر انسان کو گھن آتی ہے یہ سول سپرمیسی میں نہیں نوازشریف سپرمیسی میں یقین رکھتے ہیں,1
بلومبرگ ادارے کے مطابق پاکستان کی معیشت میں امریکہ برطانیہ جرمنی اور باقی یورپی ممالک سے تیزی سے ترقی کرے گی انشاءاللہ لیکن پالتو میڈیا ایسی خبریں نہیں چلائے گا,0
پاگل ہیں یہ لوگ کوئی بے حرمتی نہیں کرتا,0
مریم نواز اسی بینچ میں بہی وہ چار ججز شامل ہیں جنہوں نے قاسم سوری کی رولنگ غلط قرار دے کر اسیمبلی کو دوبارہ بحال کیا تہا تب تو ججز اچہے تہے اب کیوں برے ہیں عدلیہ کو اس پہ نوٹیس لینا چاہیئے ہمیشہ نون لیگ کو اشرافیہ کی کی لسٹ رکہا گیا ہے,0
جب مجرم نواز شریف کے خلاف سیرین کورٹ نے فیصلہ سنایا تو وہ سپریم کورٹ پر حملہ آور ہو گۓ اور آج ان کی جماعت اور انکے ہمدرد لفافے اور سیٹھ میڈیا عوام کو اخلاقیات کا درس دیتے نظر آئینگے پانامہ فیصلے کی طرح رسگلے کھانے میں جلدی کر دی کہانی ابھی شروع ہوئ ہے,1
آج سپریم کورٹ کا نون لیگ کے حق میں فیصلہ آنے کے بعد منصورے کو یاد آیا کہ نون لیگیوں نے چسٹس عطا بندیال کے خلاف دو ہفتے قبل غلیظ ٹرینڈ چلایا تھا یا منافقت تیرا آسرا,1
نواز شریف کا ناقابل معافی جرم کرپشن نہیں یہ قوم پیدا کرنا یے,0
اسرائیل کون جاتا رہا ہے کون پاکستان سے پینگیں چڑھانے کی کوشش کرتا رہا ہے سنیے,0
جہاں یتیم خانے کے بچیوں کی عزت محفوظ نہیں وہاں زرتاج گل کا کیا حال ہوتا ہوگا,1
سال غدار پالا غدار بھکاری پٹواری غدار نامنظور امپورٹڈحکومتنامنظور,1
دنیا جہان کی لعنتیں اپنے اندر سمونے اور سمیٹنے والے چند بلیک ہولزاگر ایک بھی چہرے پر نور نظر آئے تو مجھے اس کا نام بتا دیںاپنے وطن پر بکواس کرنے والوں کا انجام ہمیشہ بھیانک ہی ہوا کرتا ہے تمام دیکھتی آنکھو اور جاگتے کانوں خبردار,1
مشکل ہے کیونکہ ابھی زندہ ہے تو اس لیے مشکل ہے لیکن امید پہ دنیا قائم ہے,0
فٹے منہ تیرا اور تجھے لانے والوں کا میرا ہنستا بستا پاکستان اجاڑنے کے لئے باجرہ نے تجھے سوار کردیا ہمارے سر پہ,1
اور بھی بہت سے ہوں گے,0
ان کو ماں اور باپ بنانا چھوڑ دی سب خود ہی ٹھیک ہو جائے گا,0
عالیہ حمزہ ملک کی آواز میں ماشاءاللہ پر اعتمادی اور خود اعتمادی ہے اور نسیم زہرہ اور حامد میر کی شکلوں پر پھٹکار,1
نیوٹرل جتنی مرضی بےغیرتی پر اتر آئے پاکستان کی عوام اس کو نہیں چھوڑے گی,1
یوتھیوں اب تو مان لو عمران خان ایک جھوٹا انسان ہے,1
بھٹو نے ضیا کو دوسرے جنرلز پر فوقیت دی اور جان سے گیا عمران نے بجاوا کی ملازمت میں توسیع کی اور ڈنگ کھایا بلکہ دونوں صورتوں میں ملککو ڈسا گیا یہ اسٹیبلشمنٹ ایمانداری قابلیت اور حب الوطن راہنما کو برداشت نہیں کرتی,1
محلے کا ایک غنڈہ ملک کے ایک جرنیل سے زیادہ بہتر ہوتا ہے,1
مشاہداللہ کے پچیس سے زائد خاندان کے افراد پی آئی اے میں بھرتی ہیں ان کے ایک بھائی لندن میں دوسرے امریکہ میں پی آئ اے میں بھرتی ہیں ان کی سگی بہنیں پی آئی اے کی سیاسی بنیادوں پر بھرتیاں انجوائے کر رہی ہیں اور یہ سینیٹ میں بیٹھ کر سب کا دفاع کرتا ہے,1
غریدہ فاروقی کے لن مین کی آسامی خالی ہوگئی,1
شہید ارشد شریف کا وہ پروگرام جس میں منی لانڈرر شہباز شریف کے منی لانڈرر چور بیٹے حمزہ شہباز کی منی لانڈرنگ کا ایک ایک ثبوت بمہ بینکنگ ٹرانزیکشنز مہیا کیا گیا ہے,1
آج کل میں اپنے آس پاس کچھ اس قسم کے دانشوروں کو دیکھ رہا ہوں جن کو نہ ہی پالیٹکس کے ل کا پتا ہے اور نہ ہی تاری,0
ایک شخص نے ساری گیم بدل ڈالی ہے بہتر ہے ابھی بھی مان لو کہ,0
پیرنی نے ایک ووٹ کے مارجن فیض سے برتری حاصل کر لی نوٹیفیکیشن جاری,0
زبردست اس غلیظ عورت کو اسی کی زبان میں جواب دینے پر,1
بے غیرت تم اور تمہارا باپ,1
اس میں کویی شق نہیں فوج کا سربراہ عدار ہے,0
یہ کسی شیطان کے باز ھی نہیں آ رہے آخر یہ کرنا کیا چاہتے ہیں اس ملک کے ساتھ,0
ماہ میں بلاول بھٹو زرداری اور مریم نواز کا بہن بھائی سے لفظی ہاتھاپائی کا سفر دیکھیےبس ایک دوسرے کو جوتے نہیں مارے باقی ساری گالیاں دے دیں ہیں,1
بکا میڈیا کے ہرچینل کے اپنے اپنے مولوی اپنے اپنے تجزیہ کار اپنے اپنے وکیل اور اپنے اپنے منشی ٹائپ تجزیہ کار ہیں جو اپنی اپنی لائن کے مطابق کالے کو سفید اور سفید کو کالا ثابت کرنے کے لئے ہر شام سے رات گئے تک ٹی وی سکرینز پر جلوہ گر ہوتے ہیں,0
شہبازشریف کی وراثت کےکاغذات سمیت وہ ثبوت جو شہبازشریف نیب کےپاس دیکھ کےحیران رہ گئےتھے وہ نےنیب کو فراہم کیےتھے اگر بھی مریم صفدر یانوازشریف کےخلاف کام آ سکنےوالے کوئی ثبوت نیب کو دیناچاہیں تو نیب سمیت پوری قوم ان کی بھی ممنون ہو گی,1
وہ نظریاتی لوگ اب کہاں گئے جو مسلم لیگ ن سے نظریاتی بننے کی امید کیے بیٹھے تھے ان پتہ چلنا چاہیے کہ وہ شہبازے مستری کی مرمت کی بھینٹ چڑھ چکے ہیں اب وہ زیادہ ایموشنل ہونے کی کوشیش نا کرے,0
کچھ پالتو لفافے شہباز شریف کی تعریف کرتے نہیں تھکتے جبکہ سست روٹی سکیم میں بھی محترم نے سرکاری خزانے کو اربوں کی سٹی لگائی تھی,1
حکومت لانے والے کتے کو دفناو,1
اگر میری ماں میرے پیدا ہوتے ہی میرا گلا گھونٹ دیتی تو لوگ آج مجھے شاہ زیب حرام زادہ نہ کہتے شاہ زیب حرام زادہ,1
اپنے باپو کے نقش قدم چلتے ہوئے,0
سپریم کورٹ میں دوست مزاری کی ماورائے آئین رولنگ کے کیس میں اپنی یقینی شکست دیکھتے یوئے جاوید لطیفسعد رفیقعابد شیر علیطلال چوہدری کے ساتھ ساتھ غریدہ فاروقی طلعت حسینامبر شمسی اور عاسمہ شیرازی جیسے پالتؤوں نے فہد حسین کی ہدایات کے مطابق سپریم کورٹ پر پریشر ڈالنا شروع کر دیا یے,1
زخمیوی کی چیخیں اور حوصلہ دینے والا خود کتنا گھبرایا ہوا مردار ہونے والے رنڈین فوجیوں کی ویڈیو وائرل موذی تیرے ہوتے ہوئے رنڈیا کو کس دشمن کی کیا ضرورت,1
خدا اور اس کے رسول کی لعنت ہو ان پر سرزمین ماں ہوتی ہے جو اپنا ملک بیچ سکتے ہیں وہ کچھ بھی کر سکتے ہیں آپ حق کے ساتھ کھڑے ہیں حق کی راہ میں بہت پریشانیاں آتیں ہیں,1
ہا ہا ہا ہا ہا ہا ہا ہا ہا ہا ہا ہا ہا ہا ہا ہا ہا ہا ہا ہا ہا ہا ہا ہا ہا ہا ہا ہا ہا,1
مہندی لگی ہے ہاتھ پہ لیکن وہ خوش نہیں کتنی بڑی دلیل ہے عورت کے صبر کی,0
یا تو ضد اور انا ہے یا پھر بلیک میلنگ نانی سے کچھ بھی بعید نہیں شائد پرانے خوشگوار دنوں کی یادیں کسی کیمرے میں قید ہوں دو,1
ھزارہ موٹروے میں کرنل کی بیوی ہوںمیری بات الگ ہےتمہارے صوبیدار کتے کے بچے کی ایسی کی تیسیاس ملک میں کیلئے علیحدہ قانون غریب کے لئے علیحدہرمضان المبارک کےمہینے میں ایسی زبان کا استعمال کسی معزز پڑھی لکھی فیملی والا نہیں کر سکتا,1
اس میں کوئی شک نہیں کہ ہے اور یہ ساری زندگی میر جعفر اور میر صادق کی طرح ذلیل و رسوا ہوگا ان شاء الله,0
ملک ریاض کی دی ہوئ نعمتیں واپس کردیں تو کئی اینکرز کے جسم پر انڈرویئر ہی باقی رہے گا جیدا چوس ری,1
عمران خان سے پاکستانی قوم اسی لیے دل و جان سے محبت کرتی ہے کیونکہ وہ اپنے ملک و قوم کی سلامتی اور خودداری پر کوئی سمجھوتہ نہیں کرتا اور کسی انجام کی پرواہ کئے بغیر اپنی قوم کی عزت نفس اور امنگوں کی ترجمانی کرتا ہے لیڈر اور بھکاری میں فرق صاف ظاہر ہے,0
اس کو کہتے ہے بغیر کسی لالچ اور غرض کے کام کرنا محمود خان نے اپنا فرض اور وعدہ جو انہوں نے خان صاحب سے کیا بہتری سے نبھایا اس کے لئے ہم ان کے مشکور ہے دیرہ مننہ,0
فادر شادر چھوڑو اتنا ہی کوئی بتا دے کہ ہم میں سے کون افریکہ کے ایک نہیں متعدد ملکوں میں گھوم کر نہیں آیا میں ایک ہوں ملکوں کے نام گنواوں,0
عمران خان نے وفاقی حکومت پر دباؤ بڑھانے کا فیصلہ کرتے ہوئے جلد ہی سڑکوں پر آنے کا امکان ظاہر کردیا ہے,0
عمران خان صاحب عوام کو کال دو لونگ مارچ لانچ کردو ان غداروں کو قوم سڑکوں پی گیسٹ گسیٹ کر ماریگی ریڈ زون میں گس کر ان غداروں کو عبرتناک سزا دینا ہوگی اور باجوہ غدار ایسی نہیں صدریگا اس غدار الیکشن کمیشن کو قوم سرعام لٹکائگے انشاءاللہ,1
بہن چود پیپلے,1
باجوہ کتا پاغل ہو گیا ہے جو اپنے ہی ملک کے صحافیوں سے ڈر گیا اک خط آنے پہ امریکہ کے آگے لیٹ گیا اس نے ہمارے ملک کی حفاظت خاک کرنی شرم آتی سوچ کر کہ ہمارے ملک کی فوج کا سربراہ اک غدار امریکی دلہ ہے,1
یہ پالتو لیگ کا سب سے بڑا دانشور ہے بقول اسکے عمران خان اس وجہ سے استعفی دے دے کہ اسکا نام میں کوئی آف شور کمپنی نا ہونے کی وجہ سے یے,1
قاسم شاہ کی داماد یے قاسم شاہ کے چیف جسٹس دور میں مریم صفدر حمزہ شہباز اور شہباز شریف کے حق میں ماورائے قانون فیصلے دیے گئے اسکے علاوہ نون لیگی ممبر قومی اسمبلی علی پرویز ملک کی بیوی سحر بندیال چیف جسٹس عمر عطا بندیال کی بیٹی ہے,1
اس جاہل پٹواری کو یہ بھی نہیں پتہ کہ کور کا مطلب کور کمانڈرز نہیں ہے افسوس تو اس بات کا ہے کہ باجوہ اور اس کی کور ٹیم انھی پٹواریوں کے ساتھ مل کر عمران خان کا تخت الٹ چکی ہے اور ابھی تک اسی ہٹ پر قائم ہے,1
امریکی غلام جنرل باجوہ کا بھڑوا برگیڈیر راشد حرام کی اولاد پاکستان کے نظام حکومت کو کنٹرول کرنا چاہتا ہے اپنے باپ امریکیوں کو خوش کرنے کے لیے دو غداروں کو سرعام جلتی ہوئی بھٹی میں ڈالنا چاہیے,1
پھٹکار زدہ منحوس عوام کا خون چوسنے والی امپورٹڈ جونکیں,1
وزیراعلی پنجاب ن لیگ دور میں غیر قانونی پلاٹ الاٹمنٹ کی تفصیلات سامنے لے آئے بیواؤں اور یتیموں کے پلاٹ قریبی عزیزوں اور دوستوں کو دیے گئے,1
وفاقی حکومت نے بجٹ میں پنشن کی مد میں ٹوٹل ارب روپے رکھے گئے جس میں سے ارب روپے ملٹری پنشن اور ارب روپے سول پنشن کیلٸے مختص کیے گئے تھے بس اتنا ہی بتانا تھا,0
سلیم صافی کی کھرک کی بیماری شدید صورت اختیار کر چکی ہے پہلے بیعزتی کی چس ہر مہینے پڑتی تھی لیکن اب ہر ہفتے تین دفعہ کھجلی ہوتی ہے کبھی شہباز گل تو کبھی فواد چوہدری اس کی کھرک کا علاج کرتے ہیں لیکن آج شعیب اختر یہ کار خیر انجام دے رہا یے,1
صحافت کی آڑ میں چھپا خنزیر,1
عسکری دہشت گردی کو مزہبی دہشت گردی میں بدلنے کی سر توڑ کوششیں جاری عوام میں بیانیہ بنایا جا رہا یے پاکستان ٹیلیویژن پر اس کا دسواں حصہ بھی خانصاحب کو نہیں ملتا جتنا جنرل باجوہ کے اس مہرے کو دیا جا رہا ہے,1
یار ایسے ہی خیال آیا کہ دہلی کے لال قلعے میں ڈالرز کا خزانہ ہو تو کیا ہم اس کو فتح کرلین گے فیلنگ سوچنگ,0
آپ اتنے بزدل اور بغیرت ہیں کہ مجھے سمجھ ہی نہیں آ رہی کہ آپ کتنے بڑے بغیرت ہو کیسے سکتے ہیں بس اتنا ہی بتانا تھا تھنک یو ویری مچ,1
آج حنا پرویز سے خواجہ آصف کی ٹویٹ کا سفر کیا زلالت سے زلیل ترین تک کا سفر طے ہوا نواز شریف نے زلالتوں کے جو مینار قائم کئے ٹوکا شرم سے سمٹ گیانئی تاریخ رقم ہوگئ لخ دی لعنت نواز شریف,1
ملک ریاض نے عمران نیازی اور کابینا کو تو ہڈی ڈال دی نیازی کے میڈیا سوشل میڈیا کے کتوں کو بھی ڈال دیتا بیچارے بھونکیں ہی جارہے فردوس عاشق سپوکس نہیں بھونک پرسن ہیں نہیںادارےبچاؤ,1
میں اگر اپنی سال پرانی رسیدیں دیکھا سکتا ہوں تو نوازشریف کیوں نہیں دیکھا سکتا میں تو کسی عہدے پر نہیں تھا وزیراعظم عمران خان,1
تیرے کول کوئی ہور کم ہے,0
نہ یار ہیں نہ غدار ہیں یہ محض ایف اے پاس ڈفر ہیں,1
مجھے سمجھ نہیں آتی کہ شریفوں کے پاس ایسی کون سی گدڑ سنگھی ہے کہ یہ لوگ عدالتوں کے بھی لاڈلے جرنیلوں کے بھی لاڈلے الیکشن کمیشن کے بھی لاڈلے انڈیا اور امریکہ کے بھی لاڈلےعدالتیں مجبور جرنیل مجبور عوامی نمائندے مجبور بیورکریسی مجبور اور عوام لاچار دوسری طرف ایک پاگل عمران,1
نانی اماں وہ مشعل ابامہ والے ستر ملین تو واپس کرو جو وہ تعلیم کے لیے دے کر گئ تھی اور تم جیسی گنوار نے اس سے جوتے کپڑے خریدے اور سرجریاں کروالی,1
بھارت کے ایٹمی ہتھیار فاشسٹ مودی حکومت کے ہاتھ لگ چکےہیں وزیراعظم,0
اس مرد کے بچے نے کہا تھا کہ اگر شریفوں سے ہاتھ ملایا تو شاید خدا بھی ہمیں معاف نہ کرے اب دیکھیں یہ یو ٹرن ہے یا گول ٹرن ہے,1
بھاگ امپورٹڈ بھاگ تم سب کا باپ عمران آ رہا ہے ہمت کرو ذرا روکنے کی,1
تو پھر حکومت خود ہی بتا دے کس کے کھاتے میم ڈالا جائے حکومت یہ بھی بتا دے کہ یہ بھونڈی اور غیر قانونی ایف آئی آر پھر ابھی تک واپس کیوں نہیں لی گئی,0
میں قوم کے لیے ہر قربانی دینے کے لیے تیار ہوں سوائے اس قسم کے بیہودہ کام کے,0
کیا میڈیا یہ دکھا رہا ہے جو نے بنایا ہے یا صرف کراچی کی سڑکیں ہی اور اس وقت نیب اور سپریم کورٹ کہیں نظر آ رہے ہیں,0
یار فیصلے سے دو دن پہلے کا یہ میسیج بھی دیکھ لو سارے پاکستان کو پتہ تھا بہت اعلی گھر سے ۴ ججز پر دباؤ ملاقات میں فائز عیسی کیس کو کے حوالے کرنے کیلئیے زور اور ڈیل,0
سارے بیغیرتوں بیشرموں اور ضمیر فروشوں کیلیے خان صاحب کا مفید اور مفت مشورہ,1
دو ایک ہی جملہ ذہن میں آتا ہے کہ عمران ریاض خان کو دیکھتے ہی ماریہ واسطی نے اپنی شلوار کا ناڑا کھول دیا جبکہ عمران ریاض خان نے اپنی شلوار کے ناڑے کو مضبوطی سے باندھے رکھا اب تسلی ہو گئی تمہاری,1
صحافی ہرگز کرپٹ نہیں ہیں یہ بات الگ ہے کہ ان کی اکثریت کروڑ اور ارب پتی ہو چکی ہے اوروہ سب اپنی محنت جدوجہد اور دیانت سے امیر ہوئے ہیں,0
سپیکر راجہ رینٹل نے مزید استعفے قبول کرلیے انشاءاللہ باقی بھی بہت جلد قبول کرکے سیٹوں پر اکیلا عمران خان لڑے گا بس ایک عمران خان بلے کا نشان,0
ترکی نے سویڈن سے مطالبہ کیا ہے کہ سٹاک ہوم حکومت اس مظاہرے کی اجازت منسوخ کرے جس میں ممکنہ طور پر قرآن جلایا جائے گا اسی سلسلے میں انقرہ حکومت نے آج ہفتے کے روز سویڈش وزیر دفاع کا ترکی کا طے شدہ دورہ بھی منسوخ کر دیا,0
کر لو گل بندہ ایس بھنسے نوں پچھے کہ تینوں ٹکٹ دینا کنے وےاس الیکشن وچ تینوں نانی نا یاد کرواۓ تے فیر کہنا,0
کنول شوزب مبارکباد کی مستحق ہیں کہ انہوں نے پٹواریوں اور پالتؤوں کو انکی اصل اوقات یاد کروائی,1
پریس کانفرنس انڈین میجر گورو والے پروپاگینڈے کے بلبوتے پہ کرنا تھی ہم نے اس کا بھی کچا چٹا کھول دیا نوٹ فرمائیں جنرل شعیب نے جو لیٹیسٹ وڈیو جاری کی ہے غداروں کے خلاف اس میں فوج کے تین جھوٹے سکینڈل بنانے کا الزام لگایا ہے لیکن اس میں نہ باجوہ کا نام ہے نہ نورانی کا,1
ان سندھ کے غریب اور نادار عوام کی خوشی اور انکے چہروں پر مسکان کا کریڈٹ آپکی پوری ٹیم اور خاص کر کے آپ دونوں کو جاتا ہے اللہ کریم آپ سب کو اسکا اجرعظیم عطا فرمائے آمین,1
خان صاحب نے کیا کہا جس پر ہمارے لبلرز پالتو آل شریف کے غلاموں کو موت پڑھ رہی یے ہال میں بیٹھے ہوئے ازبکستان کے عوام کی تالیوں کی گونج نے ثابت کیا کہ خان صاحب کی بات کو پزیرائی حاصل ہوئی,1
اللہ بہتر جانتا ہے اس سوال کا جواب تو وہ خود ہی دے سکتے ہیں بہر حال انتہائی افسوس ناک بات ہے,0
جی اور سارا پاکستان دیکھ سکتا ہے کہ یہ کتنی جھوٹی کیمپین ہے لوگ بہت با شعور ہیں,0
اب اور کتنا بولیں ٹرینڈ تو چلا دئے باجرے کے حلاف دو,0
شہباز شریف سے پوچھ کر نیب چئیرمین لگانا ایسے ہے جیسے چور سے پوچھ کر تھانیدار لگانا فواد چوہدری شہباز شریف کی نواز شریف والی کرتے ہوئے,1
عوام عمران خان کے ساتھ کھڑی ہے سپیس میں,0
سالوں بعد کروڑ عوام کو آج سمجھ آیا کوئی آفیسرز چوکیدار نہیں مرتا غلطی سے سامنے آجائے تو مر جاتا ہے ورنہ مرتے بیچارے سپاہی جوان ہی ہیں,0
وائٹ پیپر کے الیکشن پر کیوں نہ شائع ہو سکا سنیے شاہد خاقان عباسی صاحب کا پورا انٹرویو,0
اس وقت گود میں لے کر ناچ رہی ہے,1
ذلیل چودھری اگر اتنا ہی بہادر ہے تو پہلے ان لوگوں سے بدلہ لیں جنہوں نے گھر میں گھس کر مارا تھا ایک گندی حرکت کی وجہ سے,1
کا آج کا اجلاس پاکستان کی سفارتی فتح ہے,0
دنیا کی بہترین یونیورسٹی آکسفورڈ کا طالب علم ہمارا وزیراعظم ہے جس کی کارکردگی آکسفورڈ کے لۓ سوالیہ نشان ہے,0
یہ انٹرنیشنل چور ہے بھائی جان,1
یہ یے وہ کمیٹی جو تحریک انصاف کیساتھ مزاکرات کرے گی الو کے پٹھو یہ کسی گاؤں میں سرکس کیلیے تو موزوں نام ہیں سنجیدہ مزاکرات کیلیے نہیں,1
آو کرو گرفتار اپنے باپ کو کارکنان کی رات دو بجے زمان پارک میں آمد,0
یوسف رضا گیلانی کیخلاف نااہلی کی درخواست پر سماعت نہ ہونے کیخلاف الیکشن کمیشن کے باہر احتجاج یوسف رضا گیلانی چھٹا ہوا چار سو بیس انسان ہے اس شخص سے بھی کروڑ ہڑپ کر کے بھاگ کیا,1
فواد چودھریاعظم سواتی اور اس سےقبل شہباز گل سےروارکھےجانےوالےسلوک کےبعد لوگوں کےذہنوں میں کوئی ابہام باقی نہیں کہ ہم اب ایک بنانا ریبلک بن چکے ہیں اب تو جنگل کا قانون رائج ہے,0
ممبران پارلیمنٹ کی مویشی منڈیاں لگانے والوں کے عظائم حکومت نے خاک میں ملا دیے الیکشن آرڈیننس پر صدر نے دستخط کر دیے یہ آرڈیننس سپریم کورٹ میں داخل حکومتی اپیل کے ساتھ جوڑا گیا ہے سپریم کورٹ کو بھی اس بھاؤ تاؤ کا خاتمہ کرنا چاہیے,1
ہے مجھے لگتا ہے مریم نے شادی تو نہیں کر لی باجوہ سے,0
اللہ تعالی نے پاکستان کو مراسی بھی وافر مقدار میں دیے ہیں پچھلے سال یہ مراسی کیا کہ رہا تھا اور آج اسکی زبان کو لقوہ ہو گیا ہے,1
تحریک انصاف اور اسکے رہنماووں کی لندن میں جائیدادوں کی تفصیلات عمران خان شہزاد اکبر زلفی بخاری فردوس عاشق عثمان ڈار جہانگیر ترین جیسے میری جائیدادیں گوگل سرچ پر ڈھونڈتے رہے میں نے بھی انکی ڈھونڈ لی ہیں جسٹس قاضی فائز عیسی,0
گردشی قرضہ کیا ہے ایک بہت آسان زبان میں سمجھئے کس طرح بدمعاشیہ نے پاکستانیوں کا خون چوس رہی ہے بےنظیر نے آئ پی پی کی سنگ بنیاد رکھی جب پاکستان کو اسکی ضرورت بھی نہیں تھی,1
ایک سے ماموں کے بیٹے کامران والے,0
عمران خان ایک پراپوگنڈہ کا شکار رہا جس میں کچھ اپنے بھی تھے جن کی کانپیں ٹانگ گئی تھیں,0
بند کمروں میں فیصلہ کیا جا رہا ہے اقتدار بلاول کے حوالے کیا جائے گا,0
ا للہ پاک پاکستان کی مدد فرما اللہ پاک عمران خان صاحب کی مدد فرما,0
ہم آخری سانس تک آپ کے ساتھ ہیں انشاءللہ,0
جئے بھٹو کا نعرہ لگاتے ہی زرداری کو اتھو آ گیا میرا خیال ہے کہ بھٹو نے اسکا ٹیٹوا دبایا ہے,1
بالکل نواز شریف پر گیا ہے وہ بگوڑہ مفرور اشتہاری بھی بیگ ڈالروں کے لے کر بھاگ گیا تھا,1
تو سر زرا پہلے اسنیوٹرلباجے جو سور نامی ایک جانور ہی ہوتا ہےاسے سمجھائیں پلیییزززہرے بھرے کھیت اور فصلیں تباہ و برباد کر کے رکھ دی ہیں لیکن اپنی حرامزدگی سے پھر بھی باز نہیں آ رہا,1
یہ باجوہ کی طرف سے پلان شدہ حادث ھے,0
میڈیا کو جھوٹا کہنے پر میر حامد مالکمنصورعاصمہ شیرازی جیسے میڈیائی مولانا طارق جمیل پر ہفتوں بھونکتے رہے وہ پیپلز پارٹی کے ایک کمی وزیر کے ہاتھوں میڈیا کی تذلیل پر اپنی دمیں منہ میں دبائے خاموش بیٹھیں ہیں اللہ نے انکو کیسا پھر زلیل کروایا,1
دنیا کے کسی بھی کونے میں دفع ہو جاؤ لوگ تمہیں سکون سے جینے نہیں دیں گے تم غدار تھے غدار ہو اور غدار رہو گے تاریخ کے حوالوں میں تمہیں پاک آرمی کے غلیظ ترین اور بدبودار کرداروں کی صف میں رکھا جائے گا,1
سپریم کورٹ بھی اور ایسٹبلشمنٹ بھی انکی اپنی ہی ہے,0
مریم کی گانڈ آج رات خان مارے گا پھر توں ماموں بنے گا اور ناچے گا,0
یہ سب دکھا کر نیوٹرل کی واٹ لگوائی ہے انہوں نے پہلے,0
انشاءاللہ خان صاحب دو تہائی اکثریت سے واپس آئے گا اور پاکستان کو ایک خوشحال اور فلاحی مملکت بنائے گا,0
سو دن چور کا ایک دن سادھ کا وقت وقت کی بات ہے اب بے شرم رجیم کا وقت ختم ہونے کو ہے,1
یہ ہیں چند پٹواری اکاؤنٹس جن کے زریعے پاک فوج کیخلاف گھناؤنا پروپیگنڈہ کیا گیا ہر ایک کو مریم بگوڑی فالو کرتی ہے انکے بارے میں کیا کہتی ہے,1
انڈیا نے خلاء میں اپنا سیارہ لانچ کر دیا اور پاکستان ایک بار پھر مارشل لاء لانچ کر دیا گیا ہے پہ آخ تھو,1
میاں سانپ کی عظمت چیک کرو ایٹمی دھماکوں کے ساتھ ساتھ ممبئی دھماکوں کا بھی کریڈٹ لے لیا اخے ممبئی حملے پاکستان نےکروائے,1
میرے قائد موترم تیری بے غیرتی کو سلام تیری بے شرمی کو سلام تیری ھٹ دھرمی کو سلام لوٹ مار کی حرام کمائی بچانے اور سیاسی پناہ حاصل کرنےکے لیے ماں کا جنازہ پڑھنا بھی قربان کر دیا بے غیرت نے ماں کوریئر کر دی آخرلعنت تیری گندی زندگی پر,1
سویڈن میں ترکی ایمبیسی کے سامنے ایک لادین مشرک نے قرآن پاک کو جلایا جس پر ساری مسلم غم غصہ میں ھے اور اس کی اجازت حکومت سویڈن نے دی کیا ٹی ایل پی مولانا فضل الرحمن یا پاکستان کی حکومت نے مزمت تک کی صد افسوس,0
چور چوکیدار لعنت تمہاری شکلوں پر اسی جگہ کھڑا کردیا,1
اس فہرست میں آپ عمران خان اور پاکستان کو شامل نہ کریں یہاں پہ وہ ایلیکٹ ہو کر نہیں آیا تھا پاکستانی بہت دنیا سے زیادہ عقل مند ہیں یہ مسلط ہوا تھا,0
آپکی گردن کی قریب ترین ہتھیار آپ کی زبان ہےالفاظ کے چناؤ کا خیال کیا کرو,0
انشاءاللہ چیئرمین پاکستان تحریک انصاف محترم جناب عمران خان صاحب اس بدعنوان حکومت کو ناکوں چنے چبوائیں گے,0
ن لیگ کے سی ای سی اجلاس میں مشاورت ہو گی کہ پہلے فلمیں ریلیز کی جائیں یا مریم نواز,0
اس فراڈیئے کے کام دیکھو قبلہ کدھر ہے اور فوٹو نکلوانے کے لئے کدھر کھڑاہو گیا,1
خان صاحب نے ایڈیشنل سیشن جج زیبا چودھری کیخلاف قانونی کارروائی کرنے کا اعلان کیا تھا تو توہین عدالت لگ گئی یہاں ایک مفرور اشتہاری مجرمہ کھلے عام سپریم کورٹ کے ججز پر جانبداری کا الزام لگا رہی یے دیکھتے ہیں چیف جسٹس عمر عطا بندیال کب جاگتے ہیں,1
اس حرام خور میں تھوڑی بھی غیرت ہو تو خود مستعفی ہوجائے ورنہ عوام لے لے گی استعفی,1
پا جی ہیش ٹیگ وکھاٶ پیلے,1
اقرار بھائی اور یاسر شامی کا بہنوئی دھر لیا گیا,1
ایسا تو موجودہ دنیا میں ایک ہی ہےجس کا نام عمران خان ہے,0
کراچی الیکشن سے پہلے کہا کہ جماعت کو پڑنے والا ہر ووٹ پیپلز پارٹی کو جائے گا کچھ لوگوں نے مذاق اڑایا امید ہے اب کیڑے کو سکون ہوگا بیچارے اب کہیں نظر آتے ہیں تو یہ کہتے پائے جاتے ہیں تم کونسا کراچی کے ہو,0
یہ تو میرے عزیز ہم وطنو والا الاپ لگ رہا ہے,0
پیر سید امین الحسنات شاہ صاحب نے عمران خان اعلی کردار خصوصا لیک آڈیوز سے متاثر ہو کر اپنے لاکھوں مریدین و عقیدت مندوں کے ہمراہ تحریک انصاف میں شمولیت کا فیصلہ کیا,0
کی طرف سے چل پڑا وہ سب جو رک گیا تھا کرونا وائرس جیسی وباء جس کا شکار اس وقت پوری دنیا ہے کی طرف سے بنایا ساحر علی بگا کی آواز میں خوبصورت نغمہ لازمی سنیے اور شئیر کرنا مت بھولیے گا,1
ایک ہزار یا ایک لاکھ انسان جو لائق مرجاتے تو اتنا نقصان نہیں ہوتا جتنا نالائق کے صاحب اقتدار بننے سے ہوتا ہے,0
یہ ہوگا فطری اتحاد جس جماعت کی زیادہ سیٹیں ہونگی سٹی میئر اسکا جس کی سیٹیں کم ہونگی ڈپٹی میئر اسکا اسی طرح ماتحت عہدے بانٹیں جائیں,0
یہ روز ایک بوٹ چاٹ کو سامنے بٹھا کہ اس کو انٹرویو لیتا ہے ناظرین اس انوکھی ادا کو دیکھ کر لگتا ہے کہ بہت ہی نازک صورت حال ہے,0
لل کو اسکے کھسم نے للپر چڑھا کر اتار دیا اور اب لن کسی اور میں ڈال دیا تو لل بخآری کی پھٹ رہی,1
انسانوں کو لیڈ کرنےوالا ہمیشہ سب سے آگے ہوتا ہے اور جانوروں کے ریوڑ کو ہانکنے والا ہمیشہ ریوڑ کے پیچھے غیر سیاسی پوسٹ,1
پٹواری عنبرین فاطمہ پر اٹیک اسلیے کیا گیا کیونکہ وہ احمد نورانی کی بیوی یے احمد نورانی عنبرین فاطمہ ایجنٹ یے یہ کہانی بھی رانا شمیم کے حلف نامے فیک آڈیوز قطری خط کیلیبری فونٹ اور جعلی ٹرسٹ ڈیڈز کی طرح پٹ گئی,0
مراد ہم تیرا گانڈ مارے گا سرسوں کا تیل لگا کر,1
تم سب لوڑے اس وقت جمہوریت کی گانڈ میں سوئے مرے تھے جب ماں ئولنا ڈیزل کشمیر کمیٹی کا چئیرمین تھا,1
یار یہ نشان لازمی بنایا کریں ہزااااررررر کا ذکر کرتے ہوئے مریم لچ لفنگ زیب کی طرح,1
کس نے بولا تھا چوری کرو مادرچود بھڑوے گن,1
کیا نے جو لوگوں کو ننگا کروا کر مارتا رہا اس کے پیچھے بھی اسرائیل تو نہیں تھا ائی ایس آئی دفاع پاکستان کو چھوڑ کر ارشد شریف جیسے لوگوں کو پریشرائز کرنے میں لگی ہوئی ہے کیا اس کے پیچھے بھی اسرائیل تو نہیں ملک ڈیفالٹ کر رہا ہے کیسے جسٹی فائی کرے گا اسے,1
یہ سب دلال ہیں اس دھرتی ماں کے زدل,1
پیپل پارٹی کا گنگز پارٹی بننے تک کا سفر,0
اور دلیر شخص روپے کا سٹیمپ پیپر سائن کر کے بھاگ گیا اور جوتے نہ گندے ہوں لوگوں کے اس احساس سے واپس نہیں آ رہا لعنت باجی تم پر,1
کمالیہ کے غیور بھائیوں آپنے دل جیت لیا,0
عابد شرلی نے لندن میں پاکستانی کمیونٹی کے اجلاس میں نوازشریف کا نام لیا تو دیکھیے حاضرین سے کیسے داد وصول کی,0
بریف کیس والی سرکار کے نواسے خرید و فروخت کرتے رہے الیکشن کمیشن سارے ثبوت لے کر جا رہے ہیں امید ہے چیف الیکشن کمشنر سکندر راجہ کو نا گوار نہیں گزرے گا,1
یہ اوقات ہے ان غداروں کی امریکن کے سامنے اللہ کی لعنت ہے ان پر اور ان کی اولادوں پر تاقیامت لعنت,1
کتوں کو نیوٹرل کرنے والی ویکسین کے تجربات پاکستان میں شروع,1
ایک مرتبہ پھر سے سب کو دلی عید مبارک امید ہے آج سب کا مووڈ بہت اچھا ہو گا اچھے مووڈ کا فائدہ اٹھاتے ہوئے ایک سوال رکھتی ہوں جو کوئی کسی انتہائی غلیظ مجرم سے ڈیل کر رہا ہوتا ہے وہ بھونپو بجا بجا کر بازار میں اعلان کرتا ہے,0
ابے تو ہوتا ہے کون جو مذمت کرتا ہے حرام کے بلے تم لوگوں کے پالے ہوئے نمک حرام افغانی ہمارے رکھوالوں کی چیک پوسٹوں پر دھشتگرد کاروائیاں کریں آئ ڈی بلاسٹ کریں اور اہلکار تماشا دیکھیں گے نہیں اب بھرپور جواب دیا جائے گا بلاؤ جس باپ کو بلانا,1
ہماری طرف سے لعنت قبول کرو پٹواریو,0
ان جیسے بیغیرتوں بیشرموں اور ضمیر فروشوں کے سبب پاکستانی سیاست صرف اور صرف ناجائز پیسہ کمانے کا زریعہ بن چکی یے,1
صاحب یہ سن کر چس تو بڑی آئی ہو گی کہ آپ کی لائی ہوئی حکومت نے انڈیا کو پاکستان کے اندر دہشت گرد کیمپس پر حملے کے وہ ثبوت اورجواز دے دیے جو وہ ساری عمر ڈھونڈتے رہے,0
یہ غلام ابن غلام ابن غلام باجوہ کا اثاثہ ہوسکتے ہیں قوم کا نہیں ہمیں قوم کی یہ توہین قبول نہیں,1
کسی کے کہیں رہنے سے تو یہ باتیں پتہ نہیں چلتیں لیکن آپ نے یقین نہیں کرنا تو نہ کیجیے اس میں بحث کی ضرورت نہیں,0
اب بھی اگر باجوہ استعفی نہ دے تو وہ ملک تباہ کرنا چاھتا ھے,1
کدھر ہے وہ جو خان کے دور میں مہنگائی پہ کتے کی طرح بھونکتے تھے اج وہ چپ ہے,1
جس کے ساتھ اللہ کی مدد ہو اسے کوئی نہیں زیر کر سکتا,0
قوم تمہیں ہمیشہ یاد رکھے گی تاکہ تم پر تاقیامت لعنت بھیج سکیں,1
ایک یہ مادرچود کا بچہ کھلا چھوڑا ہوا ہے کتے کی طرح بھونکتا رہتا ہے,1
یہ ہے وقت کا یزید انشاءاللہ جہنم واصل ہوگا دو,0
ڈرے گا بھی نہی کیونکہ ھمارے عظیم ادارے میں تم لوگوں کی صورت میں چھپی کالی بھیڑیں سامنے آ گئ جتنا نقصان پہنچانا تھا پہنچا لیا اب نہی کرنے دیں گے,1
میں جنرل باجوہ اور اس کے چیلوں سے کہتا ہوں کہ آج تم جو فرعون بنے بیٹھے ہو تاریخ کو ذرا یاد کرو تم سے پہلے بھی اس دنیا میں فرعون آئے جو خود کو سیاہ ؤ سفید کا مالک سمجھتے تھے آج وہ کہاں اس مملکت خداداد کے ساتھ جو تم کرتے پھر رہے ہو یہ ناقابل معافی ہے,1
مثلا ان علماء کے بارے میں جو جمعیت سے نکل کر تحریک انصاف میں شامل ہوگئے ہیں بقول جمعیت کے وہ یا تو مرتد ہے یا پھر علماء ہی نہیں ہے یا پھر اسرائیلی ایجنٹ ہی ہیں یا پھر شرپسند ہیں,0
فواد آئے اور سواد نا آئے ناممکن سپیکر صاحب کو کہنے آئے ہیں کہ اپوزیشن لیڈر حلال کا لگائیں,0
دوبارہ گنتی ہوئی تو نتائج میں تحریک انصاف جیت گئی,0
کوئی مزدور ہم سے ملنا چاہتا ہے,0
اس والے بیان کے بعد تو اس شعبہ سے دل اٹھ گیا ہے یہ کارنامہ بغلول کا ہے,0
شوباز بیچارے کی اوقات دیکھ لیں انکی اپنے بانسری بہی انہے اپنانے کو نہیں تیار غیرجانبدار اور آزاد کو مزہ آرھا ھے چیپڑ کا نصر من اللـه وفتح قريب دو,1
اسپیکر قومی اسمبلی نے جمعہ کے بابرکت دن غلام اور آزاد کر دیئے,0
صرف اعتماد ہے کوئی ہاتھ نہیں,0
بلاول بھٹو زرداری کو انٹرنیشنل میڈیا تتے توے پر بٹھاتے ہوئے عمران خان پاکستان کے مقبول ترین لیڈر ہیں انکے جلسوں پر لاکھوں لوگ آتے ہیں ارب ٹیلیویژن,1
نے جو رجیم چینج آپریشن کیا ارشد شریف شہید کا قتل کروایا عمران خان صاحب پر قاتلانہ حملہ کروایا پاکستانی معیشت کا بٹھہ بٹھا دیا صحافیوں اور تحریک انصاف کے سیاستدانوں پر جھوٹے مقدمات درج کیےان کا فائدہ اسرائیل انڈیا امریکہ کو ہوا یا پھر آرمی کو,1
اس پیشہ میں وہ بھی لوگ قدم رکھ چکے ہیں جنکا اوڑھنا بچھونا اخبار یا اپنے میڈیا ہائوس کے ذریعے ملک کی خدمت کرنا نہیں اکثیرت کاروباری لوگ ہیں اپنے بزنس کو فروغ دینے کیلئے,0
عمران خان نے یہ متھ توڑ دی ہے کہ اسٹیبلشمنٹ کی مدد کے بغیر یہاں پتہ نہیں ہل سکتا لیڈر ایماندار اور جرآت والا ہو تو اسٹیبلشمنٹ کو بھی ہلا سکتا ہے,0
غیرت مند لیڈر بے غیرت جنرل سے لاکھ درجے بہتر ہوتا ہے,1
ہیلو مریم اورنگزیب آفر اچھی ہے لے لے,0
اسکے بعد جتنا پیسہ لٹایا اقتدار ملنے کے بعد پھر سے اپنے خزانے بھر لیے پھر عمران خان نے اسکے کیسز کو ری اوپن کرنے کو کہا تو بڑو نے پیسے لے کر پھر سے چھوڑ دیایہی ہوتا آرہا ہے اگر انکو روکا نہیں گیا تو پھر سے یہی کرنے آئے گے یہ بےشرم,1
چالیس سال سے ملک لوٹنے والوں کو پٹواری اور جیالے آج بھی سپورٹ کررہے ہیں ان کو شرم نہیں آ رہی تو ہم اس مشکل وقت میں اپنے کپتان کا ساتھ کیوں چھوڑ دیں جس کی ایمانداری کی دنیا گواہ ہے خان صاحب گھبرانا نہیں ہم مرتے دم تک آپ کے ساتھ ہیں,1
پٹواری پیدا کرنے کیلئے نکاح ضروری نہیں کیپٹن صفدر کا تمام علماء کرام کو مناظرے کا چیلنچ,1
انکل کی لاڈلی کی کھلے عام غیر آئینی اور غیر قانونی حرکتیں,0
یہ ملک ریاض کا چارٹر طیارہ ہے جس میں نیا پاکستان اور جعلی ریاست مدینہ کے مستری بیٹھے ہوئے منی لانڈرنگ سے لیکر کاشانہ سینٹر کی یتیم بچیوں اور پنڈی کے بچوں کو ریپ کرنے والے شیطان کے کھرے ڈھونڈو عمران خان اور اسکے سرپرستوں تک جائیں گے,0
ایک کی ماں کے نام پر گیارہ سال سے پیسے غریب عوام میں تقسیم ہو رہے ہیں ایک کی ماں کے نام پر غریب عوام سے جمع پونجی نکلوا کر نیو جرسی میں فلیٹ خریدے جاتے ہیںبس اتنا سا فرق ہے,0
مریم نواز نے کہا بھٹو کا جنازہ نہیں پڑھنے دیا یوسف رضا گیلانی کو نکالا پر یہ نہیں بتایا اسکےتانے بانے نواز شریف اور مریم سے ملتے ہیں فواد چوہدری,1
امریکی دلے ہیں یہ کمینے انشاءاللہ دنیا وآخرت میں زلیل روسوا ہونگے انشاءاللہ,1
پورا نظام ایک آدمی سے لڑ رہا ہے تاریخ یاد رکھے گی کہ نظام اتنا کمزور تھا,0
یا اللہ کنیز نمبر کو حفظ و آمان میں رکھنا,1
سادہ سا سوال اگر آج مسئلہ کشمیر حل ہو جاتا ہے تو سب سے زیادہ نقصان کس کو ہو گا جواب پاکستان آرمی کے جرنیلوں کو کیوں کے ان کے کھابے بند ہو جائیں گے,0
آنٹی میں بھی اپنے دوستوں سے تنگ آ چکا ہوں اپ مہربانی ان کی کوئی ویڈیو بنوا دیں میں انکے منہ پر مارنا چاہتا ہوں مجھے یقین ہے اپ ہی یہ کام کر سکتی ہیں,1
ہمیں تم پر فخر ہے انشااللہ آپ کی یہ قربانی چوروں ڈاکوؤں اور غداروں کے خلاف اور وطن پاک کیلئے ہماری آنے والی نسلیں بھی یاد رکھیں گی,1
امپورٹڈ حکومت کی ناکامیوں نے پاکستان کی مشکلات بڑھا دی ہیں عمران خان,0
وہ جو کبھی باپ سے بڑھ کر تھا اب غدار ھوگیا,0
نام سراج المنافق پارٹی جماعت نیلامی سیاسی کردار تھالی کا بینگن متفق ہیں تو ریٹویٹ ماری جاؤ,0
اگر لفظ بیغیرتی کی شکل ہوتی تو ایسی ہوتی,1
کشمیر بنے گا پاکستان,0
کروڑ بھتہ نہ دینے پر بلدیہ فیکٹری کے ورکرز کو اندر بند کرکے زندہ جلایا گیا رحمان بھولا حماد اظہر ملوث پولیس نےمجرمان کو بچایا کیا ہمت ہے کہ لندن کراچی حقیقی سب پر پابندی لگا کر تمام لیڈران سے حساب لیں,1
عمران خان کوبھکاری کہنے والے سن تیرے آباواجداد جب سینماکے بلیک اینڈ وائٹ پردے پر ناچنے والی ہیروئین کے پیچھے رقص کرنے والی سانولی لڑکیوں کے خواب دیکھتے تھے اسوقت لندن کے کھرب پتی گھر کی شہزادی جمائما عمران خان کی دیوانی ہوکر اسکی شریک حیات بن بیٹھی,1
فسادن مکار جھوٹی خائن خون نوش عدالتلگاؤ,1
بکواس نہیں کتے کوئی اس کا چینل سبسکرائب نا کرے پلیز,1
لبرلوں کی اس پھوپھی کو کوئی بتائے کہ فاتح قوم مال غنیمت کی مالک و مختار ہوتی ہے وہ چاہیں تو اس کو استعمال کریں چاہیں تو اس پر جھولے جھولیں اور چاہیں تو اس سے تمھیں آگ لگائیں,1
ڈالر فی دورہ دیا جاتا تھا سرکاری دفاتر میں عاسمہ شیرازی کا ہر جائز یا ناجائز کام بلا تعطل کیا جاتا ہے اس کے کرب کی یہی وجہ ہے اسی لیے تو ہم اسے کہتے ہیں تھریڈ پڑھیں,1
یہ فوگ اور تیرا نام کتنے ملتے جلتے ہیں تیرا نام نہیں لوں گا نہیں لوں گا بس تجھکو فوگ کہوں گا,1
اگر ضمیر فروش بگوڑے سمجھتے ہیں کہ خان کا ووٹ بیچ کر یہ اپنے حلقوں میں جا سکیں گے تو انکی بھول ہے,1
کیا یہ بات درست ہے کہ مریم صفدر کی شادی دسمبر کو بحالت مجبوری انجام پائی اور اپریل کو مریم صفدر کے گھر بیٹی مہرالنسا نے جنم لیا,0
الیکشن کمیشن بھی ہارگیا وتعذمن تشا وتزل من تشا,0
کینیڈین رکن پارلیمان ٹام کیمیک کو بلاک کرنے کا فیصلہ,0
شریفوں اور زرداریوں کی کرپشن کے کیسز فیصلے نا ہونے کی وجہ سے زائد المیعاد ہو گئے لیکن خدا نا خواستہ اگر شریف اور زرداری خاندان کی عزت کا سوال ہو تو عدالت کی پھرتیاں دیکھیں,1
شرم کا مقام ہے کے ہمارے ادارے یہ کر رہے ہیں اگر اسی طرح جنرل باجوہ کو ننگا کر کے عوام کے ساتھ دوکھہ دینے کی سزا پر ان کی عزت رسوا کی جائے تو ان کو کیسے لگے گا انٹیلی جنس افسروں کو حکم دے کرکس لیے یہ سب کچھ کرواتے ہو لعنت اس نظام پر,1
یہ بھی بتا دیتا کہ یہ نصرت بھٹو کی اس وقت کی تصویر ہے جب بینظیر کی حکومت تھی اور المرتضی ہاؤس لاڑکانہ پر پولیس نے گولیاں برسائی تھیں جس میں چار لوگ جاں بحق ہو گئے تھے اور نصرت بھٹو نے بیان دیا تھا کہ بینظیر ضیا جیسی ڈکٹیٹر ہے بعد میں زرداری نے مرتضے بھٹو کو قتل کروا دیا تھا,1
اسلام علیکم سجنو تے سجنیو صبح بخیر حامد میر ایک سانپ ہے,1
لعنت ہے کنجر حکمرانوں پر جو خاموش ہیں کل جب انکی بہنوں پر ہاتھ آئے گا تب انکو اس تکلیف کا اندازہ ہوگا,0
ہم بولیں گے تو بولو گے بولتا ہے اس لئے ہم کچھ نہیں بولیں گے اور پھر طاقت کے ایوانوں میں ہمارا کیا کام ہے طاقت والے جانیں ان کے کام جانیںمگر وطن کی مٹی کو اس طرح ذلیل نہیں ہونے دیں گے یہ ہی ہمارا سب کچھ ہے,0
آج ایک وقت کے یذد سے جان چھوٹی,0
اسرائیل کو تسلیم کرنے کا مطلب کشمیر سے دستبرداری یے امپورٹدڈ کرمنل سرکار پچھلے پانچ مہینے میں دو دفعہ وفد اسرائیل بھجوا چکی یے خان صاحب,1
جنرل باجوہ نے بے انتہا ڈبل گیم گھیلی لیکن آخر میں ایکسپوز ہوا اور زلت اس کا مقدر بنی خان صاحب,1
یہ آپریشن بگ باس کی منظوری کے بغیر ہو ہی نہیں سکتا ہاتھ جو بھی استعمال ہوں ان کے پیچھے قاتل اسٹبلشمنٹ اور چور سیاستدانوں کا گٹھ جوڑہی نکلے گا,1
نہیں اس میں بھیا بدلا ہوا ہے,0
قصور حکومت کا نہیں نہ نواز شریف اور نہ زرداری کا قصور اس جاہل عوام کا ہے جنکا دماغ سوائے محبت اور گندگی كے اور کچھ سوچ نہیں سکتا ہم قوم نہیں ذہنی مریضوں کا ہجوم ہیں جو جانوروں کی سی زندگی گزار رہے ہیں کھاؤ پیو دبا کر بچے پیدا کرو اور مر جاؤ کوئی بڑی سوچ نہیں اللہ رحم کرے,1
کہیں بھی دکھائی نہیں دے رہے بیشرم لوگ لعنتی,1
کبھی نہی یہ شخص پاکستانیون کی جان ھے چند غدارون کو چھوڑ کر,0
تاریخ یہ گواہی دے گی کہ کے سامنے میر جعفر اور میر صادق طفل مکتب تھے,0
بقول بیغیرت باجوہ کے عمران خان جسکے دور حکومت کے سارے معاشی اداریے مثبت تھے وہ پاکستان کیلیے خطرناک تھا اور سپریم کورٹ کی طرف سے جھوٹا اور خائن قرار دیا گیا نوازشریف اور ارب روپے کی کرپشن میں ملوث شہباز شریف پاکستان کیلیے موزوں ہے,1
انا للہ و انا الیہ راجعون تو جائیں جا کر باجوہ اور ندیم انجم کو گولی مار دیں یہ سب انکا کیا دھرا ہے وہ غریبوں کے بچے شہید کروا کر خود عیاشیاں کر رہے ہیں,1
تم واپس آ جاوں ہم بھی تیار ہیں اس سے بڑی کر چھوڑے گے فکر نہ کرو,0
ایک اشتہاری چور کو تھانے سے فون آیاتھانے آ جاؤ تمھیں فوری لگانا ہے عقلمند چور نے جواب دیاشوباز شریف سمجھ رکھا ہے کیا کاپی,1
معصوم بچیوں کے ساتھ نازیبا حرکات کرنے والا شیطان صفت درندہ وقاص پولیس کے شکنجے میں کیمروں سی ڈی آرز اور دیگر تیکنیکی ذرائع کو بروئے کار لاتے ہوئے ملزم کو ڈھونڈ نکالا ۲۴ گھنٹے کے اندر ملزم سلاخوں کے پیچھے,1
الله پاک عمران خان کو اپنے حفظ و امان میں رکھے لیاقت باغ کی تاریخ اچھی نہیں,0
حقیقی طاقت وہ صلاحیت ہے جو آپ کیلئے پسندیدہ نتائج حاصل کرنے کے ساتھ دوران عمل دوسروں کیلئے بھی فائدہ مند ہو,0
بننا آسان ہے لیکن عمران خان بننا مشکل ہے کیونکہ ایک نایاب لیڈر ہے,0
اسٹیبلشمنٹ کی کتی سستی طوائف,1
لگتا ہے ٹھاکر نے چوٹ گہری لگائی ہے,0
اگر ایک بھائی امیر اور دوسرا غریب ھو تو پھر وہ بھائی نہیں ہوئے امیر اور غریب ھی ھوئے,0
یاد ماضی عذاب ہے یارب چھین لے ان سے حافظہ ان کا,0
تیرا بگوڑہ مفرور مجرم باپ بھی یہی کہتا تھا,1
تو تو چپ کر رنڈی کے بچے,1
پٹواریو اب تو مان جاؤ اب تو وہ جو ہے نے بھی کہہ دیا ہےکہ جو اربوں روپے کا غبن کر کے گیا ہے وہ لندن میں جا کے عیاشی کر رہا ہے,1
جب اس جگہہ سے دھوکہ ملے جہاں سے دھوکے کی امید نہ ہو تو انسان کا یقین اپنے اوپر سے ہی اٹھ جاتا ہے دھوکہ کی وجہ سے نقصان کا اتنا دکھ نہیں ہوتا جتنا دھوکہ دینےوالے کی حرکت پر ہوتا ہے,0
اعلان ہوگا سرعام ہوگا وزیر اعظم اور پھر تاحیات صدر پاکستان عمران خان ہوگا سب کہو ان شاءاللہ,0
مسئلہ صرف باجوہ نہیں بلکہ وہ نظآم بھی ہے جس کی کھوکھ سے باجوے اور چور حکمران جنم لیتے ہیں,1
اس کنجر نو لمیا پا کے ایہدے نال پاپی چولو کرو ڈاکٹرز پیرامیڈیکس کا مروڑ اٹھا ہے اسکو جسکی سندھ حکومت نے کرونا کی آڑ میں انکی تنخواہ سے فیصد کٹوتی کی,1
حاجیوں کی تعداد کے حساب سے پاکستان دوسرے نمبر پر اور عمرہ کے حساب سے پہلے نمبر پر جبکہ ایمانداری کے حساب سے نمبر پر ہے اللہ ھم پر رحم کریں,0
میرا نام ہے اور میرے سامنے کیمرہ اور مائیک پڑا ہے اور میں اتنا بیغیرت ہوں کہ ہر طرح کا جھوٹ بولو گا پروپیگنڈہ کرونگا کیونکہ میرا تعلق سے ہے اور میں یہاں دلالی کرتا ہوں,1
مزید یہ کہ جب واٹس ایپ پہ بنی جب بشیر میمن کو بلا کر جعلی کیسز بنانے کا کہا گیا جب واجد ضیاع کو میں لگایا گیا جب ارشد ملک کو نازیبا وڈیو دکھا کر فیصلہ لیا گیا جب شوکت صدیقی کو دو سال کی محنت زائع نہ کرنے کی دھمکی دی گئی تب سپریم کورٹ اور اس کے سوو موٹو کہاں تھے,0
کیا سن رہا ہوں میں غدارو اب تم لونڈوں کو پیسے دے کہ ٹوٹ کرواو گے لو پھر میرا,0
سوچا جائے تو وولٹ کا جھٹکا آج نیوٹرل کو لگا ہے پر مجھے پورا یقین ہے انکل نیوٹرل افہیم پی کہیں لڑک گئے ہیں دو,0
جیسے ہی خبر چلی کہ حکومت نے مزید ایم این ایز کے استعفے منظور کر لئے تو عمران خان نے یہ تصویر شیر کر دی صرف ڈرایا تھا کہ ہم اسمبلی واپس آرہے ہیں اگلوں کی پھٹ گئی,1
لو میاں یہ ہو ریا ھے کہ کی اولاد اصل میں کتے کی اولاد نکل آئی ھے یقین نئیں آ ریا کہ ھے خنزیر کا نہیں,1
شہباز گل کی بہن کی بات سن کر کون کہے سکتا ہے پاکستان محفوظ ملک ہے اس ملک میں نہ ایمان محفوظ نہ جان یہ فوجی جنرلوں اور جاگیرداروں ملک ہے دونوں کا کاروبار زمین اور پلاٹ ہیں,0
یہ کیسے سپا سالار ہے کے اپنی ہی عوام اس سے جان چھڑانا چاہتی ہے یہ ڈھوب کیوں نہیں مرتا,1
جوکریمنل ہیں انکوکیطرح ٹریٹ کیاجاتاہےجیلوں میں بھی وہ ہیںانکوہارپہنارہےہیں پھول پھینک رہےہیں کوٸی نہیں پوچھ رہااس نےکتنی کرپشن کی ہےکتنےجراٸم کیےہیں ناصادق ناامین عمرانخاٸن کےکل کےفرمودات اورآج انتہاٸی سادگی اورپروٹوکول کےبغیرعدالت پیشی کےمناظر,1
ن لیگ رام نام ستے ہے,0
کسی بھی مہذب معاشرے میں ایسے دوغلے اور بدزبان مجرم سلاخوں کے پیچھے حقیقی معنوں میں سزا بھگت رہے ہوتے ہیں لیکن بدقسمتی سے ہمارے ہاں مقتدر حلقے ایسے لوگوں سے بلیک میل ہو جاتے اور پھر یہ لوگ ان کے لاڈلے بن کر ملک میں تباہی مچا دیتے ہیں,1
مختاریا وڑھ جانی دیا شبرات تے لنگ گئی اے پین نوں یئو سیاست دی حکومت وزیر اعظم نوں دسدی نئی پئی,0
بول کہ لب آزاد ہیں تیرے بول زباں اب تک تیری ہے,0
اپ عورتوں کی ننگی تصویریں رکھتا تھا بیٹی مردوں کی ننگی ویڈیوز رکھتی ھے اور نام ھے شریف خاندان,1
فضل الرحمن کس طرح مدرسے کے بچوں کا استحصال کر رہا ہے سنیے,1
پیپلز پارٹی کو تباہ کرنے میں آصف زرداری صاحب نے کوئی کسر چھوڑی تھی جو اب ڈیوڈ جیمز جیسے لوگوں کے ہاتھوں میں کے لیڈران کی ڈور دے دی گئی ہے انا للہ وانا الیہ راجعون,1
جو ویڈیو پوسٹ کی ہے اس بکواس پر یقین کریں یا جو اس ویڈیو میں ہے اس پر چوچی تو آپ تب بھی نہیں تھیں سارے گھر دیکھے ہوئے تھے اقرار کرو تب جھوٹی تھی یا اب جھوٹی ہو,1
نیوٹرل نے ارشد شریف سے کہا عمران خان کی کرپشن ڈھونڈ کر لاؤ سنیں ارشد شریف نے کہا کہ جو پانی بوتل ڈھونڈتا ہے کہ میری آدھی پانی کی بوتل کون لے گیا وہ کرپشن کرےگا,1
شرم ہوتی تو گٹر میں ڈوبتی,1
الیکشن کروانا ہوگا چوروں کو بھگانا ہوگا,0
آج عید کے پہلے دن ٹھیک اسوقت ھم ٹی وی پر وہ تہذیب دکھائ جاری ھے جس کو ارتغرل غازی ڈرامہ سے شدید خطرہ ھے,1
کوئی بتائے گا کہ زہر کی بوتل پاکستان میں کہاں سے اور کتنے میں ملتی ہے تیرا بیڑا تر جائے نوریا,1
ففتیوں اور پٹواریوں کی اماں اور منافقت کے اعلی درجے پر,1
میں انشاء اللہ خیبرپختونخوا کی غیور عوام کے نمائندوں کو الیکٹ کروانے کے عمل کو نیک نیتی اور خوش اسلوبی سے انجام دینے کی کوشش کروں گا جس پر کسی کو شک و شبہ کی گنجائش نہ ہو اعظم خان,0
میرے مرشد عمران خان نے میں انٹرنیشنل مافیا اور انکے کرپٹ حواریوں کا مقابلہ بہادری اور کامیابی سے کیا اور انشاءاللہ میں بھی اپوزیشن کو ایسے ہی پچھاڑا جائے گا,1
ڈھائی سال کا عرصہ گزر گیا اب بھی اپنے لفافہ صحافیوں کے ذریعے اپنے کالے کرتوت چپا کر مخالفین کی کردار کشی کی جا رہی ہے جتنی محنت اپوزیشن کے خلاف کی جا رہی ہے کاش اس سے آدھی ملک کو چلانے ہر لگائی ہوتی یا اللہ نیازی والے عذاب سے بچا,1
تم کس کو ڈرا رہے ہو اب کوئ ڈرنے والا نہی ہے باجوہ کو جانا ہوگا باجوہکتاہاۓہاۓ باجوہکتاہاۓہاۓ,1
یہاں ویگو ڈالوں کی حکومت ہے لو جی اب میں بھی غدار ہو گیا ہوں کے اس کی وڈیو کیوں شیر کی بات ٹھیک کر رہا ہے جرنیلو کچھ شرم کرو کوئ خدا خوفی ہے ایک بجوے کے لیے ۲۲ کڑوڑ عوام کو سولی پر لٹکایا ہوا ہے اور کچھ کوتو مروا دیتے ہو,1
لندن میں جنرل ریٹائرڈ ناصر جنجوہ کے گھر نواز شریف اور ٹاپ جرنیلوں کی ملاقات ہوئی ہے جس میں نواز شریف کی پاکستان واپسی اور نئے آرمی چیف کی تقرری پر تبادلہ خیال کیا گیا ہے یہ یے ان بیغیرتوں کی ٹوٹل اوقات,1
جینا عزیز تر ہو تو پھر دار کیا کرے بازار ہی نہ ہو تو خریدار کیا کرے سایہ تو مانگتے ہیں مگر سوچتے نہیں سورج ہو عین سر پہ تو دیوار کیا کرے تم بادشاہ وقت تھےکٹوا دیے تھے ہاتھ اب قصر گر رہا ہے تو معمار کیا کرے,0
یہ صرف عمران نیازی کے دؤر کیلئے قانون ہے یا نوازشریف کے دؤر کے بحران کی لعنتیں بھی عمران نیازی وصول کریگا,1
تیار رہو پاکستانیوں مریم بی بی آج غلاظت اور جھوٹ بکنے جارہی ہے,1
کورونا کی وجہ سے خون کے رشتے بھی دور ہو جاتے ہیں مشکل وقت میں کوئی پاس نہیں رہتا باو جی کو کورونا ہوگیا تو نانی اماں نے کہنا ہے میرا لندن تو کیا پاکستان میں بھی کوئی ابا نہیں ہے,1
وقت آگیا ہے کہ عوام متحد ہو کر ان زرداریوں اور شریفوں سے ہمیشہ کے لیے چھٹکارا حاصل کر لیں ہمارے ٹکروں پر پلنے والی افواجی اور عدالتی الیٹ ان لٹیروں کے ساتھ مل کر ہمارے پیارے ملک کو نوچ کھسوٹ رہے ہیں,1
جنرل کنجر باجوہ نے کیسے دیا آج خان صاحب نے کھل کر بتا دیا کنجر باجوہ اس لیے روپوش ہوگا جب بھی نظر آیا پبلک نے اسے وہیں خراج تحسین پیش کر دینا ہے,1
اگرچہ باجوے کی قربانی جائز نہیں لیکن ہمیں اس بار اس کی قربانی کردینی چاہیے ملک کے وسیع تر مفاد میں,1
وہ بھاگا نہیں ڈرا نہیں جھکا نہیں بکا نہیں بلکہ اس قوم کی حقیقی آزادی کا مقدمہ عوام کی عدالت میں پیش کرنے کے بعد عوام میں موجود ہے اور مافیا سے لڑ رہا ہے ہر طرف خان ہی خان ہے,0
الحمداللہ زرداری کے چہرے پر کالک تو پوت دی گئی ھے اب جوتے مار مار کر لوٹی ھوئی دولت بھی واپس لی جائے گی اور جیل بطور بونس ملے گی اس حرام کے جنے کو,1
عام لوگوں کی بھینسیں تو کٹی اور کٹا دیتی ہیں لیکن شہبازشریف کی بھینسیں شوگر ملز سٹیل ملز بےنامی جائیدادیں اور لندن میں فلیٹس دیتی ہیں,1
سیاسی نہیں خاکی نمائندے سب کے سب خاکیوں کے ہی پالے ہوئے غدار ہیں,0
حیدرآبادسےہےضلع دادو کیاورمٹیاری ٹنڈوالہیار کیفیملیز ٹنڈومحمدخان کی جامشورو کی ٹھٹھہ اوربدین میں بیگمات یا گھرکاکوئی فرد بھی شامل رہا ایف آئی اےکےمطابق رقوم واپسی کےنوٹسسز جاری کئےجانےکےبعدگزشتہروزکےدورانملزمان کی جانب سے ایک کروڑ کی رقم جمع کرائی جا چکی ہے,1
ابے باولے تجھے ہڈی نہیں ملنی,1
انہوں نے ہر اس جگہ ٹانگ اڑانی ہوتی جہاں ان کا نا کوئی کام ہوتا ہے نہ ایکسپرٹیز تاریخ بھری پڑی ہے,0
جو ماں کو بیچ دے ایسے دلالوں کو عبرت کا نشان بنانا ہو گا,1
سیٹ پر بٹھا تو دیا لیکن بٹھانے والا ننگا ہو گیا دو,1
توں اپڑاں مقام پچھان کتیاں توں وی اگے ایں,1
غربت بھی بڑی ہے اور پر رش بھی ختم نہیں ہوتا یعنی صرف غریب طبقہ ہی مزید غریب ہوا ہے,0
میں تو کومنٹ میں اسکو بہت زلیل کرتی ہوں فیسبک کبھی نہیں اڑا یے ٹویٹر اڑ جاتا ہے جلدی,0
اسی لئے آپ کو حکومت سے نکالنا ضروری تھا خان صاحب آپ انسانوں کو انسان سمجھتے تھے,0
تجھے کہا تھا نا خان ان سب کی ایک ایک کر کے گانڈ مارے گا,1
کتنی جھوٹی ہے یہ جعلساز عورت,1
چل بھڑوے اپنی شکل دیکھ گوبر کے تھاپے جیسا,1
چلو جی بہتی گنگا میں فضلو بھی ہاتھ دھونا چاہتا ہے,1
پنڈی دا مصلی شیدا ٹلی,1
شریف خاندان کی یہ خوبی ہر کسی کو معلوم ہے کہ یہ خود کلہاڑی کے اوپر اپنا پاؤں مارتے ہیں اب انکی لاڈلی بیٹی سب سے زیادہ چالاک نکلی ہے جو دونوں پاؤں کلہاڑی پر رکھ کر کھڑی ہے,0
عام انتخابات اپریل میں ہونگے خان صاحب کا بی بی سی کو انٹرویو,0
قریب ہے وہ وقت جب پورا پاکستان تحریک انصاف کے رنگ میں رنگ جائے گا انشاء اللہ,0
ہماری جڑوں میں بیٹھ چکا ہے باجوہجنرل رانی گوالمنڈی ی ہماری جڑوں میں بیٹھ چکا ہے باجوہجنرل رانی سنا ہے کہ گنجا شیطان زہنی مریض بن گی,1
سمجھ نہیں آتی کی ہمارے میڈیا کے لوگوں کو پاک فوج سے اتنی تکلیف کس بات کی ہے کراچی کی حالت زار پر کبھی کسی میڈیا والے نے آواز نہیں اٹھائی اور سندھ حکومت سے سوال نہیں کیا لیکن وزیراعظم عمران خان کے چیرمین کو نالوں کی صفائی کا کام سونپنے پر مبشر زیدی جیسے گماشتے بھونکنے آگئے,1
سرپرائز عمران خان کو پیٹرن انچیف بنانے کا فیصلہ ویلکم بیک,0
بینش سلیم ایک غیر جانبدار صحافی ہے,0
نوازشریف اور بھارتی خفیہ ایجنسی را کے گٹھ جوڑ پر ایک وڈیو ملاحظہ فرمائیں,1
ملک کا چوکیدار اربوں کے بجٹ کو حرام کر کے ملک دشمن اور غداروں کے ساتھ مل کر ملک اور قوم کو تباہ کر گیا یہ ہی فصاد کی جڑ ہے عوام اور محب وطن فوجی مل کر اس غدار کو بیرک سے نکال کر پھانسی پر چڑھایں بھرے چوک پر,0
سر اسد عمر پلیٹیں گننے والے اور شریفوں کے لئے پروپگنڈہ کرنیوالے تمام اینکرز و لفافیوں کو سیکنڈ میں انکی اوقات یاد دلاتے ہوئے,1
پاکستان کو تباہ کرنے والا صرف ایک شخص ھے اس بغیرت کا نام ھے باجوہ جو چند ڈالر لے کر اپنے گھر کی عورتون کو بھی بیچ دے اس کی وجہ سے ھمارا ملک یہان تک پہنچا ھے,1
عمران ریاض نے بغلول بےشرم کی دم پر پاؤں رکھ دیا تھا بیغیرت نے کاٹنا ہی تھا,1
اینٹی کرپشن نے لیگی ایم پی اے ملک ندیم کامران کو آج طلب کرلیا غریبوں کے لیے مختص زمین پر غیر قانونی قبضہ کیا ہوا تھا مریم کا ایک اور اثاثہ پھڑیا گیا,1
کیونکہ اسکی لندن تو کیا نیؤزی لینڈ میں بھی کوئی جائیداد نہیں اور نا ہی کیلبری فاؤنٹ بنائی اسکے ابا اور چچا کی بھینسیں تو ہیں لیکن ایون فیلڈ اور جدہ میں کوئی محلات نہیں اور نا ہی انہوں نے ماڈل ٹاؤنوں میں بیگناہوں کو مروایا اور نا بھارت کے جاسوسوں کو اپنی فیکٹریؤں میں رکھوایا,1
تخت لاہور اپنا فیصلہ عمران خان کے حق میں سنا چکا اب امپورٹڈحکومت کو تسلیم کرنا ہی پڑےگا,0
کچھ دن بعد کال ملاتے ہی یہ آواز آیا کرے گی مہنگائی ایک مہلک اور جان لیوا بیماری ہے اس سے بچیںکھانا کم کھائیں پھٹے پرانے کپڑے پہنیں جتنا ہو سکے پیدل چلیں یا سائیکل کا استعمال کریں یاد رکھیں مہنگائی سے لڑنا ہے حکومت سے نہیں,0
یار یہ انڈین کیا چاہتے ہیں اپنی کی بہن کو عزت سمجهتے هيں اور کشمیر میں دوسروں کی بہنوں کی عزت لوٹ رہے ہیں,0
اور ان بدوؤں کو ہماری آج کی فوج کا نہیں پتہ کیا کمال کرتے ہیں پانڈے جی,0
دو بریگیڈیئر صاحب یوکرین کو چھوڑیں یہ بتائیں کہ پاکستان میں کیا ہو رہا ہے تجھ کو پرائی کیا پڑی اپنی نبیڑ تو,1
ریاستیں نہ تو ڈرپوک ہوتی ہیں نہ کم ظرف نہ ظالم نہ ہی بے وقوفہاں ان کو چلانے والوں میں یہ شخصی صفات ہو سکتی ہیں اس مقبوضہ ریاست کو چلانے والے ہیں جنرل باجوہ جنرل فیض حمید اور ہم نوا,0
ٹویٹر پر یہ میڈم ایسے نظر آتی ہیں جیسے مریم کے بعد وزیر اعظم کی امیدوار یہی ہیں اور ادھر ایسے لگ رہا ہے جیسے مریم نے کہا ہو پچھے ہو ک کھلو تیرا منہ کیمرے اچ نی انا چاہیے دا,1
باہر والے کی کیا مجال کہ انکھ اٹھا کر دیکھے ھمیں یہ ھمارے کچھ بابے پلاٹوں اور ڈالروں کے عوض ھمیں زلیل و رسواء کرواتے ہیں دو دو,1
ساری قوم ایک بندے کی ٹانگیں کھینچنے پر لگی ھوئی ھے اور وہ بھی اس بندے کی جو ان کو اس دلدل سے نکالنے کی کوشش کر رھا ھے اللہ ھی ھے جو ھمت اور استقلال دینے والا ھے,1
نکل لوڑے پھیلی فرصت میں نکل بھوسڑیکے مادرچود,1
میاں جی باجوہ آرٹیکل سے بچ بچا کے کاروائی کرنے کی کوشش میں ہے لیکن باجوے کے لئے مصیبت بن گئی ہے یہ دورنگی مارشل لاء,0
قریب سو سال ھونے کو آئے اکبرالہ آبادی نے کہا تھا پیدا ھوئے وکیل تو شیطان نے کہا لو آج ھم بھی صاحب اولاد ھوگئے یقین ھےکہ ان کا اشارہ پاکستانی وکلا کی جانب ھی تھا کیونکہ یہ شیطان کی اولادیں جج بنکر اور بھی حرامزادی ثابت ھوئیں,1
باجوہجنرل رانی دنیا کا سب سے ذلیل ترین انسان کا منہ کالا ہوگا امپورٹڈحکومتنامنظور جنرل باجوہ کا نک نیم بغلول ہے ہماری جڑوں میں بیٹھ چکا ہے ہماری جڑوں میں بیٹھ چکا ہے باجوہجنرل رانی گوالمنڈی,1
ہمیشہ قربانی دینے والوں کی صف میں یاد رکھا جائے گا اور باجوہ ہمیشہ غداروں کی صف میں ہوگا انشاءاللہ,0
ویسے بے شرمی کا لفظ زیادہ بہتر ہے ان لوگوں کے لیے,1
میرا خیال ہے کہ شاہزیب خانزادہ کے جھوٹ بینقاب کرنے کیلیے حکومتی سطح پر پورا محکمہ ہونا چاہیے شاہزیب خانزادہ کا ایک اور جھوٹ بینقاب,0
ابھی ان بیغیرتوں کے وٹ یعنی بل سیدھے کیے جا رہے ہیں فائنل پھانسی کی سزا تو انشاءاللہ ماڈل ٹاؤن کیس میں ہی ہو گی,0
بے غیرت ہجڑا اور اس کا باپ,1
پیپل پارٹی کیخلاف سندھ میں شدید نفرت جنم لے رہی ہے سیلاب میں عوام کو بے یار و مددگار چھوڑ دیا مظاہرین نے خیر پور میں منظور وسان کو دیکھ کر شدید نعرہ بازی کی آر اسے بھاگنے پر مجبور کر دیا,1
فوج اور قوم کے درمیان اب صرف ایک پردہ ہے اور وہ ہے عمران خان جس دن یہ پردہ اٹھ گیا فوج واضح طور پر ننگی ہو جائے گی فوج کو اپنی عزت کا بھرم رکھنا چاہئے اور پاکستان کے حالات کو درست سمت میں لے کر جانا چاہئے,1
وہ کون سی چیز ہے جو جسم میں نہ ہو تو نکاح نہیں ہوتا اگر ہو تو جناز ہ نہیں ہوتا,0
ان کی بے شرمی بھی دیکھ لیں وزیراعلی پنجاب عثمان بزدار جنہوں نے دن رات ایک کر دی ہے اور جگہ جگہ خود جا رہے کام کو دیکھ رہے ان کا نام نہیں لیا اور جو سندھ کا وزیراعلی کمرے میں بیٹھ کر صرف اعلان کر رہا ہے اس کی تعریفیں کی جا رہی بد دیانتی کی انتہا ہے,1
ذرا آنیاں جانیاں تو چیک کریں,0
اس طرح کی ڈرامے بازی اب کام نہیں آئے گی جتنی مرضی کوشش کر کے دیکھ لو جو کالک مل گیا ھے اس نے کرپٹ جرنلز کے چہروں سے نقاب اتار دیا ھے شہدا کے سر پر عزت کمانے والے غدار جرنلز کو جب تک پھانسی نہیں لگتی قوم متنفر رھے گی تم لوگوں سے کورٹ مارشل کرو باجوے,1
مولانا طارق جمیل سے میڈیا کو جھوٹا کہنے کی پاداش میں سے معافی منگوانے والا میڈیا اب کتا اور بھونکنے والا کہلوا کر ٹوکریوں کے ساۓ تلے گہرے نشے میں سو رہا ہے,1
ججز اپنے پیٹی بھاٸی جج کی فیملی کے جرم کو چھپانے کیلیے سہولتکار بننے لگے پاکستانی عدلیہ میں بیٹھے ججز میں ججز کرپٹ ہیں جو اپنی فیملیز کے ناجائز اثاثے چھپانے کیلیے سرگرم ہیں عدلیہ کو غلاظت سے پاک کرنا ہے تو ججز کے احتساب کیلیے فوجی عدالتیں قاٸم کی جاٸیں,1
ایک طرف وہ حاکم تھے جن سے اثاثوں کا پوچھا تو قطری خط نکلا تو کبھی کیلبری فانٹ پھر وہ لیڈر تاریخ نےدیکھا جس نے برسوں پرانی جائیداد کی منی ٹریل دیکر خود کو صادق امین ثابت کیااور آج بطور وزیراعظم وہ مثالیں قائم کررہاجسکی معترف اقوام عالم ہیں,1
میرے ایک چچا نے بچپن سے ہی میرا نام پٹھانی رکھا ہوا تھا,0
کشمیر بیچ کے اب وطن پہ ڈرامہ بازیاں کررھے ھیں ب چ کتے سؤر خنزیر,0
بات یہ ہے باجوہ صاحب جس آعذاب کو آپ نے جنم دیا اور پرورش کی اب اس کو ختم بھی آپ ہی نے کرنا ہو گا شہباز شریف آپ کا نوکر نہیں ہے مہربانی کریں اور اپنا گند خود صاف کریں,0
میڈیا مینجمنٹ کے زریعے دوسروں کی جئی تئی پھیرتے پھیرتے اپنی جئی تئی پھروا لی,1
جی بھائی اس وقت ذلالت بنی ہوئی ہے ہر منٹس کے بعد لائٹ جا رہی ہے پتہ نہیں یہ بے غیرتی کب ختم ہو گی ہمارے ملک سے,1
یہاں سندھ کے ہسپتالوں میں ناڑا باندھ کر ڈرپ لٹکا دی جاتی ہے اٹھارہویں ترمیم کے بعد ہر صوبے کو پیسے ملتے ہیں صحت کے زمہ دار بھی صوبے ہیں علی زیدی سندھ حکومت کے پول کھولتے ہوئے,1
انسان کی اصل اوقات اور بیک گراؤنڈ اس وقت آشکار ہوتی ہے جب اسے کامیابی ملتی یے کیچ چھوڑنے پر حارث رؤف نے جونیئر کھلاڑی کے منہ پر تھپڑ مار دیا,1
پاک فوج ہمارا فخر ہے یہاں ماؤں کے لال شہید بھی ہیں اور غازی بھی یہاں ڈرپوک اور نیوٹرل کی کوئی جگہ نہیں,0
یہ چیٹنگ ہے ہے دونوں ڈڈو تقریبا ایک جیسے ہیں,1
رجیم چینج آپریشن کے مکروہ مہروں کیلیے عوام کا فیصلہ,1
پرسوں والے اجلاس میں باجوہ صاحب لیٹ تھے عمران صاحب نے ان کی غیر موجودگی میں اجلا شروع کروا دیا وہ آئے شمولیت فرمائی اجلاس ختم ہوتے ہی عمران صاحب منہ اٹھا کر چلے گئے بغیر سلام دعا کے صفحہ کی صورت حال,0
مریم اورنگزیب اور شاہزین بگٹی کا چور اور غدار کے نعروں سے پرتپاک استقبال بیشرمی کی حد ہے کہ شرمندہ ہونے کی بجائے مریم اورنگزیب مسکرا رہی یے,0
پشاور میں لالٹین کی آگ گل یو گئی بلور خاندان تحریک انصاف میں شامل,1
لیکن اگر نشہ نہ ہوتا تو آپکی پیدائش نہ ہوتی,1
یہ طاوائف رہ گئ ھے عمران کو بچانے کے لیے,1
یہ یے شرابی زلیل مولوی طاہر اشرفی شراب کے نشے میں دھت نیشنل ٹیلیویژن پر بیٹھا ہوا ہے آج کل یہ امپورٹڈ حکومت کا مزہبی سپوکسپرسن ہے,1
میرے ملک کا یہ حال کرنے والوں اللہ تمہارہ نسلیں تباہ کرے آئندہ ماہ پٹرول کی قلت ملک کے بینکوں نے آئل کمپنیز کی پیٹرول امپورٹ ایل سیز کھولنے سے انکار کردیا انڈسٹری ذرائع کے مطابق دو جہازوں سے پیٹرول آرہا ہے اس کے بعد پیٹرول امپورٹ نہیں ہوگا,0
انہیں پناہے دی ان کیلے لڑے اور نہ صرف پاک آرمی نے روس کو افغانستان سے نکالا بلکہ روس کو ٹکڑے بھی کیے اب جب امریکہ افغانستان میں آیا اور افغان کو اپنا غلام بنانا چاہتے ہیں دراصل امریکہ ایک تیر سے کئ شکار کرنا چاہتے تھے,1
زرا الیکشن کمیشن اور باجوے کی بیغیرتی ملاحظہ فرمائیں ووٹرز کو کنفیوز کرنے کیلیے دو پارٹیوں کو تحریک انصاف کے بلے سے ملتا جلتا انتخابی نشان دیا اور ایک عمران خان نامی امیدوار بھی میدان میں اتار دیا,1
خان صاحب کب تک جھوٹ بولو گے کیوں اپنے پیشے سے غداری کر رھے,0
سیاست کیوں ان غداروں کو چوک چورائی پی لٹکایا جائیگا جس جس نی پاکستان کو نقصان دیا ہی چاہیے باجوہ ندیم انجم ہو یا زرداری یا مریم ہو یا نواز شریف ہو سب کو چورائی پی لٹکایا جائیگا,0
ایسے ساس اور والدہ کو لاکھوں کروڑوں سرخ سلام,0
آ دیکھیں ذرا کس میں کتنا ھے دم اس جنون کو شکست دینے نکلے ھو چلو دیکھ لیتے ھیں کسے شکست ھوتی ھے,0
جھوٹ اور بکواس کو جھوٹ اور بکواس کہنا آپ کے نزدیک بغض ہے اپنا ذہنی علاج کروائیے,0
شوباز شریف نے درجنوں کمپنیاں اپنے ملازمین کے نام پر بنائی ہیںشہباز شریف کے جن ملازمین کے نام پرکمپنیاں بنائی گئیں ان کی تنخواہیں ہزار سے ہزار تک ہیں,1
اسلام آباد ہائیکورٹ نے ضمانت دی ہوئی ہے اسکے باوجود مجھے گرفتار کیا جا رہا یے مجھے چاہے مار دیں یا جیل میں ڈال دیں میری آواز بند نہیں ہو گی برگیڈیر راشد نے میرے پر پرچے کٹوائے اسلحہ لے لیا اب گرفتاری کا شوق بھی پورا کر لے عمران ریاض خان,1
یہ پیچھے ابصار عالم ہی ہے نا فٹے منہ تیری صحافت کے,1
نواز شریف نے قوم کو ایک بدکردرا بدزبان مکار گھٹیا دوٹکے کی عورت جاہل دی کاکام بس دن رات عمران خان اور ایماندار لوگوں پر بھونکنا ہے اسکے علاوہ کرپٹ باپ کی کرپٹ بیٹی کی کوئی قابلیت نہیں,1
چل جھوٹے لعنتی بکواس کر رہے ہو یہ کراچی ہے اور یہ رینجر اہلکار ہے,1
شیخ صاحب حج سے واپس آئے سیدھا محلے کی دوکان گئے اور بولے میرا کھاتہ نکالو دوکاندار نے کھاتہ کھولا تو شیخ صاحب اپنے نام پہ انگلی رکھ کے بولے بس ایتھے میرے ناں دے نال حاجی لخ دے وفاقی کابینہ نے آزاد کشمیر کو پاکستان کے نقشے میں شامل کرنے کی منظوری دے دی,0
گھڑی چور فتنے کو کھلی چھٹی کیوں ملی ہوئی ہے حکومت بے بس کیوں ہے عدالت اسے ہے وقت تحفظ کیوں فراہم کر رہی ہے,1
سال سے ہمیں قومی ترانہ کے پیچھے لگایا ہوا ہے خودقومی خزا نے کے پیچھے لگے ہو ے ہیں,0
گھسیٹا کچھ اس ادا سے کہ دیکھتے ہی رہ گئے اک شخص سارے پٹواریوں کو کھوتا بنا گیا,1
خود کشی کر لوں گا بھیک نہیں مانگوں گا والے بھنگی اور بھکاری نے جن شرائط پہ بھیک لی ذرا سنیے نہ پاکستان کا قانون لاگو ہو گا نہ ساورن امیونیٹی ہو گی,0
جو اصلی چور ہیں انکا فیصلہ کب کریگا یہ کرپٹ الیکشن کمشنر,0
قاضی نےروز حشرسےڈرنا توہےنہیں کیونکہ کبھی جناب نےمرنا توہےنہیں تالہ عدالتوں کو لگا دیجیے حضور اب عدل کو یہاں سےگزرناتوہےنہیں جس میں قدم قدم پہ ہو سوداضمیرکا اس دیس کانصیب سنورناتوہےنہیں وردی اتاردیجیےاپنوں سےجنگ میں اب دشمنوں سےآپ نےلڑنا توہےنہیں,1
پی ڈی ایم الیکشن سے اس طرح ڈر رہی ہے جیسے نالائق بچے سکول جانے سے,0
اس کے باپ کی ہائی کورٹ میں پیٹیشن پڑھ لیں,0
عمران خان کا نواز شریف کو فون عطا اللہ کے گانے کے بول بھاویں وسیں توں ولایتاساں کرنی نہیں رعائیت سنا کر فون بند کردیا,1
پیش خدمت ہے مندر گردواروں کے بعد اب پاکستانی ڈراموں میں بھگوان کی آمد پیمرا کہاں ہے مدینہ کا نام لینے والی اس حکومت کا اصل مذھب کیا ہے,1
بیٹا تو یہ سوچ کہ تیری گنجی ٹنڈ پر چھتر کتنے وجنے ہیں عمران خان کو چھوڑ شاباش,1
علی محمد صاحب کی سوچ عمران خان کی سوچ بن جاۓ اللہ کرے عمران خان جس طرح کی سوچ رکھتے ہیں وہ آمریت والی سوچ ہے دھمکیاں دینا گالیاں دینا ہر کو کورٹ میں لے جانا غلط ہے الیکشن کمیشن کے ناموں کا اعلان پارلیمنٹ سے ہونا چاہے,0
نگراں وزیر اعلی خیبرپختونخوا کے لئے اعظم خان کے نام پر اتفاق,0
باپ سنیٹر بیوی ایمایناے بیٹیایم ایناے بھائی عدد تینوں میں بیرون ملک اعلی عہدوں پر ہرنیا کا معمولی اپریشن لندن سے لاکھوں کا خرچہ قومی خزانے سے پہلے کچھ نہیں تھا اب اربوں کے مالک یہ وہ ھیں جو پاکستانی خزانے سے لاکھوں وصول کرتے ھیںپھر پاکستان کے خلاف بولتے ھیں,1
نے چیف کو اپروچ کیا تھا عمران خان کو جھوٹا ڈکلئیر کر دیا,0
انہوں نے جو کیا وہ قابل مذمت اور قابل مذمت تھا میرے خیال میں انہیں سزا دینے اور ان کی اصلاح کی ضرورت ہے لیکن انہیں نابالغوں کے نظربندی کے موجودہ نظام میں ڈالنا خوفناک ہوگا,0
یوں لگتا ہے عمران خان پی ڈی ایم کے اعصاب پر سوار ہوچکا ہے وہ جو ایک استعفی منظور نہیں کررہے تھے انہوں نے ایک ساتھ منظور کر لئیے نفسیات میں ایسی کیفیت کو فوبیا کہتے ہیں اور اس عمران فوبیا کی علامتیں دکھائ دے رہیں ہیں,0
لانگ مارچ گواچ جانے کا خطرہ آٹھ دن سے بارہ کر دیا خدا کے لیے مجھے کوئی روکو میرا کو ماپی دے دو میں اسلام آباد نہیں جاؤں گی اللہ کے واسطے صرف ایک دفعہ مزاکرات کے لیے بلا تو لو بیشک میری کوئی بات نہ ماننا,0
مملکت پاکستان کی یکجہتی کے لئے یہ رویہ زہر قاتل ہے,0
اپنے بچوں کو بیوروکریسی پولیس آرمی وغیرہ میں بھیجنے کی بجائے پراپرٹی ڈیلر بنائیں کیونکہ وہاں جا کے بھی تو انہوں نے یہی کچھ کرنا ھے اور بدنامی علیحدہ کمانی ھے میں دیوانی مٹھو پاک دی,0
بیشرمو دھرتی کے بیٹے چوکیدار نہیں دھرتی ماں کے محافظ ہوتے ہیں,1
جائے گا تو تیرا باپ بھی آج نہیں تو کل,1
الحمداللہ اللہ کا لاکھ لاکھ شکر ہے ہمیں ہر حال میں اللہ تعالی کی شکر ادا کرنا چاہیے,0
یہ کتنی بدتمیز عورت یے اپنے باپ پر تنقید کر رہی یے,1
ظالموں تم تو فرعونیت کو بھی پیچھے چھوڑ گئے,0
اسلام آباد ہائی کورٹ نے سربراہ عوامی مسلم لیگ شیخ رشید کے خلاف کراچی اور حب میں درج مقدمات پر کارروائی سے روک دیا,0
بیلجیئم کا وفادار ہے باجوا روک سکو تو روک لو دو,0
زوال پزیر ہونے کی بنیادی وجہہ ہے کہ ملک کو آئین کے مطابق نہیں چلایا لوگوں کے پاس اختیار ہو تو وہ تو نظام نہیں چلا اگر فوج اور عدلیہ کچھ رول چاہتی ہے تو عوام کے سامنے بات کر لیں شاہد خاقان عباسی,0
کلیجہ خور عورت کو اب جنرل باجوہ برا کیوں نہیں لگتا,0
اللہ نے انسان کے ہاتھ میں صرف نیت اور کوشش دی ہے کامیابی وہ خود دیتا ہے,0
امریکی دفتر خارجہ کا نمائندہ سچا پرہیز گار اور نمازی یے اور ہمارا وزیراعظم چیف آف آرمی سٹاف چیف آف نیول سٹاف چیف اور آئر سٹاف چیرمین جوائنٹ چیف آف سٹاف کمیٹی جھوٹے ہیں اپوزیشن اعلامیہ,1
عجیب لوگ ہیں جو دن رات کرپشن کرپشن کرتے ہیں اور اب ملین پاؤنڈ کی رقم کی واپسی پہ سب خاموش ہیں مطلب ملک ریاض خاں سے بھی زیادہ پاور فل ہیں تو اسکا مطلب یہی ہے کہ بات کہیں اور جا رہی ہے ورنہ میڈیا تو اب تک آسمان پہ پہنچا دیتا بات,0
پی ٹی آئی سوشل میڈیا ٹیم زندہ آباد,0
اللہ کرے ایک بھی انسان ضائع نہ ہو اور پاکستان کی نظام مکمل تبدیل ہوجائے مگر کے بغیر نظام کا بدلنا ممکن نہیں,0
اسٹیبلشمنٹ کو بھی چاہئے کہ اس ملک کی عوام کے لئے کچھ سوچے اپنی شطرنج کی بساط کو عوام کے حق میں بچھائیں نہ کہ ان جمہوری بدمعاشوں کو بچانے کے لئے بہت نقصان ہوچکا اس ملک کا اور اب بھی اگر چیزوں کو ٹھیک اور سمت کا درست تعین نہ کیا تو معاملات بہت بگڑیں گے اور سنبھالے نہیں جانے,1
ابھی خوش نہ ہو کچھ گربر ہے,0
غریدہ فاروقی شہباز شریف کی وہ بھینس جس کی ملکیت ابھی تک قوم کے سامنے نہیں رکھی گئی,1
یہ کیا بکواس ہے اس سے بہتر ہے انکو گھر بھیج دیں ان کنجروں کی تو موجیں لگی ہوئی ہیں نیب کیا ڈرامہ کر رہا ہے,1
اللہ پاک پوری قوم کو حق اور سچ کا ساتھ دینے کی توفیق آور حمت عطا فرمائے آمین,0
باجوہ اور مولانا کی ملاقات کی مزید تفصیل یہاں سنیے لیکن یہ بھی مکمل تفصیل نہیں ہے چند چٹکلے مزید باہر آئیں گے,0
راناثناء متعد بار تحریک انصاف کی خواتین ورکرز کے بارے مغلظات بک چکا ہے,1
حکومت کو مزید ماہ دیے تو مزید تباہ کن ہوں گے الیکشن جتنی جلدی ہوں گے اتنا ہی بہتر ہے حکومت اپریل میں الیکشن کرانے پر مجبور ہوجائے گی عمران خان,0
میرے ہنستے بستے ملک کو تباہ کرنے والا مردہ ضمیر اور ماں فروش یہ شخص ہے لعنت تمارے والدین پر جنہوں نے تجھے پیدا کیا زلیل لعنتی امریکن بوٹ پالش کرنے والے جوکر,1
مریم اورنگزیب المعروف انڈوں والی سرکار بھی وزیر اعظم عمران خان کو کہتی ہے کہ آپ کے پاس دن ہے استعفی دے دیں جس میں سے دن گزر چکے اور دن رہ گئے ہیں اس کے بعد اسلام آباد پر کے ساتھ حملہ کرنا ہے,1
سنا ہے اس لفظ سے ان کا دل خون کے آنسو روتا ہے,0
خان کے ٹائیگروں نے قاسم شاہ کو بتا دیا ہے کہ بے شک فیصلے قیامت کہ روز ہوں گے لیکن ہم چولوں کی چھترول اسی دنیا میں کرتے ہیں,0
باجوہ کا چھوٹا بھائی چیف جسٹس سپریم کورٹ,0
نہیں ذرا بیمار رہی اس ہفتے سے دوبارہ شروع,0
سب سے بڑے ڑرامے باز اور منافق یہ لبرل مافیا ہے پاکستان کا عورت مارچ کروا لو کوی اپنی بہن بیوی سے یہ نہ پوچھے کہاں گئی تھی رات کو دیر سے کیوں ای اس پر عورت حقوق یاد اتے ہیں بس کوی عورت اپنے کا خود بھی بتا دے تو چپ بیٹھے گی یا پاکستان ارمی پر الزام دھر دیں گی,1
قوم تمہاری حکومت سے بھی نفرت کرتی ہے اور تمہیں مسلط کرنیوالی گھٹیا فوج اور غلیظ عدلیہ سے بھی نفرت کرتی ہے تم لوگوں نے ہم سے ہمارا ہیرے جیسا لیڈر چھینا ہے ہم کسی بھی کردار کو کبھی معاف نہیں کریں گے,1
باجوہ اور اس کے کرپٹ ٹولے نے ختم کر کے کرپشن لیگل کر دی ہے اور اب پاکستانیوں رج کے لٹوں,1
تیرا جو کام ہے وہ کیوں نہیں کرتی چمچی,1
آپکو معافی مانگنی چاہیے پاکستان سے جس کے تقدس کو اگست کے دن آپنے پامال کیا آپکو معافی مانگنی چاہیے پوری قوم کو جس کو انڈین اور فرانسیسی اخبارات نے جنسی جنونی لکھا اور آپکو معافی مانگنی چاہیے ان کروڑوں پاکستانیوں سے جن کی بیٹیاں ہیں اور آپ نے انکو نام لے کر بیعزت کیا,1
یہ ہے شیر کا بچہ سن کان کھول کے جناب آصف غفور کیا کہہ رہے ہیں یہ وردی والے شیر ہے جن کی وجہ سے عوام فوج کی عزت کرتی تھی جس کو تم بیغیرتوں نے کے ساتھ ملک کے بیچ دیا,1
باجوہ صاحب کو اپنے حق میں ٹرینڈ چلوانے پرگے مطلب معلوم ہے کہ وہ کتنے ذلیل ہورہے ہیں,1
جنید کچھ پوچھ رہے ہیں اس میں میرا سوال بھی ایڈ کر لیجیے ان پر انکم ٹیکس کیوں نہیں لگایا جا رہا,0
کرونا وباء کے موقع پر انکو چھٹی دی ہوئی ہے وگرنہ ان وزراء مشیران و سپوکس پرسنز حضرات آفیشل ٹیمز اور پارٹی عہدیداران کی چھترول پہلے جبکہ مخالفین کی بعد میں کرنی چاہئے یہ اسی قابل ہیں,1
صرف تمہارا نہیں پوری چور لیگ کا سیاسی کیریئر خاتمے کی طرف گامزن ہے انشاء اللہ,0
حکومت کو اس کنجر کے بچے کا کریا کرم بہت پہلے کر دینا چاہیے تھا,1
مبشر لقمان کلو آٹے کے تھیلے کا حق ادا کرتے ہوئے,0
عمران خان غدار مودی بھارت حسین حقانی بادامی غداریمودی انڈیا کو خوش کرنے کے لیے اس کو بہت عام سا نہیں کر دیا آپا جی اینٹی انڈین چورن سب سے زیادہ بکتا ہے بادامی آجکل گورنمنٹ عوام گینگز آف وسیپور بیٹا تم سے نہ ہو پائے گا ہمیں تمہارے لچھن بالکل ٹھیک نہیں لگ رہے,0
اگر لعنت کی کوئی شکل ہوتی,1
آپ کی پچھلی اپیل پہ جو سمندرپار پاکستانیوں نے تمانچہ مارا تھا بھول گیا ہے ڈیم فنڈ میں صرف پاکستان میں قید لوگوں کی تنخواہیں جمع ہوئیں جو آپ کھا گئے,0
باجوہ کمپنی امریکہ کے پالتو درندے جواب کون دے گا تیرے وہ بیٹے جو چھوٹی سی عمر میں لاکھوں ڈالرز کے مالک بن گۓ تیرے ابو جی جواب دیں گے جنہوں نے تجھ جیسے حرامی کو پالا اس لۓ کہ تو ہم پر حکمرانی کرے یاں توں خود جواب دے گا,1
آج کے دن لندن اور نیو یارک میں پاکستانی کمیونٹی ناچ ناچ کر جشن آزادی مناتی ہے,0
سال ریاست کا مائی باپ رہنے والا اوندھے منہ گرا ہے آپنے کہا کہ میں گمنامی میں چلا جاؤں گا کاش کہ آپ گمنامی میں ہی چلے جاتے مگر آپ تو بدنامی کے زندان میں جا چکے ہیں آپ نے ملک انا کی بھینٹ چڑھا دیا,0
پٹواریو زیادہ پریشان نہ ہوں اپنے قائد کے متعلق آپکے شہبازشریف کا کورونا ٹیسٹ اسی لیبارٹری سے پازٹیو آیا ہے جس نے نوازشریف کے پلیٹ لیٹس سترہ ہزار سے بھی کم دکھائے تھے,1
پاکستان تحریک انصاف کا ایک صحت کارڈ امپورٹڈ حکومت کے سالہ سیاست و حکومت پر بھاری,0
یے سب سن کر بہ حیثیت قوم ہم سب کا سر شرم سے جھک جانا چاہیے قائد اعظم نے پاکستان اس کی بناتا تھا کہ اس میں رھنے والوں کے نازک اعضاء میں اینٹیں باندھی جائیں گی اور برہنہ وڈیوز بنائی جائیں گی کیا آج رات کو کورٹس کھلیں گی,0
شریفوں سے بڑا غدار دنیا میں پیدا ہی نہیں ہوا,0
مابدولت سوچ سوچ کر پریشان خوگئے خیں کہ آخر عظمی خان کے پاس ایسا کیا خے جو تمخارے پاس نخیں کیا تم مکمل عورت نخیں خو,1
گندی نسل کا کتا آوارہ نسل کے کتے مسلط کر کے گیا ملک پاکستان پر,1
تواڈی اک واری فیر ضرورت جے,0
سال سے الیکشن کمشن کو گھما رہے ہو فیصلہ کیوں نہیں ہونے دے رہے کبھی ہائی کورٹ کبھی سپریم کورٹ چور نہیں ہو تو منی ٹریل دو فارن فنڈنگ کا ریکارڈ دو,0
گالیاں کھانے کیلئے ٹویٹ کرتا ہے ساری دنیا دیاں گالاں گھڑے وچ گھڑا تیرے وچ تے توں نواز شریف وچ چل جا ٹکور کر,1
ریاست بھی کتنی سمجھدار ہے ملک ریاض جیسے بچوں کی ماں بن جاتی ہے باقی تو کسی کو زہر دے دیتی ہے مار دیتی ہے یا غائب کر دیتی ہے واہ ماں واہ نہیںادارےبچاؤ,1
ہو سکتا ہے مندے کھیل کو بھی نہ پتہ ہو کے یہ نوٹ اسی نے لکھا,0
جانتے ہیں پسینے سے شرابور یہ شخص کون ہیں یہ ہیں کمانڈنٹ آپریشن سندھ جو آج ریسکیو آپریشن میں روزے کی حالت میں سب سے آگے تھے تم کرنل جرنل کا طعنہ دیتے ہو اس پر کیا بولو گے تمہاری زبانوں کو لقوا مار گیا کیا پچھلے تین دنوں سے فوج کو کوسنے والو,1
اب ان کو باڈیاں بھی چاہئیے ہیں آپ تو بڑھتے ہی جا رہے ہیں صاحب,0
مشرف کو تو گھسیٹ کر نہیں لا سکا لیکن اس نمرود کی باقیات کو کورونا گھسیٹ کے لے گیا اوپر میرے پاس انصاف کے ریپ کرنے والے ان جیسے درندوں کے لیے کوئی دعائیہ الفاظ نہیں ہیں,1
قصہ ختم پیسہ ہضم دور سے دھمکیاں لگا کر وہ بھی اپنے خلاف دڑکی لگا گیا,0
ہمارے نزدیک بغیر کسی لالچ کے ڈی چوک میں جمع ہونے والے معزور افراد جوانوںبچوں اور بوڑھوں کے جوتے کے برابر بھی عزت نہیں شاہد عباسیمریم اورنگزیب مصدق ملک یا اس الو کے پٹے روہیل اصغر کی ابھی ان پر رحم کیا تھا اگلی دفعہ ان کے منہ پر تھوک کر انکو اپنی اوقات یاد کروائی جائے گی,1
کسی کی اتنی ہمت نہیں ہے کہ وہ خان صاحب پر ریڈلاٸن لگاۓ,0
عمران خان کا کتا اپوزیشن کا کتا,1
بات یہ نہیں کہ جنرل باجوہ وہ کہہ رہے ہیں جو میاں صاحب پانچ سال پہلے کہہ چکے ہیں افسوسناک یہ ہے کہ جنرل باجوہ نے جو کہا ہے وہ کہنے کی انکو نہ آئین اجازت دیتا ہے اور نہ انکی عہدہ انکا ایک ایک لفظ ان کے آئین میں درج کردار کی خلاف ورزی ہے,0
چوہدری نثار نے جو بات کہ نواز شریف مولانا فضل الرحمان باقی علماء کرام کے ساتھ ملکر کہتے کہ عورت حکمران نہیں بن سکتی مولانا فضل الرحمان کے فتوے موجود ہیں تو پھر یہی مریم نواز پر لاگو کیوں نہیں ہوتا ہے,0
آج مرشد نے براہ راست جی ایچ کیو والوں کی چھترول کی,0
بےغیرت لفافہ برگیڈ مہنگائی کے طوفان پر کیوں خاموش ہے عمران خان نے سب کو ننگا کر دیا دو,1
پہلے دن ڈلر سستا ہوا تو شیر آ گیا ہے اب ماہ بعد جب جوتے پڑے تو پچلی حکومت زمہ دار,0
باجوہ سور غدار ہے اس کے دونوں بیٹے سور حرام کے پیسوں پر پلتے ہیں باجوہ امریکہ اور اسرائیل کا پاتو کتا ہے تاہاےہاے,1
میں نے سندھ میں کیا کیا دیکھا میں نے سندھ میں کربلا کا میدان دیکھا آپ سب کا ساتھ ہو انشااللہ اس زرداری پارٹی کے پالتون سے سندھ کی جان جھڑواکر رہیں گے اور انکا مکرو چہرہ ایسے ہی دکھاتی رہوں گی,1
مزاق اچھا کر لیتے ہو نشی چرسی,1
یہ بیغیرت بیشرم آئین شکنوں کے منہ پر خون لگا ہوا ہے,1
ساڑھے تین سال کے مختصر عرصے میں اپنی عوام سے کيے گئے تمام وعدوں کی تکمیل کرنے اور پاکستان کو اندھیروں سے نکال کر ترقی کی راہ پر گامزن کرنے والا شخص عمران خان,0
مفتی طارق مسعود نے اس درندہ صفت قبیح انسان کو سر عام سنگسار کرنے کی حمایت کر دی ساتھ ہی اس فضلانڈو کی کلاس بھی لی جو اس گٹر کے کیڑے کی حمایت میں بولا,1
عمران خان پر ظلم ڈھانے والے ہر ظالم کا انجام عبرت ناک ہوگا عمران خان جو باتیں کر رہا ہے یہ بہت تکلیف دہ ہیں انہیں برداشت کرنا بہت تکلیف دہ ہے انہیں سننا کرب میں مبتلاکردیتا,0
پرسنٹ جی ڈی پی سے ترقی کرتا ہوا ملک کہڑے پین یک کی تشریف میں کیڑا تھا کہ ملک کو اس نیج پہ لاے اسٹبلشمنٹ لخ دی لعنت کنجرو تم بغیرتوں پہ تم لوگ غدار ہو ملک پرست نہیں ڈالروں کے لیے اپنی ماوں بہنوں کو بیچنے والے بغیرتو,1
پی ڈی ایم حکومت کو تین ہفتوں میں پیکنگ میں بھیج دی جائے گی فواد چوہدری,0
آپ بتائیں نا نانا جان پھر کیا ہوا نوازشریف نے غور سے گلاس کو دیکھا اور ایک ٹھنڈی آہ بھر کر کہا پھر عمران خان آ گیا,1
خدا کی قسم میری بہن عالیہ حمزہ ملک کا ایک ایک لفظ اپوزیشن کے پچھواڑوں پر تازیانے بن کے لاسیں ڈال رہا یے,1
صحیح کہتی تھی مریم نواز کے اسکی لندن تو کیا پاکستان میں بھی کوئی پراپرٹی نہیں انکی تو جاتی امرا کی زمین بھی شریف فیملی نہیں بلکہ قبضہ کی نکلی,1
صوابی میں تمام ٹکٹ اسد قیصراور شہرام تر کئی کی سفارش پر دیئے گئے ناقص کارکردگی پرگورنر اسد قیصرسمیت صوبائی وزرا شکست کے ذمہ دارقرار خیبرپختونخو ابلدیاتی الیکشن ارکان اسمبلی بھی شکست کے ذمہ دار قرار,1
آج کا سوال پاکستان میں جہالت ن لیگ کی وجہ سے پھیلی ہے یا ن لیگ جہالت کی وجہ سے پھیلی ہے بہترین جواب دینے والوں کو فالو بیک کیا جائے گا,1
دوسروں کیلئے الگ اور عمران نیازی کیلیے الگ قانون کیوں اب تک جتنے بھی کیسز عمران نیازی کیخلاف بنےان تمام کیسز میں جج ان کو سھولتیں فراہم کرتے ارہے ہئں اخر کیوں کیا وہ قانون سے بالاتر ہیےہمیں ایسے عدالتیں نہین چاہیے جو تحریک انصاف کےپارٹی دفتر کا کام کرتے ہو,1
خان چاہتا تو زرداریوں شریفوں اور فضلانڈوں کی طرح اربوں کی کرپشن کر سکتا تھا سات براعظموں میں جائیدادیں بنا سکتا تھا لیکن خان نے کرپٹ مافیا کیخلاف جہاد اور عوامی فلاح کو نصب العین بنایا پاکستان کا مفاد عظیم رکھا یہی وجہ ہے کہ آج انٹرنیشنل اسٹیبلشمنٹ اور کرپٹ مافیا,1
باجوہ صاحب یہی ہے وہ دہشت گرد جو آپکی عدالتوں کو مطلوب تھا آج یہ وطن واپس آ رہا ہے اسے ائیر پورٹ پر ہی گرفتار کر لینا,0
تحریک انصاف کہ کئ وزیر ہم سے رابطے میں ہیں نبیل گبول یہ بات کلمہ پڑھ کر بول دیں فیصل واوڈا جی وہ دیکھیں آئیں بائیں شائیں نبیل گبول,1
دھوکا دینے والے کو دوبارہ موقع نہیں دیتا,0
ھمارے بچپن میں کھانے کی چیز میں سے اس طرح کی پلاسٹک کی پیپنی نکلا کرتی تھی پھر ھم اسے خوب بجاتے تھے,0
کنول شوزب اکانومی کا سبق عائشہ پاشا سسی پلیجو اور اسد خان کو پڑھاتے ہوئے یا اللہ کس قدر گنوار اور جاہل لوگ سال پاکستان پر مسلط رہے,1
سنا ہے ملک ریاض کے خلاف اس لیے کوئی حکومتی بندہ آواز نہیں اٹھا رہا اس نے آپنی الماری میں سب حکومتی بندوں کی شلواریں سجا کر لٹکا رکھی ہیں کہ جب بھی کوہی آواز اٹھا ہے گا اس کی شلوار اتار دی جائے گی,1
وہ جگرا صرف مشرف کے پاس تھا کلومیٹر بھارت کے اندر گھس گیا رات گزاری اور کوشش کرتا رہا بھارت کو کارگل میں شکست دے کر کشمیر آزاد کروا لیں غداروں نے اس وقت بھی ساتھ نا دیا مشرف کا,1
دو جنرل قمر جاوید باجوہ نے وزیراعظم عمران خان کی حکومت گرائی اور انسانی حقوق کی خلاف ورزیاں کیں البرٹا سے کینیڈا کے رکن پارلیمنٹ ٹام کیمیک پھٹ پڑے,1
پی ٹی آئی حکومت نے صرف ایک سال میں دس ارب کروڑ ڈالر کا بین الاقوامی قرض لیا ہے پاکستانی روپوں میں یہ رقم تقریبا پندرہ کھرب روپے سے زائد بنتی ہے,0
ان برجوں کے گرنے کا وقت ہے حرکت میں برکت ہے شروع جی ایچ کیو سے ہونا چاہیے عوام کس کی کال کا انتظار کر رہئ ہے ان بدمعاشوں نے خود سے نہیں جانا یدو,1
جناب باجوہ بک چکا ہے اور اس بےضمیر آدمی سے کچھ ملنے والا نہیں ہے اب ہمیں خود آگے بڑھ کر اپنی عزت اور آزادی کو چھیننا ہوگا اللہ ان کی مدد کرتا ہے جو اپنی مدد خود کرتے ہیں,1
بکواس بیغرت بن گئے تھے اور اب گٹھیا ترین بھی بیغرت لوگوں,1
مفرور مجرم کی بہانے بازیاں اور جعلی میڈیکل سرٹیفکیٹ اب نہیں چلیں گے پاکستان نے برطانوی ہوم ڈپارٹمنٹ کو مراسلے میں نواز شریف کی وطن واپسی کا مطالبہ کر دیا,1
ترکی نے کیوں ترقی کی اسلیئے کے وہاں پر کچھ صحافیوں کو جیل میں بند کیا,1
سالے مدر چود کتے حرام زادے فضلے تجھ سے اجازت لے کون رہا ہے سور,1
چیف صاحب ہر چور کو اثاثہ کیوں سمجھتے ہیں,0
ظلم آخر ظلم ہے بھڑتا ہے تو مٹ جاتا ہے,0
سابق وفاقی وزیر کا مزید کہنا تھا کہ چیئرمین پی ٹی آئی عمران خان نشستوں سے پارٹی کے انتخابی امیدوار ہوں گے,0
ہیلتھ کارڈ بند کروانے والے اب شوکت خانم کے پیچھے پڑ گئے,0
اس سوال پر کہ کیا وہ الزام لگانے والے جج کے خلاف عدالت جائیں گے ان کا کہنا تھا کہ ان کا ایسا کوئی ارادہ نہیں ہے اس طرح کی باتوں کی کوئی شیلف لائف نہیں ہوتی ناسور صاحب کو پتہ ہونا چاہئیے کہ جنہوں نے بس کے نیچے انہیں دیا ہے ان کے پاس ثبوت موجود ہو گا,0
نوازشریفزرداری نے پاکستان کی اخلاقیاتسیاسیات اور معاشیات کا جنازہ نکال دیاجو کھیل خواتین نے فیصل آباد میں کھیلاوہ وہی کھیل ہے جو نوازشریفشہباز شریف اور زرداری کھیل رہے ہیں عالیہ حمزہ ملک سے آک ایک نیا پٹواری چھترول کروانے حاضر ہوا یہ بھی دوبارہ نہیں آئے گا,1
موٹیویشنل کے استقبال ڈڈو منو دونوں تیار,0
اور اصل چور کھوٹی دا بچہ میاں سانپ,1
بیچارے یوتھیوں نے پتا نہیں کیا کیا بیچ کر بڑے اہتمام اور جذبے کے ساتھ ڈیم فنڈ میں پیسے جمع کروائے تھے اور وہ خاندان,0
اس کھوتے کے پتر کی بات سنیں کچھ سمجھ آئے تو مطلع فرمائیں یہ راجہ ریاض ہے اس کی سیاست فیصل آباد میں دس سال سے ختم ہو چکی تھی پھر عمران خان نے اسے پارلیمنٹ میں پہنچایا اور اب یہ بچھو عمران خان کو ہی ڈسنے کے درپے ہے,1
جن ہرامزادوں نے حق میں کیے اور ٹاپ ٹرینڈ بنایا جس کی ہم نے مزمت کی ان کی بات ہی نہیں کرنی لول,1
نواز شریف کا بیانیہ مقبول وزیر آباد میں ضمنی الیکشن کے سلسلے میں راناثناء اللہ کے جلسے میں مسلم لیگ وزیر آباد کے صدر نے نون لیگ سے علیحدگی کا اعلان کر دیا,1
تیری اتنی اوقات نہیں کہ تو کچھ کر پائے لوگوں کے بستر گرم کرنے والی مشین,1
وہ جو اےتیرا باپمستند چور اور لٹیرا جو اےتم لوگوں کو اس نے قرآن خوانی کیلیے جو اے رکھا ھوا تھا اے محترم اقامہ ذدہتم آج بھی اس بھگوڑے کی جسے عدالت نے چور ثابت کیا وکالت کر رھے ھو تو اس کا کیا مطلب ھے دلاھارے کے کوٹھے کے چور اچکے,1
صحافتی طوائفوں میں جبیب اکرم کا نام سنہرے حروف میں لکھا جائے گا دنیا کو بھگو بھگو کے جوتے مار رئی ہے اور ہے فضلو کی تعریفیں کر رہا یے,1
کمپنی ان ایکشن یہ قوم کا خون بہا کے اپنے مقاصد پورے کروائیں گے یہ جو دہشتگردی ہے اسکے پیچھے وردی ہے بہترین لائن مریم نواز عرف کی,1
بھائی لوگوں نے عمران خان کو بیرونی مداخلت سے بچانا تھا وہ مائی باپ کو بچانے میں لگے ہیں,1
میرے بھائی آج شہباز شریف اور حمزہ شہباز پر عام پاکستانیوں کا ارب وار دیا گیا وہاں آپکی زبان ہی نہیں کھلنی اگر کچھ کر نہیں سکتے تو خاموش رہا کریں بٹ کڑاہی انجوائے کریں شاباش,1
اب جبکہ عمران خان نے باجوہ کو یرغمال بنا کہ بل پاس کروا لیے ہیں اب اس کو مشورہ ہے کہ باجوہ کو فارغ کر دے یہ عین اس کے اپنے محسنوں کے ساتھ سلوق کی روایت میں ہوگا,1
مرد لندن بھاگ جائے اورعورت سٹیج پر کھڑی ہوکر کہےتو اس گھر میں ٹیپو سلطان نہیں پٹواری پیداہوتے ہیں,1
سب چور ڈاکو ایک طرف دوسری طرف کپتان اور اس کی عوام,0
پاکستانیوں سن کے زرا ماہ میں شہباز شریف ایک بار بھی بیمار نہیں ہوا اور جس دن حکومت اس کے ہاتھ سے گئ اس کی پریگنینسی سمیت تمام بیماریاں واپس آ جائیں گی,1
کچھ سال پہلے راحیل شریف کی ریٹائرمنٹ کے وقت پورا پاکستان یک زبان ہو کر کہہ رہا تھا کہ یہ جانے کی باتیں جانے دو اور آج ہر طرف اور کی صدائیں آ رہی ہیں آرمی کی سیکنڈ لیول قیادت کو اس کا ادراک نہیں یا وہ کبوتر کی طرح آنکھیں بند کرنے میں عافیت جان رہے ہیں,1
اس گھٹیا عورت نے شوکت خانم کینسر ہسپتال کے خلاف کیمپین چلوائی اسکی اپنی ماں کینسر سے مری اب یہ ایک وبائی مرض بارے بکواس کر رہی ہے جبکہ اسکا اپنا شوہر کرونا میں مبتلا ہوا پڑا ہے,1
واہ اتنی غیرت خدا نا کرے اگر انکو پتہ چل جائے کہ انکی روٹی بھی پاکستان سے آتی ہے پھر یہ کیا کریں گے,1
رنگون میں بہت سے ایسے وظیفہ خور تھے جو خود کو بہادرشاہ ظفر کی نسل میں سےبتاتےتھے,1
جب تک ان لفافوں کو ان کی اوقاف اور اصلیت نہیں دکھائی جاتی انہوں نے باز نہیں آنا سنیے کیسے اسد عمر نے عنبر شمسی کا جھوٹ بینقاب کیا,1
انکا کا کیا دامن جاڑ کے نکل جائیں گے ملک سے باقی فوجیوں کو سوچنا ہے کہ یہ قبول ہے ایک انسان کی بالادستی اور نکل جا سارا گند پھیلا دیا,1
بغض عمران میں پاگل کتے کی کیا حالت ہو گئی ہے بیٹا خان الیکشن لڑے کا بھی اور اکثریت بھی لے گا تو بھونکی جا بس,1
آپ وزیر اعظم کے معاون خصوصی تھے اور انہیں ان کے نازک وقت میں چھوڑ دیا آپ اپنے بارے میں کیا کہیں گے اسلی اور نسلی عمران خان کو کبھی نہیں چھوڑیں گے,1
گذشتہ ماہ جاری کیے گئے اثاثہ جات کی فہرست میں عاصم باجوہ نے اپنی اہلیہ کے نام پر خاندانی کاروبار میں صرف لاکھ روپے کی سرمایہ کاری ظاہر کی اور اس حلف نامے کے آخر میں تصدیق کی کہ میری اور میری بیوی کی اثاثہ جات کی فہرست نہ صرف مکمل اور درست ہے بلکہ,0
ذرا پیلی لائن پہ غور کریں چور مل جائیں گے,0
یہ گانڈو خود کو سندھی بولتا ھے مگر فخر بلوچ ھونے پر کرتا ھے اور خود کا بلوچست,1
اڑاتا پھرتا ہے کیا دبئی میں کوئی کسر رہ گئی تھی جو یہاں بھی آ کر شروع ہو گئے اپنے صحن میں ہر روز فحاشی و عریانی کے مظاہرے دیکھ دیکھ کر فیصل مسجد بھی اللہ کے ہاں یہ فریاد کرتی ہو گی کہ ربا پاکستان میں مسجد اقصی کی حرمت و تقدس کو بحال کرنے,1
اوئے شہباز گل جٹا اسی راضی آں راضی آں تیرے نال,0
نون لیگ کی اپنی قانونی ٹیم نے ہار تسلیم کر لی حمزہ ککڑی کو حلال ہونے سے نہیں بچایا جا سکتا,1
یہ حال ہے ان پالتو صحافیوں کا کچھ ڈالرز کے لیے پاکستانیوں کی زندگیاں خطرے میں ڈال رہے ہیں اس جاہل انسان کو گرفتار کر کے جوتے مارنے چاہیے اور عوام کو اس کا چینل سبسکرائب نہیں کرنا چاہیے کرونا ویکسین لگوائیں اور اپنے اور اپنے پیاروں کو بچایں,1
باجوہ غدار اور اس کے ساتھی غدار جنرلز امریکہ کے پالتو جانور پاکستان کو سیاسی عدم استحکام کا شکار کرتے رہتے ہیں ہر سال بعد وزیراعظم بھی بدلتے رہتے ہیں اور اسی لیے آج تک کوئی وزیراعظم سال کی مدت پوری نہیں کر سکا ہے سے لے کر آج تک,1
اوی راسکلز اپنے ناجائز اولاد جیسے حکومت کو بچاتے بچاتے ہور کیا کچھ ڈاو پر لگانا ھے نصر من اللـه وفتح قريب دو,1
چور اور بھگوڑے باپ کی چور بیٹی ایک جھوٹا بیانیا بناتے ہوے مذید ذلیل ہو رہی,1
جناب لعنت لعنت بس لعنت ہو آپ پر ان کتوں کو آزاد کرنے پر آپ بس لعنت کہ حق دار ہیں امریکہ نواز کتوں کی,1
رانا ثناءاللہ صاحب قانون کی رٹ قائم کریں بلکہ یہ نظر بھی آنا چاہیئے بس اب بہت ہو گئی رعایت دے دی فتنہ عمران دگڑ دلے لنگڑے گھڑی چور کو,1
سندھ میں باہر کے ملکوں سے لوگ علاج کروانے جیسی عظیم الشان بونگی کے بعد بلاول اور سندھ گورنمنٹ کی متوقع بونگی سندھ بالخصوص کراچی میں باہر کے ملکوں سے تیراک تیرنے آتے ہیں,1
مفاہمت نہ سکھا جبر ناروا سے مجھے میں سر بکف ہوں لڑا دے کسی بلا سے مجھے عمران خان سے ملاقات سید عباس رضا اور میاں ارشد علی مہار بھی میرے ہمراہ تھے عمران خان نے مجھے مخاطب کرتے ہوئے کہا کہ میں نوجوانوں کو آگے لانا چاہتا ہوں اس دفعہ میں خود انٹرویو کرونگا,0
سارے بے غيرت تو بيمار ہيں ملک تو لگتا ہے مودی چلاتا رہا تھا ان سب بیماروں کو اصلی گولیاں مار کر ہلاک کر دیا جائے غلاج یہ ھے سب کا,1
اس انیں کو رب دی ناں تے کوئ وزارت دیؤ,0
سخاوت لے کے پھرتا ہے شرافت لے کے پھرتا ہے وہ کذابوں کی بستی میں صداقت لے کے پھرتا ہے گزند پہنچاۓ گی کیسے ہوا اس کو عداوت کی وہ ہر دم ہزاروں کی محبت لے کے پھرتا ہے سلامت رہو خان جی,1
کرائم منسٹر چیری بلاسم بوٹ پالش نے سوچا کہ لندن ہائیکورٹ میں بھی جسٹس قیوم بیٹھا ہو گا آگے جج میتھیو مل گیا جس نے رندا پھیر دیا,1
عمران خان کے بیرون ملک دوروں پر اتنا خرچہ ہوا جتنا نوازشریف کے ایک دورے پر آتا تھا سنیے رؤف کلاسرہ سے,1
جو قوم اپنی آزادی کا سودا ہوجانے دیتی ہے اسے ایسے ہی بیرونی آقاؤں سے ٹھدے پڑتے ہیں جو بائیڈن ایسے نہیں بولا یہ پوری ایک اسکیم ہے جیسے عملی جامع پہنانے یہ چوروں کی سرکار لائی گئی ہے اور ایک نیا حاجی ایسا لانا ہے جو اگلے سال اسی پر کام کرے,1
وہی ہوا جس کا اندیشہ تھا سید محسن رضا نقوی کو نگراں وزیر اعلی نامزد کر دیا گیازرداری کا جو بھی یار ہو یا امیدوار ہو وہ سب جانتے ہیں کیا کریگااب شائید وہ اپنے نام کے ساتھ سید کی لاج رکھ لیں,0
پاکستانی عدلیہ بکاو مال ہے آپ لوگ بھی ہذی ڈال دو باجوہ کچھ شرم کرو کچھ حیا کرو اگر تم میں رتی بھر بھی غیرت بأقی ہے تو استعفی دو اور ملک کی اور ہماری جان چھوڑو,1
ہمیشہ سوچتے تھے دنیا کی نمبر ایک انٹیلیجنس ایجنسی کے ہوتے ہوئے پاکستان کیوں اتنا بدحال ہے کیوں اتنا مقروض ہے کیوں خطے کے سب سے بڑے دو ڈکیت خاندان سال سے پاکستان پر مسلط ہیں گذشتہ ماہ میں ان تمام سوالات کے جوابات مل گئے ہیں,0
ظلم نا انصافی کی سب زنجیروں کو توڑ کر ایک ھی با ضمیر بہادر انسان انشاء اللہ واپس آرہا ہے,0
کرائم منسٹر سے عوام شدید نفرت کرتے ہیں اسکا احساس مجھے وڈیو پوسٹ کرنے کیبعد ہوا آئیندہ ڈبل پیسوں پر بھی شہباز شریف کے حق میں وڈیو نہیں بناؤں گی ٹک ٹاکر,1
جمہوریت خاندانی حکمرانی کا ھی نہیں خاندانی غلامی کا بھی تسلسل ھے پچاس سال سے مسلسل پارلیمنٹ میں بیٹھنے والا رضا ربانی اگر آج بھی ایک نسلی ھیجڑے بلاول کو اپنا سربراہ مانتا ھے تو پھر جمہوریت کے منہہ پر آخخخخ تھووووووو,1
گلگت بلتستان کی آئینی حیثیت کی وجہہ سے وہاں کے شہریوں کے انسانی حقوق پامال ہوتے ہیں سنیے سینئیر وکیل کامران عارف سے مکمل شو,0
اور میں فوجی بننا چاہتا تھا لیکن اپنی بدکاریوں کی وجہ سے فوج سے نکالا گیا,1
کتنا کھیلو گے صاحب ٹوٹ جائے گا,0
عمران جب سے آیا ہے میں پر امید ہوں اس کی اور کریڈیبیلٹی ہے میگا کرپشن میں ملوث لوگ عمران خان کے دشمن بن چکے ہیں انکو پتہ ہے کہ عمران خان کو کرنے سے تمام مسائل حل ہو جائیں گے روئیداد خان,1
گورنمنٹ کی طرف سے دو ہزار ملنے کیبعد,0
بھائیو اور انکے بہنو معذرت گاڑی نیوٹرل کرتے ریورس گیر لگ گیا جس نے اترنا ہے جمپ لگاؤ بریک فیل ہوچکا ہے,0
میں عمران خان کے بارے بات بھی نہیں کرنا چاہتی مریم بگوڑی سنیے ہماری پیاری پیروڈی کؤوین سے,1
عمران نیازی نے گھڑی چوری نہ کی ہوتی تو اسے یہ گھڑی نہ دیکھنا پڑتی اور نہ ہی عمران زادے منصفوں پر لاڈلے کو آئین و قانون سے ماورا ہو کر سہولت فراہم کرنے کی گھڑی آتی,1
باجوہ ذرا جواب تو دو نکے کا ہر بندے کی جائز جائداد کے پیچھے جو بھاگتے پھرتے تھے آج اس کی ناجائز جائداد کا حساب بھی دے دو,0
آپ سیرئیس نہیں تھیں اس سے پہلے,0
ذرائع نے یہ سب کو جیو کو بتایا بھارت نے پاکستان کے سے سات ائیر بیسز کو نشانہ بنانے کا منسوبہ بنایا پاکستان نے دوست ملکوں کے ذریع بھارت کو پیغام بھیجاترلا ڈالا انڈیا نے راجستھان سے بہاولپور پر میسائل حملہ کا پلان بنایا پاکستان نے پائلٹ واپس کر دیا جاری,0
کل ہی ہمارے بھکاری اعظم نے کفایت شعاری کے طریقے اپنائےاور آج یہ مجرمہ اتنی گاڑیوں کے جھرمٹ میں عوام کے پیسے سے فل پروٹوکول انجوائے کر رہیکم از کم ایک دن تو ڈرامے پہ عمل کروا لیتےاوہ سوری میں بھول گئ باجوہ کی لاڈلی کو کوئی کچھ نہیں کہہ سکتا,1
مولانا صاحب جس وقت عمران خان امریکہ کے ڈرون حملوں کیخلاف احتجاج کر رہا تھا تب آپ حکومت کے مزے لے رہے تھے جس وقت عمران خان امریکہ کیخلاف کھڑا تھا اسوقت آپ امریکہ کیساتھ کھڑے تھے اینکر نے مولانا کا مکروہ چہرہ بینقاب کر دیا ہے,1
محترم نیوٹرل پاکستانیوں کے جذبات برائے فروخت نہیں ہیں تم لوگ بکاؤ ہو محب وطن پاکستانی بکاؤ نہیں یہ آزاد پاکستان کی جنگ ہے اب غداروں سے یہ زمین پاک کروا کر دم لیں گے,1
از خواب گراں خواب گراں خواب گراں خیز,0
لو دسو ان کنجروں کو خود نئیں پتہ کہ بلاول شے کیا ہے اخے وزیراعظم دیکھنا چاہتا ہوں,1
میں بھی ایک صحافی ہوں اور میں ہمیشہ پاکستان کے وقار کی بات کرتا ہوں جو جو پاکستان کیخلاف استعمال ہوتے ہیں اور پاکستان کے خلاف بولتے ہیں ان جو سپورٹ کرنے والے صحافیوں سے میرا کوئی تعلق نہیں کیونکہ پہلے پاکستان پھر صحافت ایسا کام نہیں ہونا چائیے,0
لفافہ صحافی جوتے چاٹنے میں مصروف بیغیرت ابن بیغیرت,1
کبھی نجم سیٹھی کبھی محسن نقوی اور اگلی واری حامد میر یا ابصار عالم پنجاب کے ساتھ ہمیشہ یہی کھلواڑ ہوتا رہا ہے پنجاب کی عوام کو جاگنا پڑے گا اور یہ کھلواڑ ختم کرنا ہوگا ورنہ بہت دیر ہو جائے گی,1
عمران خان پر جب کوئی کرپشن نہیں ملی تو توشہ خانہ سے خریدی گئی گھڑی پر واویلا شروع کر دیا لیکن جب عدالت نے توشہ خانہ کا پرانا ریکارڈ مانگا تو ملکی عزت یاد آگئی,0
کچھ رنگ غلیظہ فاروقی پر بہت ججتے ہیں,1
لوگوں کو انڈے مرغی اور کٹے پالنے کا مشورہ دیتا تھا اور خود توشہ خانہ کا مال بیچتا رہا,1
عمران جو کر رہے ہیں وہ نہ صرف ایک زاتی انا کی وجہ سے کررہے ہیں بلکہ وہ اس لئے بھی کررہے ہیں کہ میاں نوازشریف اب اتنا طاقتورہوگیا ہےاتنا پاپولرہوگیاہےکہ اب اس لیجینڈکواسکی سیاست کوڈیفیٹ کرنابہت مشکل وناممکن ہوگیاہےعمران کے لئے یہ بات بہت تکلیف دہ ہے,1
دو مادرچود لاہور کے جنہوں نے رابعہ خان نامی لڑکی کی عزت لوٹی,1
اعلان ہوگا سرعام ہوگا جو رات کو ایک ڈائری لے کر نکلا تھا وہ دوبارہ اپنے لشکر کے ساتھ واپس آرہا ہے انشاءاللہ,0
یہ امپورٹڈ حکومت کا ٹولہ اپنے ذاتی مفاد کے لئے اقتدار پر قبضہ ہوا تھا ان کو عوام سے کوئی ہمدردی نہیں نہ ہی پاکستان سے کوئی محبت ہے ان کا اصلی ملک برطانیہ لندن ہے جہاں یہ سب اپنی عید مناتے ہیں اپنی بیماریوں کے علاج کرواتے ہیں اپنے بچوں کو تعلیم بھی دلواتے ہیں,0
لعنت ن لیگ پر کروڑون بار,1
خاور گھمن نے میں کہا تھا کہ نون لیگ اور پیپل پارٹی کبھی انتخابی اصلاحات نہیں ہونے دیں گی کیونکہ یہ دھاندلیوں سے جیتتے ہیں وہ باتیں آج سچ ہو رہی ہیں,1
اللہ کرے یہ اچهے صحافی جلد مر جاہیں تاکہ جلد جنت میں جاہیں اس سے پہلے کہ یہ حرامی ھو جایں,1
یہ اب جماعت المنافقین بن گئی ہے یہ سب اسلام فروش ھے,0
خان صاحب کمینوں کی کمینگی کی حد بندی کبھی نہیں کرنی چاہیے,1
کوئی رہ تو نہیں گیا جو بےنقاب نہ ہوا ہو,0
بیغیرتا پیو کہندے شرم آندی اے کیوں کہ توں کنفرم حرام دا ایں,1
بریکنگ نیوز ن لیگ کا اجلاس لندن میں طلب احسن اقبالخواجہ آصف ایاز صادق راناتنویرکل لندن روانہ ہوں گے,0
بھائی ارشد بھائی کہ کہ کر مجھے بھی کروا دیں پلیز,0
ایک سیاست کا شیر دوسرا صحافت کا شیر ماشاءاللہ,0
ہار چوری سے ووٹ چوری تک کا سفر یوسف رضا گیلانی کے بیٹے کی ووٹ خریدنے کی ویڈیو سامنے آ چکی ہے یہ ہے انکا کردارجسکی وجہ سے گیلانی صاحب فرما رہے تھے کہ لوگ میرے کردار کو ووٹ دیں گے,1
احد چیمہ سے لے کر آج تک یہ جتنے بندوں کو اٹھاتے ہیں انکو گالیاں دیتے ہیں مارتے ہیں اور زبردستی کہا جاتا ہے کے شہباز شریف کے خاندان کے خلاف گوائی دو تمیں کچھ نہیں ہوگا نیب نیازی گھٹ جوڑ عوام جان گئی ہے,0
خالی برتن ہمیشہ آواز کرتے ہیں,0
جو لفافہ لیتا ھے وہ بدلے میں بھی کوئی خدمت تو ضرور دیتا ھوگا اگر وہ خدمت ملکی وقار کا سودا کرنا ھے تو یہ صحافت نہیں غلاظت ھے,1
عمران خان کی اسٹیبلشمنٹ سے ڈیل اور قبل از وقت الیکشن دونوں کا کوئی امکان نہیں جانیے کیوں,0
جاتی امراء امرتسر کی مشہورطوائف لکھی بائی کی جب عمر ڈھلنےلگی تواس نےدلا ہاراں والےسےشادی کرلیجس سے رمضان عرف جاناں پانڈی پیدا ہواجونوازشریف کاداداہے اب جنکی رگوں میں ہی طوائف کاخون ہو وہ شریف النسل عورتوں کی عزت کیسےکرسکتےہیں اسلئےمجھےتومریم کی بازاری زبان پرکوئی حیرت نہیں,1
وہ خود ٹریڈنگ کی لائن میں لگی ہوئی آجاوے مرزا کوئی گھوڑی لے کے اووے مینوں لے جاوے مرزا کوئی اس گانے میں مرزا سے مراد باجوہ ہے,0
غدار چوکیداروں تم نے ہمارے اوپر چوروں کو مسلط تو کردیا اور ہم سب جان بھی گئے کہ یہ تم نے کیا اب دیکھو ہم کیا کرتے ہیں چوروں سے پہلے اب چوکیداروں کو حساب دینا ہوگا ہر چوک چوراہے پر دینا ہوگا دو,1
استری والی میم یہ بھی دیکھا ھوگا,0
یہ مشکل بھی چلی جائے گی اور منزل بھی مل جائے گی جو ذات یہاں تک لے کر آئ ہے وہ آگے بھی لے جائے گی,0
وہ مائی تو تحریک انصاف کی حکومت کا علاج کرنے نکلی تھی پتا چلا کہ اسکا علاج لندن میں کروانے کے لیے ایک چرسی ڈاکٹر پاکستان پہنچ گیا یے,1
بگڑیاں بنانے والا اولادیں دینے والا رزق دینے والا زندگی موت دینے والا عزت ذلت دینے والا صرف ایک ھی,0
ہے چاہے چور نواز شریف آئے یا کوئی اور ڈاکو بس جیسے گھٹیا لوگوں کو سمجھ آجائے,1
پہلا نتیجہ ایکس سروس مین سوسائٹی نے حاجی کو رجسٹر کرنے کی مخالفت کردی مزے تے ہن آں گے غدار باجوے ابھی تو ابتدا ہوئی ہے زلت تمھارا پیچھا قبر تک کرے گی ان شاءاللہ,1
اگر ہم غدار ہیں تو محب وطن دکھا دو,1
جماعت احمدیہ کے ممبر منیر شاہنواز شیزان اور مرسیڈیز بینز دونوں کے مالک ہیں شیزان کے خلاف کیمپین کی وجہہ سے انہوں نے مشروب کا نام بینز رکھ دیا تھا تحریک لبیک متحرک نظر آ رہی ہے اور یہ احمدی مخالف دہشتگردی ہو سکتی ہے تحقیقات لازمی ہونی چاہئیے,1
پی ٹی آئی کی طرف سےمہنگائی اور بےروزگاری کے خلاف باڑہ بازار میں اختجاجی مظاہرہ ہوا جس میں سابقہ ایم این اےاور ایم پی اےبشمول عوام نے بھر پور شرکت کی امپورٹڈ حکومت کے خلاف نعرےلگائے عوام نےامپورٹڈ حکومت سے ریلیف فراہم کرنےکا مطالبہ,0
کیلیبری قطری نانی نے عوام کی کے جلسوں میں عدم دلچسپی کا نیا حل ڈھونڈا ہے,1
خرامزادے ہی ایسی باتیں کررہے ہیں اور تم تو بہت زیادہ خرامی ہو,1
یہ کراچی کے ایک قبرستان کا حال ہے جہاں گٹر کا پانی بہتا ہے یہاں بھی بھٹو پھر گیا ہے جیے بھٹو زندہ ہے بھٹو,1
اٹھا کے باہر پھینکو اس غدار کو,1
مہینوں میں عمران احمد خان نیازی نے پی ڈی ایم کی سیاست تباہو برباد کردی اور یہ تجربہ کار کہتے ہیں خان کو سیاست نہیں آتی سیاست سیکھنی ہے تو کپتان سے سیکھوں سیاست میں تمہارا باپ ہے عمران خان,0
ہم کتنے سادہ تھے مودی کے مسلمانوں کے اوپر ظلم پہ غصہ کرتے تھے اب پتہ چلا یہاں کے مودی کا ظلم اس مودی کے سامنے کچھ بھی نہیں,1
میرے چڑھے لن دے اوتے تیرا بابا,1
لیں جناب کراچی کا انسپکٹر راؤ انوار بھی نیوٹرل کی بولی بول رہا ہے کہ بے نظیر قتل کیس میں جنرل مشرف غدار کا نام رحمان ملک مرحوم کے دباؤ پر ڈالا اب کرلو زندہ رحمان ملک کو لگتا ہے باجوہ اور شریف خاندان کا استاد ایک ہی تھا,1
انشاء اللہ خوشی ہو یا غم ہو کپتان کے سنگ ہو,0
اس بیغیرت کتے کی شکل اور کردار دونو انگریزوں کے غلام والی ہے لعنت ایسے غدار سپہ سالار پر,1
یار سیالکوٹی کھوجے ایک بات بتا اچھاخاصہ بزنس ھےتیرابہت پیسے ہیں تیرے پاسبہت بڑا ٹبرھے تیراتوپھراس گنجےچور کی نوکری کیوں کرتاھے تجھے شرم کیوں نہیں آتیتمھیں پتہ بھی ھے وہ ہرمشکل وقت تم غلاموں کوچھوڑکےملک سےبھاگ جاتاھے تیری دیکھ کرقسم سےشرم آرہی ھے تواتناگرگیاھےکھوجہ,1
کٹھ پتلی کون سنیے ڈاکٹر شہباز گل کی زبانی,1
دنیا کے کسی بھی اخبار میں اس کے خلاف بات ہو اس پر فرق نہیں پڑتا کیونکہ یہ بے ضمیر انسان ہے جو اپنی ناجائز بیٹی کو بیٹی نہیں مانتا,1
نے گندی پارٹی کا ہسپتالوں میں گند بھی ایکسپوز کردیا شرم سے ڈوب مرنے کا مقام ہے ترس آتا ہے سندھی بہن بھائیوں کی حالت زار پہ,1
جاسمین کی سپیس کی طرح اس سپیس کا بھی مکمل مقاطعہ ہونا چاہیے یہ انصافین نہیں بلکہ تحریک انصاف میں باجوہ کے ایجنٹ اور گھس بیٹھیے ہیں,1
پاکستان کو بدنام کرنے گھٹیا کوشش کی نیازی فتنہ نے,1
شہباز شریف آپوزیشن لیڈر ہیں نہ ان کے پاس کا کوئی عہدہ ہے نہ کل رات کے عشائیہ کا سے کوئی تعلق تھا صحافی بھائی ذرا کان کھول کر سن لیں,0
کیھے گئی توہین عدالت او صرف سادے واسطے ہی سی,0
میری جان آپ کو اب خیال آیا ہے میں تو اس سلسلے میں آغوا بھی ہو چکی اب اور کیا چاہتے آپ,0
سازشیوں نے جسطرح عمران خان کی حکومت گرائی اس سے دنیا کا ہمارے نظام پہ اعتبار اٹھ گیا اگلے چھ ماہ محض الیکشن میں گزر جائیں گے واحد حل یہ ہے کہ قومی اسمبلی تحلیل کر دی جائے اور عام انتخابات کی جانب بڑھا جائے,0
پی ٹی آئی کو عمران خان کے ساتھ ساتھ ایک اور امیدوار کے بھی کاغذات جمع کروانے چاہیے اگر بلا مقابلہ ہو تو عمران خان کے کاغذات واپس لے کے دوسرے کو جتوایا جائے تاکہ بندے دوبارہ اسمبلی میں پہنچ جائیں,0
بڑے ہی بیغیرت ہو تم لوگ کب تک یہ والہ چورن بیچوں گے اپنے لوگوں پر ایکسپائر فوگ شیل برسانا تو بند کردو پہلے,1
صرف پاکستان میں سویلین سپرمیسی کے نام پر اس طرح کے گٹر کے کیڑے ایک شہید کے والد کے ساتھ اس طرح کی بکواس کر سکتے ہیں اس طرح کے کتے کے بچوں کو نون لیگ کی پوری سپورٹ ہے کوئی اور ملک ہوتا تو اس کی زبان کب کی بند ہو چکی ہوتی,1
بریکنگ نیوز خالی کی گئی تمام سیٹوں سے ہمارے امیدوار خان صاحب ہوں گے اسد عمر,0
اس افسر شاہی کی ماں بہن نون لیگی نکالیں تو ان کی زبانوں کو لقوہ ہو جاتا یے لیکن اگر کوئی حکومتی اہلکار انکو آپنی زمہ داری یاد کروائے تو انکی عزت نفس جاگ جاتی ہے,1
باجوہ قادیانی ہے پاکستان کے تمام اعلی عہدوں پر موجود ایک ایک شخص کو چیک کیا جانا چاہئے ایسے بہت سے قادیانی ملیں گے جو ملک کی جڑیں کاٹ رہے ہیں جیسے باجوہ نے کاٹی اور نواز شریف قادیانیوں کا ہمدرد ہے,1
نام آصف ہو اور سرپرائز نا دے یہ ممکن نہیں,0
بنا سوچے سمجھے بنا تیاری کے لاک ڈاؤن کردیاسب کو فکر روزانہ کے دیہاڑی دار طبقے کی ہے انکو پیسے بھی دئیے جارہے ہیں اور راشن بھی لیکن کیا کسی نے فکر کی ہے ان لوگوں کی جو چھوٹی چھوٹی کمپنیوں کے ملازم ہیں جنکی تنخواہ مشکل سے سے ہزار ہے جنکی مارچ کی تنخواہ روک دی گئی ہے,1
کرپشن اسکے لیے اسلیے نان ایشو ہے کیونکہ اس خبیس نے میں مفتی محمود کی طرف سے ایک دو کمرے مکان سے پچھلے سال میں کرپشن سے پاکستان اور دوبئی میں اربوں کی جاہیدادیں بناہیں,1
نا گھر کے نا گھاٹ کے تم دشمن ھو اناج کے,0
بہن بھائی اکٹھے بیٹھے ہیں لگتا,1
مرد درویش کا سرمایہ ہے آزادی و مرگ ہے کسی اور کی خاطر یہ نصاب زر و سیم السلام علیکم ورحمتہ اللہ وبرکاتہ صبح بخیر,1
شریف خاندان کا طریقہ واردات یہی ہے کہ یہ لوگ اپنے مکروہ مقاصد کیلیے اداروں کو استعمال کرتے ہیں ججوں کو صدر پاکستان سینیٹرز اور کا چئیرمین لگاتے ہیں,1
پانامہ سے بھی پہلےیاد رہے کہ حیسن نواز کے تمام اثاثوں کو حکومت برطانیہ جائز مانتی ہے مجرم مانتی تو اندر ہوتا کچھ لوگ کل سے نچ نچ کے پاگل ہوئے جا رہے ہیں کہ یہ پیسے نواز خاندان سے نکلے ہیں نچنا بند کردیں یہ حکومت آصف علی زرداری اور نواز شریف سے ایک,0
عوام کا صرف ایک لاڈلا ہے وہ ہے عمران خان,0
اب اسٹیبلشمنٹ عدالتوں کے زریعے غیر آئینی اور غیر قانونی کام کروائے گی نجم سیٹھی,1
کا لا بھونکنے سے باز نہیں آئیگا یہ وہ کتے ہیں جس کا مالک کوئی ایک شخص نہیں ہے جو عمران کے خلاف ہو وہ انکا ابو,1
عمران نیازی نے اپنے ہزاروں ورکروں کو رسواء کروا دیا تبدیلی کے متوالے اب گھڑی چور کی قیادت میں نکلتے ہوئے شرم محسوس کررہے ہیں,1
انتہائی افسوسناک صورتحال یہ بن چکی ہے کہ قائداعظم کے پاکستان میں صحافت کے معنی و مفہوم تبدیل کردیئے گئے ہیں,0
بھائی بات یہ ہے کہ آپ کا نام لے کر ابو نے اجازت دی ہے ڈیل میں کہ اس کے ساتھ جو مرضی کرنا,0
فتنہ خان نیازی نے فرحت کو کی کے ساتھ مل کر پورا پنجاب لوٹ لیا,1
جب عدالتی نظام کمزور ہو تو ہر الو کا پٹھہ قانون کو اپنے ہاتھ میں لیتا ہے اس فحش گو زلالت کے ڈھیر پر اقدام قتل کی دفعات ڈالیں ریمانڈ پر چھترول کریں تاکہ یہ انسان کا بچہ بنے,1
آبصار عالم کو گولی لڑکی سے زیادتی کرنے پر ماری گئی اور نون والوں نے اور حامد میر نے الزام فوج اور آئی ایس پر لگایا لعنت ہو ان جرنیلوں پر کہ ابھی بھی اگر حوش کے ںاخن نا لیئے تو یہ ملک ہاتھ سے چلا جوئے گا بہت جلد,1
لیکن یہ بات تو جنرل باجوہ نے بھی کی ہے عمران کو کہا فوج میں تقرریاں استخاروں پر نہیں ہوتیں اور نہ اس کی اجازت دیں گے اور کوئی مرد کہے یا عورت بات بالکل درست ہے ملک اس طرح نہیں چل سکتے,0
غدارمادر فروشدہشتگرد باجوہ کی کرپشن بے نقاب کرنے والےصحافی کا اغوا بدترین ریاستی دہشت گردی ھے جبکہ ملک لوٹنے والا حرامزادہ آزاد گھوم رہا ھے,1
ترلے ڈالنے پہ آ گیا ہے,0
الیکشن کمیشنر سکندر راجہ جاتی امرا کا کتا ہے دھاندلی کے بغیر امپورٹڈ ٹولا الیکشنز جیت ہی نہیں سکتا ہر حلقے میں دھاندلی کے ہزار ووٹوں کے باوجود ہم ساری سیٹیں جیتیں گے انشاءاللہ,1
ان سب کی نسلیں بھی یاد کریں گی کہ کوئ ٹکر کا بندہ ٹکرا تھا ہمیں,0
مجیب الرحمن کی تیسری نسل بنگلہ دیش میں اپنے لوگوں کو بلٹ ٹرین بنا کر دے رہی ہے اور بھٹو کی تیسری نسل سندھ میں اپنے لوگوں کو آٹے کی لائن بنا کر دے رہی ہے,0
مان لو یہ تمہارے لیول سے اوپر کا شخص ہے مراد سعید,0
یہ دونوں پھر سے ایک ساتھ پریس کانفرنس کرنیگے اور کہہ رہے ہونگے ہم کو معاف کردوشیطان نے ہم کو بہکا دیا تھاپر معافی نہیں ملے گی,0
گھر پر ڈاکہ پڑے تو چوکیدار نیوٹرل رہ سکتا ہے,0
سر شاہ غلام قادر کا ن لیگ سے کوئی تعلق ہی نہیں یہ تو بس مفاد پرست انسان ہے شہ غلام قادر نمک حرام ہے,0
ملک ریاض ڈیل میں کوئی تو رازداری ہےجس کی پردہ داری کی جارہی ہے وفاقی وزیر ریلوے شیخ رشید نے انکشاف کیا ہے کہ کابینہ اجلاس میں یہ فیصلہ ہوا ہے کہ ملک ریاض اور یو کے کی ایجنسی کے مابین ہونے والے معاہدے پر بات نہیں کی جائے گی,0
راد سعید نے دلا دیا جوش عوام آپے سے باہر راستے سے ساری رکاوٹیں ہٹا کر جوڈیشل کمپلیکس پر حملہ اور اس حملہ کو کوئی بھی نوٹس میں نہیں لے گا یہ ہمیں پتہ ہے,1
شاہد خاقان عباسی کی وفا جرات اوبہادری سے یہ ثابت ہوا کے پہاڑوں کا رہنے والا شہزادہ چاہے جتنی مشکلات بھی آئیں کبھی نہ جھکے گا نہ بکےگانہ اپنے موقف سےپیچھے ہٹے گا,0
سنا ہے کہ آج پشاور میں بلاولی کا جلسہ تھا جس میں عوام کی خاصی تعداد نے شرکت کی سارے بلاولی کو دیکھ دیکھ کر سیٹیاں مار رہے تھے,0
زندہ رہتے ہوئے ہمارے اندر جو مرتا ہے,0
نواز شریف کسی محب وطن سے نہیں ملتا تو سمجھ لو کہ جو بھی ملا ہوگا کیا کیا پلان نہیں بنائے ہونگے ایک میرا رب اپنا پلان بنا کر بیٹھا ہے ان کو اچھی طرح ننگا کر کے دفن کرنا ہے ہمیشہ کو دو,1
تمام لفافہ صحافی بشمول منصور علیخان اور سلیم صافی فرماتے تھے عمران خان کی حکومت جاتے ہی زلفی بخاری اگلی فلائٹ سے لندن بھاگ جائے گا ان چوتئیے لفافوں نے اسے بھگوڑا نواز شریف سمجھا تھا,1
مسٹر باجوہ اب وقت آ گیا ہے کہ تم استعفی دو اور گھر جاو میری پاک فوج کو مزید بدنام مت کرو,1
خان نے اگر کوئی کرپشن یا دو نمبر کام کئے ہوتے تو اب تک یہ امپورٹڈ حکومت اور نیوٹرلز خان کو زندہ کھا چکے ہوتے ان خبیثوں کو پتہ کہ خان ایک ایماندار اور نڈر آدمی ہے پھر بھی کوشش میں لگے ہوئے کہ جھوٹ کا کوئی بیانیہ خان کے خلاف کامیاب کرسکے,1
شاعر کہنا چا رہا ہے کہ شریف اور زرداری نامی جانوروں کو مل بانٹ کے کھانے دیں تاکہ کچھ ہڈیاں ہمارے حصے بھی آ جائیں,1
تھکنا نہیں جمے رہو ڈرنا نہیں ڈٹے رہو,0
عاشقوں کی بھری دنیا میں اللہ تعالی ہمیں ملک عدنان جیسا بنائے,1
مارکیٹنگ میں بنیادی اصطلاح اوپننگ سٹیٹمنٹ ہوتی ہے مطلب کہ کسٹمرویور کو متوجہ کرنے اور نفسیاتی طور پہ اسے پکڑنے کے لئے کچھ الفاظ بولنا آج کل ایک صحافی ٹولہ ملک و حکومت مخالف بیانیہ نجومی پن والی اوپننگ سٹیٹمنٹ دے کر اپنا چورن بیچتا اور کماتا ہے,0
ان بیشرم بیغیرتوں کی اصل اوقات یہ یے افسوس اس پر نہیں بلکہ ان لوگوں پر ہے جو اس گنوار کا چینل سبسکرائب کرتے ہیں اور اسکی بکواس سنتے ہیں,1
چہ پدی اور چہ پدی کا شوربہ اور دوسری بات یہ کہ اپنے آپ کو اہم ثابت کرنے کے لیئے,0
شکریہ بہن آپ طے تک پہنچ گئی ہیں,0
گھڑی چور کا نعرہ عمران نیازی کی شناخت بن چکا ہے,1
میرے گلگت بلتستان کے بھائیوں آجکل آپکے پاس منافقوںلٹیروںقاتلوں اور غداروں کا ایک ٹولہ آیا ہوا ہے جو جلوسوں میں آپکو گمراہ کن باتیں بتا کر پھر اقتدار چاہتے ہیں ووٹ ڈالنے سے پہلے انکی حقیقت ضرور سنیے پھر فیصلہ کیجیے,1
میرا تعلق سے نہی لیکن میں ایمانددار وزیر اعظم عمران خان کی حکومت میں کٸیے گۓ اقدامات اور اسکی سچاٸ پر عمران کے ساتھ کھڑی ہوں اور باجوہ کی غداری اورچوروں کو مسلط کرنے پر جرنیلی ٹولے کے خلاف ہوں,1
چڑی والے بابا کی مفتاح اسماعیل اور شہباز شریف کو گھر جانے کا مشورہ,1
سر وہ جموں کشمیر پر بھی بہت بڑا بن سکتا ہے اگر تھوڑا کوشش ادھر بھی کریں پورے پاکستان کو تو ویسے بھی بنایا ہوا ہے,0
باجوہ شرم سے ڈوب مر جا جی ایچ کیو کوی غیرت مند بچا ھے کیا جو باجوہ کو گولیوں سے بھون کے رکھ دے,1
یہ ڈاکٹرن ہے آپ کو نہیں پتہ,0
یہ بڑے پین یک ہیں یہ اپنی کرتوتوں سے باز نہیں آئینگے اسلام آباد و راولپنڈی کی تنظیم سے گزارش ہے کہ اس فیصلے کے فورا بعد عوام کو لے کر جی ایچ کیو پہنچے یہ ناسور ہمیں کہتے ہیں کہ ہمارا سیاست سے کوئی تعلق نہیں جبکہ سب کچھ یہ خود کررہے ہیں,1
یہ ملک ہمارا ہے اور ہم اسے ہر طرح کے کرپٹ لوگوں سے پاک کریں گے انشاء اللہ اس لئے اس ملک کی بقاء اور بہتر مستقبل کے لیے عمران خان کا ساتھ دینا ہمارا قومی فریضہ ہے عدالتلگاؤ,0
نوازشریف دھماکا نہیں کرنا چاہ رہا تھا میٹنگ میں مخصوص پیڈ صحافی بلاۓ گٸے تھے مگر ایک محب وطن نوازشریف پر برس اٹھا جھوٹا کریڈٹ لینےکی کوشش میں مبتلا لعنتیوں اور انکےدگڑدلوں کےلیے پر ڈاکٹر صاحب کا اہم بیان,1
سٹاک مارکیٹ کے کریش پر کے نیے گانے کا انتظار کریں,0
فائرنگ کے بعد عمران خان کنٹینر اور مردہ اور زخمیوں کو چھوڑ کر گاڑی میں وقوع سے چلے گئے,0
کل نیب آفس کے سامنے گنڈہ گردی کرنے والے گرفتار ن لیگی کارکنان کی ضمانتیں منسوخ دن کے ریمانڈ پر جیل بھیج دیا گیا لمیا پا کے لیتر پھیرو ان جاہل پٹواریوں کو,1
نئی فوجی قیادت یا صادق و امین اس نئی قیادت کے بارے عوام کو ابھی کچھ معلوم نہیں ھے یہ ان کے اپنے ہاتھ میں ھے کہ اپنے عمل سے یہ ثابت کریں کہ ان کا شمار بہادر و ایماندار سپہ سالاروں میں ھو گا یا غداروں میں آنے والے چند ہفتوں میں یہ بات واضح ھو جائے گی,0
بیغیرتوں کی ٹولیاں بس اور کچھ نہیں,0
ٹیسٹ ابھی باقی ہے مرشد کے اعلان کے بعد جوکر اعظم کی حالت,0
آل پی ڈی ایم اپنی آنے والی نسلوں کو یہ کہ کر چوری سے منع کرے گی کہکبھی چوری مت کرنا عمران خان ہے آجا ءے گا دو پاکستان کی جان چھوڑ,1
اس بوبکری کھسر پھسر کو آئینہ دکھایا تو برداشت نا ہو اور اپنی بھگوڑی لیڈر مریم نواز کی طرح میدان چھوڑ کے بھاگ گئی اور بلاک کر دیا پورا دن یہ بےغیرت جھوٹ فریب گھٹیا بات کرتی ہے اور جواب مل جائے تو شرمندہ ہونے کی بجائے بلاک,1
یہ سب ڈرامہ ہو رہا ہے عوام کے لئے یہ جماعتیں بغیر باجوہ کی مرضی کے شہباز کا ساتھ نہیں چھوڑ سکتیں یہ سیٹ اپ باجوہ اگلے سال تک چلائے گا اسی لئے اسحاق ڈار کو لندن سے بلا کر حلف دلوا کر وزیر خزانہ جو کہ حقیقت میں وزیر اعظم کے فرائض سرانجام دے گا,1
مدرسوں میں جہاں بد فعلی اور زیادتی کی وڈیوز کی شدید مزمت ہوتی ہے وہاں اس طرح کے احسن اساتذہ کی تعریف کیے بغیر انسان نہیں رہ سکتا اللہ تعالی اسکو جزائے خیر دے,1
موجودہ حکومت کی حالت ایسی ہو چکی ہے کہ جیسے چور آگے آگے بھاگ رہا ہو اور پورا گاؤں عوام انکے پیچھے بھاگ رہے ہوں پنجاب اسمبلی اور قومی اسمبلی میں متوقع موت کے بعد اب ملک میں پٹرول کے ذخائر صرف روز کے اور ڈیزل کے ذخائر صرف دن کے باقی ہیں,0
مسلہ ججوں کے ٹوٹوں پہ آ کہ پھنس گیا ہے جو پیشاور والے کے پاس ہیں,0
کیونکہ پاکستان پر مسلط جرنیل سارے مہاجر ہیں سارے انگریز کا قائم کردہ سٹاف ہیں سارے غیرملکی آفیسرز ہیں اس لئے تو فارغ ہونے کے بعد یورپ کے بغیر یہ گدے جی نہیں سکتے کیونکہ ان کے باپ دادا واہاں کے ہیں,1
پاکستانی افواج کے مندرجہ ذیل تو صرف آفیشل کاروبار ہیں جو سب کے سب سیلز اور انکم ٹیکس سے مثتثنی ہیں اس کے بعد فوج کا حصہ لیتی ہے یہ سب تو سرکاری طور پر بھتہ کی طرح لیا جاتا ہے لیکن ایوب سے لیکر باجوہ تک جو پیٹھ پیچھے کرپشن ہے وہ الگ ڈاکہ ہے,0
قبول قبول لیکن املا ہوتا ہے امللا نہیں,0
یا اللہ کیا ظلم کر دیا ان ظالموں نے یہ زخم کبھی نہیں بھرے گا ارشد شریف آپ کو ہمارا سلام,0
یوتھیوں کی موجودہ صورتحال پولیس کو گالیاں دینا والا عمرانڈو کو گرفتار کر لیا گیا اور اوقات دیکھو گرفتار ہوتے ہی پھر بچوں کی رونے لگتے ہے معافیاں مانگتے ہے,1
اندازہ لگاؤ بعض عمران خان کے کیڑے نے سلیم صافی کو اتنا تنگ کیا ہوا ہے کہ شعیب اختر کی لڑائی نعمان نیاز سے ہوئی جبکہ بعض عمران خان میں اندھا سلیم لفافی یہاں بھی عمران خان کو بیچ میں لے آیا کچھ تو شرم کر لفافے,1
واھ باپ کا مال سمجھا ہے ایک بے غیرت ڈاکو لٹیرے جرائم پیشہ کو دوسرون کےساتھ زبردستی سفر کرنا,1
یہ ہوتا ہے نظریہ طاقتور کرپٹ مافیا کے لیے کوئی رحم نہیں,0
او بیغیرت چور نااہل کرپٹ بھکاری امپورٹڈ حکومت اور ان کو لانے والے بغلول کیا سارا ملک بیچ دو گے,1
تیرہ جماعتوں کی مشترکہ حکومت نے عوام کو ذلیل اور بھیک مانگنے پر مجبور کر دیا,0
موجودہ حکومت کیا کچھ کر سکتی تھی بجائے غریب کے اوپر مہنگائی کا بم پھوڑنے کے میں اور یہاں ان سب چیزوں کی نشاندہی کر رہے ہیں عوام کا خون عمران بخوبی کر رہا تھا آپ کو آنے کی ضرورت نہیں تھی اگر آپ نے بھی یہی کرنا تھا دیکھئیے,0
ھائے مہنگائی جائے مہنگائی اب ساری مکاریوں اور جھوٹ کا سامنا کرنا پڑے گا پاکستانیوں جس شخص نے تمہارے لئے ہر ممکن کوشش کی کہ تمہاری جیب پر بوجھ نہ پڑے اور ان جھوٹوں کی مغلظات سنیں,1
رسک تو یہ اشرافیا ہے جن ہر یہ قوم انکھیں بند کرکے اعتبار کرتی رہی ہےاب ایسا نہیں چلنے والا کیونکہ قوم جان چکی ہے کہ یہ محافظوں کے لباس میں ریاکر بیٹھے ہیں جو کھاتے عوام کا اور چاکری امریکہ کی کرتے ہیں,1
اس جبر کے موسم سانس لینا بھی جرم ہے اور یہ پاگل بندہ عمران خان کا نام لے کے سنگین جرم سرزد کر رہا ہے پکڑو مارو پیٹو سولی لٹکا دو جلا دو راکھ بنا دو پھر اسکو ہوا میں اڑا دو یہ مجرم عمران خان کا نام لیتا ہے,1
آنٹی اگر صرف سرخ رنگ پہننے سے تبدیلی اور انقلاب آتے تو آپ کی باجی میاء خلیفہ آج امریکہ کی صدر ہوتی غریدہ فاروقی ویسے ہی صحافی ہے جیسے نوازشریف محب وطن زرداری ایماندار مریم صفدر عزیم لیڈر شہبازشریف محنتی سیلم صافی اور حامد میر صحافت کے علمدار اور تجربہ کار,1
حرامخور باجوے تو خود کرپٹ تھا اس لئے خان کو کرپشن کے خلاف کام سے روکتا رہا دفعان باجوہ دفعان,1
دنیا کی سب سے بڑی حقیقت ہے روٹی جو اخلاقیات کے سارے سبق عقیدے کے سارے کرشمے اور زبان فلسفہ کے سارے جوہر بھلا دیتی ہے خالی پیٹ کا مذہب روٹی ہے منٹو,1
اگر اپکا بلڈ پریشر غریب کے سامنے چڑھ جاتا ہے اور مالدار کے سامنے نارمل تو تم بلڈ پریشر کا نہیں بلکہ منافقت کا علاج کرو,0
فصلیں تباہ ہوئیں مویشی پیاسے مرے ایک ایک اجتماع میں چالیس چالیس رضاکار مارے گئے بمباریاں ہوتی رہیں اسکول اور دف,0
کل قومی اسمبلی میں جعلی ڈگریوں پر بھرتی پائلٹس کی رپورٹ پیش کی گئی آج مسلم لیگ ن کے سینٹر مشاہد اللہ کا کہنا ہے کہ انکو نکالا نہ جائے ان کی تنخواہ کم کر دی جائے یدی دیو ہن بندہ کی کہے توانوں,1
بھئی ہم بھی آرمی کے سکولوں کے پڑھے ہوئے ہیں اور تو اور جرنیلوں کی اولادیں ہیں چھاؤنیوں میں پلے بڑھے ہیں پھر ہم کو بھی شک کی نگاہ سے دیکھا کرو نا,0
ہم تمہاری طرح حرام کھا کے بڑے نہیں ہوے مراد سعید کا بلاول کو جواب,1
ایسی چوری سے موت اچھی غالب جس چوری سے ہوتی ہو سڑکوں پر چھترول لندن میں ایک خاتون نے مفرور اسحاق ڈار اسکے بیٹے اور ایک درباری کی زبردست چھترول کردی توبہ توبہ ایسی دولت پہ لعنت,1
تجربہ کاریاں اسحاق ڈاریاں شریفاں ماریاںفن کاریاں کلاکاریاں گل کاریاں کشیدہ کاریاں دیہاڑیاں اور ان کے حتمی نتائج,1
استغفار سعودیوں نے یہ تصویر شائع کی ہے یعنی کوٹ کے بٹن موٹے پیٹ سے پھٹ رہے ہیں دونوں ممالک کے باہمی تعلقات کا اندازہ آپ خود اس سعودی شائع تصویر سے لگا سکتے ہیں,0
یہ ایک شوشا چھوڑ کر دیکھنا تھا کہ اگر کو گرفتار کیا تو حالات کیا ھوں گے اور لگ پتہ گیا کہ یہ کو کچچا چبا جایۓ گی اگر عمران خان کو ہاتھ لگانے کی کوشش بھی کی,0
قلعدم خوارجی جہنمی دہشت گرد تنظیم تحریک لبیک کے خوارجی کس طرح کھجور کے ڈبے کو قرآن پاک بتا کر اپنی جہالت کا اقرار کر رہے ہیں,1
کی ناکامی اور بدترین معاشی پالیسیوں نے کس طرح ملکی کاروبار کو تباہ کردیا ہے,0
جس وزیراعظم نے پاور کمپنیز انکوائری رپورٹ پبلک کرنیکا حکم دیا اس سے منسوب خبر لگا رہے ہیں کہ ندیم بابر رزاق داؤد کا دفاع کیا جائے انی دیو کوئی عقل کرو ہوش پھڑو یکی چھڈ دیو کنجرو,1
ایک نیا جوکر ریاض کیا جا رہا ہے اس قوم پہ مسلط کرنے کے لیے,0
بھائی میں نے ایک ہی کھائی,0
نا ڈرنے والا نا جھکنے والے نا ہی بکنے والا,0
انشاءاللہ آج ملتان کی عوام بھی تاریخ رقم کرے گی لاہور پشاور اور روالپنڈی کی عوام نے جس طرح عمران خان صاحب کی کال پر لبیک کہا ہے اسکی کوئی نظیر نہیں ملتی,0
ابھی گنجن کی اولاد تیرا بھی وقت آجائے گا بڑے بہت خوب بکواسیات کر رہا ہے مادرچود,1
پاکستان اسٹاک ڈھائی سال کی بلند ترین سطح پر پہنچ گیا پر لفافہ صحافت کو نظر نہیں آئے گا,0
بیمار لگ رہے ہیں انہیں تمہارے نۓ ابو کے پاس لندن بھیجنا پڑے گا بکاؤ مال,0
تھوڑا مزید انتظار کریں اس دھاندلی اور بدمعاشی زدہ الیکشن کی اصلیت سامنے آتی رہے گے,0
یہ کام سب کر چکے ہیں بلاول مودی کا جو یار ہے غدار ہے کے نعرے لگا چکا ہے اس لیے بات آج کی کریں تو بہتر ورنہ ماضی ہی پچھاڑتے رہ جائیں گے,1
اب یہ حرام کی جم پل خواجہ سرا بتاۓ گا مطلبتیرا مالک نواز بٹ تلوے چاٹ کر تیرے جیسے کمیوں کے ہمراہ تین بار مادر وطن کی عزت اپنی ماں سمجھ کر لوٹ گیااس کا ذکر ہےنواز بٹ دیا پالتوپٹے دی حد تک جا کے بھونک ہی سکدا ہیں توبھونکی جا,1
مرشد کا نوجوانوں کے لیے پیغام,0
وہ کہتے ہیں کہ ہمیں ان کے دو ماہ اور گزارنا مشکل لگ رہا ہے میری اپنی پیشگوئی ہے کہ جو بھی ہوجائے یہ حکومت اپریل میں الیکشن کرانے پر مجبور ہوجائے گی,0
عوامبیوقف عوام تیرے باپ عمران کے ساتھ ہے چھین کے لے گے آزادی,1
رب راکھا سویرے ہون گیاں گلاں باتاں وڈیاں نو سلام تے چھوٹیاں نوں پیار تھریڈ جاری ہے,1
ہیلو چیف سیکرٹری تمہارا باپ کل بھی میں تھا اور آج بھی میں ہوں,1
ججوں میں شعور نامی کوئی چیز نہیں ایسے ریمارکس دیتے ہیں جیسے عدالت میں نہیں گلی کے تھرے پر بیٹھے ہوں,1
قومی اثاثے بیچنا بند کرو بیچنا ہے تو جاتی امراء کا محل بلاول ہاوس مےفئیر فلیٹس بیچو چوروں,0
مسنگ پرسنز مل گئے نا حامد میر تیرے مامے قدیر کو بھی تسلی ہو گئی ہوگی گشتینوں کے مسنگ پرسنز بھی افغانڈوستان کے کیمپوں میں سے ٹریننگ لے رہے ہیں اور جلد کتے کی موت مریں گے,1
پڑھے لکھے ایماندار لوگوں کو ٹکٹ دیا جائے خان صاحب اب موقع ھے نظام کو تبدیل کرنے کا آپ جس کو بھی ٹکٹ دو گے جیت جائے گا انشاء اللہ,0
میر جعفر نے بنگال کے نواب سراج الدولہ کے ماتحت بنگالی فوج کے کمانڈر کے طور پر خدمات انجام دیں لیکن پلاسی کی جنگ کے دوران اس نے اسے دھوکہ دیا اور میں انگریزوں کی فتح کے بعد دولہ کی جگہ لے لی,0
اقرار الحسن کل سے ہر یک کو ڈی ایم کر رہا ان میں سے صرف ایک یہ والا بھائی ابھی تک وان کا منتظر ہے,1
جب تک پاکستانی جرنیلوں کی کھوپڑیوں کے مینار نہیں بنائے جاتے یہ ملک اسی طرح برباد ذلیل وخوار رہے گا,1
دبئی کی زیبراکراسنگ پاکستانی آئین سے زیادہ مضبوط ہے جاگ قوم جاگ,0
گندی گندی آڈیوز لیک ہو گئی ہیں,0
انھوں نے کبھی کوئی مرد نہیں دیکھا نا اس لئے ہر مرد کو ننگا کر کے دیکھنا پسند کرتے ہیں ہیجڑے چوڑیاں پہن لو اور کسی کوٹھے پر بیٹھ جاؤ بغیرتوں,1
یہ جھوٹ بولتے تھکتا تک نہیں,0
پہلی بار کورونا نے کوئی نیک کام کیا ہے ان جیسے حرامیوں کو کچھ نہی کہہ سکتا کرونا ویسے اس کو ایکسٹرا لارج سائز کا کورونہ وائرس ہوا ہو گا یہ تو کرونا کی پوری نسل کھا جائے گا جتنا پیٹو انسان ہے یہ,1
شریف اور بٹھو خاندان نے ترقی کے نام ووٹ لے کر پاکستان کو کئی سال ترقی سے روک دیا قرضے لیے اور اپنے پر لگا دئیے ڈاکو راج نے غریب کے لیے مشکل کر دی زندگی,1
چلو اج بیچارے ججوں کو ضمانت مل جائیگی,1
حافظ جی آپ تو حافظ قران ھیں اسلام کو سمجھتے ھیں تو آپ باجوہ کی پاکستانی معیشت و عوام کیساتھ کی گئی بربریت کی پاکیسی کیوں نہیں بدل رھے یاد رھے حساب ادھر بھی ھوگا اور ادھر بھی ھوگا بے شک اللہ الحق ھے,0
ایک بار ان ججوں اور جرنیلوں کو بھی آٹا لینے والی لائن میں کھڑا کیا جائے تاکہ انہیں احساس ہوکہ غریب زندہ رہنے کیلئے روز کیسے مرتے ہے,0
اس لئے کیونکہ انہیں پتا ہے اگلی باری ان لفافوں کی ہو گی,0
ارشد شریف ہم شرمندہ ہیں تیرا قاتل ابھی زندہ ہے لیکن کوئی بات نہیں تمہیں شہید کروایا اس نے خود وہ کتے کی موت مرے گا اس کا انجام عبرتناک ہوگا,0
جیسے ہی عمران خان نے اسمبلی میں واپس جاکر اپنا اپوزیشن لیڈر پارلیمانی لیڈر اور چیرمین پبلک اکاونٹس کمیٹی لانے کا اعلان کیا ہے تب سے استعفے منظور ہو چکے ہیں ایسے کرواتے ہیں استعفے منظور,0
عظمی بخاری بہت خوش قسمت ہے کہ زرا سی شرم اور عزت نفس اسکے قریب سے نہیں گزری ورنہ قریبی گٹر میں شرم سے ڈوب مرنا تھا اسنے,1
شیروانی والا دلہا تھوڑا ادھیڑ عمر ہے لال جوڑے والی لڑکی کی بوتھی کیوں بنی ہوئی ہے,1
اور ظلم یہ کہ ٹی وی ہو نا ہو ڈاکہ ہو گا,0
پٹرول کے چکر میں قوم بھول ہی گئی کہ یہ دونوں مئی سے سوئٹزرلینڈ میں غائب ہیں اگر حنا ربانی کھر صاحبہ نے بلاول کی ٹریننگ مکمل کر لی ہے تو واپس آ جائے غریب عوام کا پیسہ یے,1
پاک فوج نے بھارتی فورسز کے بنکرز بھی تباہ کیےڈی جی آئی ایس پی آر,0
اور یہ بے غیرت ناچ رھے ھیں,1
کڑوا سچ نون لیگ اور پیپلز پارٹی کی شلواروں میں کرپشن کا ایک ہی ناڑا ڈالا ہوا ہے کسی ایک کا ناڑا کھینچو تو دوسرے کی شلوار اتر جاتی ہے,1
عمران پر حملہ کیس میں ملزم نے تفتیش کرنے والی جے آئی ٹی پر الزامات عائد کر کے وزارت داخلہ میں چیلنج کر دیا گیا اس ایک شخص کو گرانے کے لیے سارے کردار گراوٹ کی نچلی تہوں تک جا پہنچے ہیں,0
ساری حکومت میرے مقابلہ میں اتر آئی ہے مفتی کفائت اللہ مولانا فضل الرحمان کا ساتھ نہ چھوڑنے اور مدینہ کی ریاست میں عاصم سلیم باجوہ کا دائیاں ہاتھ بوجہ چوری کاٹنے کی تجویز پہ کفائت اللہ صاب کی بہن اور بھائی کے گھر چھاپے اور کم سن بچوں کی گرفتاری,1
ہزار میں آدھی دنیا کر سیر کر ڈالی پٹواریوں کے نیلسن منڈیلا اور اس کے نوکر نے,1
چاہے جو ہرباں ازمالوں اب خان کو روکنا ناممکن ھے,0
لائے ہیں ہم آئینہ سر شہر رقیباں اے چارہ گرو کوئی تو الزام لگاؤ,1
ابے او بکاو گھٹیا انسان ڈالر سے کراس کر گیا ھے ابھی تک بھونکنے کی آواز نہیں آئی یا مریم نوازشریف کے حکم کا انتظار ھے,1
گھڑی چور کی بیوی اس سے بڑی چور نکلی,1
کیسے کیسے شرمسار چہرے تھے سیکورٹی کونسل کی میٹنگ میں ایک دوسرے سے نظر چراتے ہوٸے مال ثو بنایا ہے لیکن گناہ کی کالک چہروں تک أ گٸ ہے شاٸد,1
باجوہ صاحب کاش اپ نے نواز شریف کی حکومت نہ گرادی ہوتی تو آج پاکستان ایشین ٹائیگر نہ بنتا عمران کی گورنمنٹ بھی تم نے گرائی نیوٹرل ہوکر لیکن پاکستان تباہ ہوگیا,0
ججز کو ہمت کرنی چاہیے طاقتور حلقوں اور سیاسی پارٹیوں کی جانب سے ججز پر جتنا بھی پریشر ہو انہیں چاہیے کہ ایک دفعہ ہمت کر کے آئین کے مطابق فیصلہ دے دیں اور دن کے اندر الیکشن کروا کر ملک کو استحکام کے راستے پر ڈال دیں,0
کا ٹرینڈ پینل سے کسی بھی طرح ہٹا نہیں پا رہے تھے تو مطیع اللہ جان کو اغوا کر لیا کہ سب شہری اس کو ریکور کرنے میں محو ہو جائیں لیکن مطیع کے ساتھ ساتھ آپ نے کو نہیں بھولنا کیونکہ یہ دونوں باتیں جڑی ہوئی ہیں,0
چوکیدار کے لئے عوام کا حکم دو,0
سندھ کے ضلع جامشورو میں چوبیس سالہ لڑکی وزیراں کو سنگسار کیا گیا اسکا باپ انصاف مانگ رہا ہے,1
زرا ان ضمیر فروشوں کی اوقات ملاحظہ فرمائیں اور آج ٹارزن بن رہے ہیں بیغیرت,0
سر اس حرام زادے غدار کی بکواس پڑھ لے اس کا تو کوئی بندوبست کرے,1
فوج نے پاکستان کو تباہ برباد کیا لہولہان کیا اور اب کہتے ہیں کہ نوازشریف تم پاکستان کو ٹھیک کرو جناب بابر افتخار یہ ہے وہ امپورٹڈ جتھا جس کو آج کل حکومت دی ہوئی ہے آپ نے,1
اوئے کسی گشتی ماں دی بچی تو ویڈیو ریلیز کر نوازشریف ببر شیر کو اپنی چھوٹی پیش نہ کر,1
ایکدم مناسب ہوگیا لمبے چوڑے چکرپاکستانی نظام عدل اور عدلیہ سب کی جان چھوٹی,1
مریم گیراجن تحریک انصاف کے سابق ممبر صوبائی اسمبلی علی ساہی پر لاہور ہائیکورٹ کے چیف جسٹس کا داماد ہونے کے ناطے عدلیہ پر اثرانداز ہونے کا الزام لگا رہی یے اس بیغیرت عورت سے کوئی پوچھے کہ راولپنڈی سے نون لیگی امیدوار قومی اسمبلی بیرسٹر عقیل لاہور ہائیکورٹ کے سابق چیف جسٹس,1
ہم لاکھوں کا مجمع لیکر عمران نیازی کا استعفی لینے آئیں گے عمران نیازی کو راہ فرار نہیں ملے گا لنڈے کا ارسطو احسن اقبال ہاہاہاہا ساری چور پارٹیاں مل کر دس ہزار بندے نہیں اکٹھے کر سکتیں پورے پاکستان سے اور یہ کہہ رہا لاکھوں کا مجمع لے کر جائیں گے در فٹے منہ بھئی آپکا,1
بیغیرتوں اور ابدرونی سہولتکاروں کا اجتماع,1
یہ وہ بیغیرت شخص ہے جو عمران خان دور میں کہتا تھا کہ بجلی روپے فی یونٹ اور پٹرول روپے فی لیٹر کر دونگا کسی کو ملے تو پوچھنا ضرور,1
وڈیو کی ناممکن بنا دی تاکہ ہم پکڑے نہ جائیں جج ارشد شریف کو تو فارغ کر دیا مگر جو اصل معاملہ تھا دبا دیا ججوں کا ٹولہ عمرانی اور جرنیلی ساتھی ایک طرفپاکستان کا بچہ بچہ دوسری طرف حالات یہ ہو گئے کہ آئین اور قانون کے حوالے عوام دے رہے,0
اگر نیوٹرلز کا بس چلتا تو سارا الیکشن راولپنڈی کی طرح نون لیگ کو جتا دیتے یہ الو کے پٹھے قابل اعتماد نہیں,1
نانی کراچی گئی تھی باپ کو عزت دلانے کے لیے بیچاری اپنا نوکر جیسا خاوند بھی گنوا بیٹھی,1
ڈرامہ کی بجائے اگر آپ کو واقعی شک ہوتا کہ ایون فیلڈ فلیٹس چوری کے پیسوں کے ہیں تو آپ برطانیہ کی نیشنل کرائم ایجنسی سے لڑکی کروا چکے ہوتے جیسے ایک سال پہلے ملک ریا کے ملین پاؤنڈ لڑکی ہوئے تھے,0
ایک محب وطن کیسے پاکستان کو شوباز اور زرداری جیسے چوروں کے حوالے کر سکتا ثابت ہوا کہ غلیزہ فالودی اسی اسٹیبلشمنٹ کی سہولت کار اور شریف و زرداری خاندان مولوی فضل اور والے اسٹیبلشمنٹ کے اس سیسٹم کے بینیفشری ہیں,1
نواز شریف نے قوم کو پچاس روپے والا اسٹامپ پیپر دیا جبکہ بیٹی نے کیلیبری فونٹ کا تحفہ,0
ایک اور واؤڈا آ گیا اگر تو اپنے دعوے کے سچے ہو تو اب ذرا پانچ دس سال پی ٹی آئی کے ورکر بن کر کام کرو کیونکہ عزت سب کو راس نہیں آتی,0
مریم ستٹنگ ججزلے خلاف کمپین چلوا رہی ہے کیا اسکو پوچھنے والا کوئی نہیں اب کسی کی توہن نہئں ہوئی یا اس کے لئے الگ قانون لاڈلا کون ہے اعوان سب جانتی ہے,0
سوموٹو بندال جواب دو کیا کوئ ستکاری محکمہ پولیس یا عدلیہ ارمی کے بندے کو سن سکتی ھے اریسٹ کر سکتی ھے اس کے کیس کا فیصلہ دے سکتی ھے اگر استعفی لیا بھی نے تو غداروں جواب دو حکومتنامنظور,1
جس تھالی میں کھایا اسی میں چھید کے مترداف ٹرینڈ پر خود تھالی فراہم کرنے والوں کو بھی بڑی پشیمانی ہوگی کہتے ہیں جس پر احسان کرو اس کے شیر سے بچو,0
ضلع بونیر وادی ایلم کور کی جانب سے خیبر پختونخوا کے دور دراز علاقوں میں گرم ملبوسات تقسیم کرنے کا سلسلہ جاری ہے تاکہ غریب بہن بھاٸیوں کو سردی کی شدت سے بچایا جا سکے,0
یہ ملین ڈالر تم چوروں نے دکھاوے کے لئے باہر سے خود راشن ڈیجیٹل اکاؤنٹ میں ڈالا ہے تم چور اچھی طرح جانتے ہو کہ اوورسیز تم سے اور تمہارے ہینڈلرز سے نفرت کرتے ہیں اس لئے کوئی اوورسیز پاکستانی روشن اکاؤنٹ میں ایک روپیہ بھی جمع نہیں کروا رہا,0
بس نام رھے گا الللہ کا اور راج کرے گی خلق خدا جو میں بھی ہوں اور تم بھی ہو,0
یی زلیل فیرون نالائق لاننتی شجاعت ایک پائو قبر میں ہی اس حرام خور کا پہر بہی غداروں کا ساتھ دیا بیغرت کے اللہ نی زبان کا کلام شین لییا ہی لانت اس حرام خور غدار پی,1
یہ ڈفر ہمارا مقابلہ کریں گے,1
حمزہ شہباز اور شہباز شریف کی ناجائز حکومت کو سنبھالا دیا ہوا ہے اور ضمنی انتخابات میں دھاندلا کروانے جا رہے ہیں عمران خان سے سیکیورٹی واپس لی اور اپنی معشوق مریم صفدر کو وزیراعظم کی سیکیورٹی دی آزاد صحافیوں پر غداری کے مقدمے بنا رہا ہے اور سؤر کہتا ہے سیاست سے دور رہو,1
آذادی صحافت کا منجن بیچنے والوں بکاو میڈیا کی اوقات جاتی امرہ میں سنیئے,1
پچھلے ماہ سے پورے امپورٹڈ سسٹم اور بیغیرت آئین شکنوں کو عمران خان کے خلاف ملا بھی تو کیا ملا توشہ خانہ لیکن عوام تو لفافے نہیں لیتی اب زرا سنیں رؤف کلاسرہ کی زبانی توشہ خانہ کی کرپشن,1
جس کامنہ پہلے ہی کالا ھو,0
یہ بلکل بھی صحیح مطالبہ نہیں کہ وہ کیوں دیں بھلا اصل نااہل اور استعفی کے مستحق تو باقی وہ ہیں جو اسکی موجودگی میں ٹیبل کی باقی کرسیوں پر براجمان ہوتے ہیں کھسی سالے,1
ہاہاہہاہہاہہاہاہاہاہاہاہۂاہاہۂۂ ہنسی نہیں رک رہی ہاہاہاہہاہاہاہاہاہاہاہا او میرا ٹڈ,0
آپ نے کبھی ایک ھرامی جو اپنی ماں بھن اور بیوی کی دلالی کرتا ھو دیکھا ھے آج دیکھ میں اس ھرامی کو,1
خیرات پر پلنے والے خیراتیے ٹیکس ایک دھیلے کا نہیں دینا لیکن سبسڈی چاہیے ہر چیز پر,1
اور ناظرین اپوزیشن کی پر جاری گندی سیاست کا باب بند ہونے کا وقت آ گیا ہے یہ پاکستان کی پہلی میٹرو بس سروس ہے جو کسی سبسڈی پر چلنے کی بجائے نہ صرف اپنا وزن خود اٹھائے گی بلکہ اپنی تعمیر پر ہونے والے اخراجات بھی اپنی کمائی سے خود ہی ادا کرے گی,1
پاک فوج کو سلام مگر چند غدارون پر تھو اور سب پاکستانیون سے اپیل ھے کہ لیکھو,1
جسکو ٹیگ کررہا ہے نا تو یہ اسی مادرچود حرام النسل گانڈو کی بیٹی ہے,1
چور ڈاکو نشیبی فراڈیے نوسرباز کو صادق اور امین کا لقب دینے والے جواب دیں,1
میں جنوری کو پاکستان واپس آ رہا ہوں نواز شریف کا پٹواریوں کو پیغام,0
عمران خان کے سالہ دور میں وزیراعظم کے کیمپ آفسز پر ایک روپیہ بھی خرچ نہیں ہواانکشاف ہوا ہے کہ نواز شریف یوسف رضا گیلانی اور راجہ پرویز اشرف نے سال میں کیمپ آفسز پر کروڑ روپے سے زائد خرچ کیے,0
اور اس نیازی گوگی پنکی مانیکہ وغیرہ نے تو خیر سے اپنے ااثاثے گھٹا گھٹا کر قوم پر لگائے صیح کہتا ہے باجوہ کو کرپشن سے کوئی مثلہ نہیں تھا,0
ملک پر کن بے غیرتوں کی حکمرانی ہے,1
دیکھو میری حالت یوتھنیوں کے آنے کا بھی انتظار کرتی ہوں کیونکہ جس طرح عثمان بزدار تھوڑا سا ٹرین نہیں ہوں نا میں بھی تھوڑی سی اکیلی ہوں نا,1
ہاں جی کنیڈا نوں بلاک مارتا اے کے ہلے نئی,0
اور آپ پاکستان لندن جاٸدادیں بناتے جاو,0
چند ٹکوں میں بکنے والے صحافی اس قوم کو اخلاقیات سکھا رہے ہیں واہ لفافوں واہ,1
ان سب مراعات کے باوجود اگر ملکی مفاد پر سودے بازی ھوتی ھے تو اس بے شرم زندگی سے موت اچھی,0
جناب بلاول زرداری کھسرے نما انسان کراچی کی تباہی پر تیرا ٹویٹر گونگا ہو گیا ہے آؤ کوئی پریس کانفرنس کرو اور بتاؤ کہ ہم نے کراچی کو پیرس بنا دیا ہے ہمیں پاکستان کی حکمرانی دے دو ہم اسے بھی پیرس بنا دیں گے,1
دیکھتے ہیں کہ آج حامد میر کاشف عباسی منصور علی آسمہ شیرازی ثناء ٹچہ بینش سلیم سمیت کتنے اینکرز اس زبان کی مزمت کرتے ہیں,1
دنیا جہاں سے وائرس آئے اب تو برطانیہ سے بھی وائرس آ گیا لیکن وہ بے غیرت نہیں آیا جو دوائی لینے گیا تھا,1
بغلول وہ واحد بندہ ھے جس کو پاکستان کے فیصد لوگ برا بھلا بھی کہتے ھیں اور نفرت بھی کرتے ھیں اور میر جعفر بھی سمجھتے ھیں,1
حکومت کے مطابق آٹے کے ذخیرے اور فلور ملز کو فراہمی سمیت اس کی قیمتیں مقرر کرنا بھی صوبائی حکومتوں کے دائرہ اختیار میں آتا ہے,0
وہ تو تم جیسےبھکاری اور تمہارے گیدڑز چور اور چوکیدار سالوں سے یہودیوں اور بھارتیوں کو چاٹ کر کھارہے ہیں,1
سنا ہے ایک بیروزگار اپنی بیروزگاری کے ہاتھوں مجبور ہو کر شرفا کی موجودگی کو بھول کر تماش بینوں سے ویلیں سمیٹنے کے لیے ٹھرک ٹھرک کر زلفیں لہرا لہرا کر خوب ناچا شرفا بےحیائی کے اس ننگے مظاہرے پر شرم سے پانی پانی ہو گئے,1
مطلب کہ پرویز الہی ابھی بھی کی خاطر صفائیاں پیش کر رہا ہے امید ہے انشاء اللہ اگلے الیکشن کے بعد اس جیسے دوغلے منافقوں سے بھی جان چھٹ جاۓ گی,0
یہ باجوہ صاحب کو میری طرف سے ضرور دکھائیے گا,0
نواز گنجے کی بیٹی کے پاس ایسی کونسی ویڈیوز ھیں کے سارا ملک اس مجرمہ کو سجدہ کررھاھے,1
جنرل عاصم دو روز پیشتر ریٹائر ھو رھے ہیں وہ اس فہرست میں قانونی طور پر شامل ہی نہیں ھو سکتے قوم ایک غدار کے بعد ان غداروں کے لگائے گئے نئے کو قبول نہیں کرے گی,0
دوبارہ آرہا ہے انشاللہ تسبیح ہاتھ میں لئے ہوئے اياك نعبد ؤاياك نستعين کہتا ہوا پھر آرہا ہے انشاللہ,0
نواز شریف اتوار کو ہونے والی میں ویڈیو لنک کے ذریعے شرکت کرنے پر آمادہ ہوگئےبلاول زرا وہ لیگیے اور گماشتے سامنے آئیں جو کچھ دن پہلے عدلیہ کی جانب سے بلانے پر کہہ رہے تھے کہمیاں صاحب علاج کے بغیر واپس نہیں آنا پس ثابت ہوا نواز شریف علاج کیلیے نہیں ڈر کے لندن بیٹھا ہوا ہے,1
ہم کروڑوں صحت کارڈ بنوا کر اخباری اشتہار بھی دیں تو ہو جاتے ہیں بدنام وہ چند لیٹرین بنوا کر اوپر اپنی تصویریں بھی لگوا دیں تو چرچا نہیں ہوتا,0
فرمائشیں ویکھو چور ٹبر کی دادی تواڈی مری ہے باپ بھائی تیرے اشتہاری اور اطلاع حکومت دے بنتا ہے بھائی بنتا ہے,1
نیب لاہور پر پتھراؤ کیونکہ اس وقت پیش ہورہی تھی اور پتھر بھی اسی کی گاڑی میں رکھ کر لائے گئے کیونکہ یہ پورے ہے جو سسرالیوں اداروں کو گالیاں بھی دی تو گھر کی بات ہوتی ہے انشاءاللہ,1
کا اس ملک میں کسی چور کی بھی پراسرار موت ہوئی ہے یا صرف انہی کی پراسرار موت ہوتی ہے جنکے پاس چوروں کی کرپشن کے ثبوت ہوتے ہیں ڈاکٹر رضوان نے موت سے کچھ روز قبل بے حد اصرار پر ایک سابق نون لیگی رکن پارلیمنٹ کے ساتھ کھانا کھایا تھا اسپر کوئی سوموٹو بنتا ہے یا نہیں,1
آپ کا بہترین صحافی کون ہے اور کیوں ہیں اپنی رائے کمنٹ میں ضرور دیں شکریہ,0
نیوٹرلز کچھ حیا نوں ہتھ مار لو,1
جب اس گھٹیا خاتون کو کچھ کہا جاتا ھے تو اپنی دفعہ رونا شروع کر دیتی ہے کہ میرے بچے سے بھی میرے بارے میں اسکول میں سوال کیے جاتے ہیں کہ تمہاری ماں نوازشریف سے پیسے لیتی یے,0
پیپل پارٹی زندہ باد کے نعرے لگاتی نفسیاتی مریضہ,1
باخدا اس منحوس کی باتیں سمجھ نہیں آ رہیں جب تیل کی قیمت بڑھائی تو کہا کہ ملک بچ گیا اب ایک ہفتہ کے اندر پھر اپنی منحوس شکل لا کر سری لنکا کی مثالیں دے رہا ہے ان بیغیرتوں نے ملک کو جان محمد کی پرچون کی دکان بنا دیا ہے جو ہر روز دیوالیہ ہو جاتا ہے,1
کتے والی حرکتیں کنجری کے بچے ہی کرتے,1
نوازشریف جب اپنے دوست نرندرہ مودی کی تقریب حلف برداری میں گیا تو حریت کانفرنس کے رہنماؤں نے ملنے کا وقت مانگا نواز شریف کا جواب سنیے,1
نواز شریف نے موبائل کو بہت مضبوطی سے پکڑا ہوا ہے لگتا ہے کوئی نئ فلم آنے والی ہے,0
حلقوں میں عمران خان خود الیکشن لڑیں گےاسد عمر,0
بھڑوی رکھیل تجھے کس نے پوچھا چل دفع ہو منحوس عورت,1
سپریم جوڈیشل کونسل جج صاحب آپ نے بیرون ملک جائیدادیں کیسے بنائیں جج عمران خان کے گوشوارے دکھائیں مزید برآں میرے آبا واجداد نے پاکستان بنانے میں اقلیدی کردار ادا کیا طریقہ واردات سنا سنا سا لگتا ہے,1
ایک اور منشیات فروش جو عمر قید کی سزا پر ضمانت پر رہا یے کو شوباز شعبدہ باز کا معاون خصوصی بنا دیا گیا اس امپورٹڈ حکومت پر لعنت اسکو لانے والوں اور سپورٹ کرنے والوں پر لعنت,1
پاکستانی پختونوں نے افغان جھنڈے کو افغانوں کی نمک حرامی میں پیروں تلے روند ڈالا,1
کچھ وجوہات تو میں نے لکھ دیں باقی اور بہت ساری مصیبتیں بڑے پیٹ والوں کو نظر آ رہی ہیں پاکستان میں ہمیشہ احتساب کا ڈرامہ کیا گیا ہے,0
واہ واہ ماشاءاللہ حلال کے نان پکوڑے حرام کے ان کھابوں سے لاکھ کروڑ دفعہ بہتر ہیں,1
اللہ مرحوموں کو جنت الفردوس اور لواحقین کو صبرے جمیل عطا فرماۓ,0
شہباز شریف میں نے اربوں کے اثاثے دس بھینسوں کا دودھ بیچ کر بنائےاگلی پیشی پر بولے نہیں میں تو انڈے مرغیاں اور کٹے بھی بیچتا ہوں موجودہ حکومت نے جب غریب عوام کے لئے مرغی پال پروگرام کا آغاز کیا تو شہباز شریف اور دیگر لیگی قیادت کیا کہتے تھے,1
آج لاہور بار کے الیکشن میں تحریک انصاف کے حمایت یافتہ امیدوار نے ن لیگ کے وزیر قانون اعظم تارڑ اور احسن بھون کے امیدوار کو ووٹوں سے عبرت ناک شکست دے دی,0
یہ حرامی سارا ملک گروی رکھ کر لوٹ کھسوٹ کرکے اجڑا ہوا ملک خان کے حوالے کر گئے تھے تاکہ خان ناکام ہو جائے,1
یہ یے حقیقت ان بھگوڑوں کی زرا سی غیرت ہوتی تو لڑتے ہوئے جان دے دیتا لیکن اس نے بیغیرتوں کی طرح تاجکستان بھاگنا مناسب سمجھا,1
یہ دنیا مکافات عمل ہے مریم نواز عمران خان کو طعنے دیتی تھی لوگوں کو کہتی تھی یہ بھاگ جاۓ گا اسکے بچے لندن میں ہیں اسکا سب کچھ لندن میں ہے یاد ہے نا سب کو پھر اس کا ابا بھاگ گیا جسکا سب کچھ لندن میں ہے جسکے بچے لندن میں ہیں سچ کڑوا ہوتا ہے,1
یہ نہوست ساری دنیا کے کرپٹ لوگوں کے لیے عبرت کا نشان بن گئی ہے ان بیغیرتوں نے پیسا تو بہت لوٹا لیکن عزت نہیں کمائی,1
پاکستان ٹیکنکل ڈیفالٹ کر گیا اس امپورٹڈ سرکار اور آئین شکن جرنیلوں پر لعنت,1
اگر استعفے منظور کرانا عمران خان کی پلاننگ تھی تو پی ٹی آئی خوش ہونے کے بجائے سپیکر کو گالیاں کیوں دے رہی ہے,0
میں عمران خان کو ووٹ دینا چاہتا ہوں مشہور فلاسفر مصنف قانون دان اور نوبل انعام یافتہ نوم چومسکی,0
کتاب سادہ رہے گی کب تک کبھی تو آغاز باب ہوگا جنہوں نے بستی اجاڑ ڈالی کبھی تو انکا حساب ہوگا,0
کہیں کی وجہ سے تو نہیں مل رہا شرم کرو بیشرم کھوتوں,1
اور وطن کا ہر غدار اپنی ماں بہن بہو بیٹی کا بلاد کار ہے باجوہ غدار نا قابل قبول,1
کھسری کے پیچھے چلنے والے سب کے سب بیغیرت ہے,1
نیم کا پتا کڑوا ہے بادشاہ ہے,0
ملک ریاض کے بعد جہانگیر ترین ثاقب نثار علیمہ نیازی کے خلاف بھی برطانیہ نے منی لانڈرنگ انکوائری شروع کردی,0
اس غدار کو تو کوئ چار آنے بھی نہ دے پلیز جس نے ماں بیچ دی ہو اس سے اچھائ کی کوئ امید نہیں,1
اب خان نہیں رکھے گا اس کو روکنا مشکل ہی نہیں ناممکن ہے,0
ایک وقت تھا جب ہم کہتے تھے فوج میں جائیں گے مگر اب پراپرٹی ڈیلرز جیسے لوگ ہمارے اوپر مسلط ہوں اس سے بھتر ہے ہم کپتان کے ساتھ ہوں,0
چیف جسٹس اطہر من اللہ نے پوچھا کہ کس میں اتنی ہمت ہے کہ پولیس کی وردی میں بندہ اٹھالے پولیس کی وردی پہنے پولیس کی گاڑی جیسےاشارےلگائے کون پھرتا رہا,0
جیسے کتے کو کھیر راس نہیں ویسے پاکستانی اپوزیشن کو عزت راس نہیں,1
ایک وقت تھا جب کوئی فوج کے ٹاپ لیول کےجرنیلوں کےخلاف لفظ بھی بولتاتھاتومیرےتن من میں آگ لگ جاتی تھی لیکن اب ایسانہیں ہوتااب میں نیوٹرل ہوکرسنتارہتاہوں الحمداللہ,1
بھائی کوئی ریڑھی لگا لو اور اپنے آپ کو رکھو ورنہ تم پاگل ہو جاؤ گے تیری اوقات تو لفافے کی بھی نہیں ہے گدھے,1
کا جو یار ھے غدار ہے غدار ھے,1
پی ڈی ایم نے پچھلے ماہ کے دوران ساڑھے چھ کھرب روپے کا قرضہ لیا ملک کا پھر بھی بیڑہ غرق کر کے رکھ دیا شکریہ کس کا ادا کرنا ہے,0
پیپلز پارٹی کے وزیراعلی کا ایک اور جھوٹ پکڑا گیا ایک بھی وینٹی لیٹر نہ ملنے کا دعوی جبکہ کے پاس وینٹی لیٹرز کی ڈلیوری کی رسیدیں موجود ہیں,1
پاکستان کی تاریخ کا بد بخت انسان جسے قدرت نے اپنی غلطی سدھارنے کے کئ مواقع فراہم کیئے لیکن وہ ابلیس کی طرح اپنی غلطی پر ڈٹ گیا اور ذلیل وخوار ہو کر نکلا,0
کیاسانپ پال رکھےہم نے کراچی میں قتل و غارت کیلئےبھارت فنڈز دیتاکی دہائی میں بھارت سےرابطے ہوئےہم بھارتی پالیسی پرچلتےرہےالطاف حسین قتل و غارت کرواتاکسےجلانا کسےتشددکرکےمارناکسےقتل کرنایہ مشورےدینےوالےابھی تک معززبنےبیٹھے سب بتانےکوتیارہوں الطاف حسین کادست راست محمدانور,1
وہ پوچھنا یہ تھاکہ اگر بلاول اتناہی بڑالیڈرہے تواس کی پریس کانفرنس پر پی پی والوں کو آج کیوں وضاحتیں دینی پڑ رہی ہیں ہماری قوم کا المیہ ہی یہی ہےبس زرداری کاپٹر کھسرابھی ہوتولیڈر نواز شہباز کاپتر سرعام زناکرتا پکڑاجاۓ تو بھی لیڈر کیونکہ بڑےباپ کےبیٹےجوہوۓ افسوس ذہنی پستیوں پر,1
ہم مل کہ بار بار ہنسے پھر میں نے ٹویٹ دیا پھر ہنسی آرہی ہے,0
اپوزیشن کے پٹ سیاپے کا ٹائم ہوا چاہتا ہے,1
عمران خان ایک بہادر انسان ہے جس نے اس قوم کو ان کمینوں کی حقیقت بتائی,0
خان صاحب وڈیو پبلک کریں اور نام لیں ان مکروہ کرداروں کا جو لیاقت علی خان سے لے کر زولفقار علی بھٹو اور بینطر بھٹو کے قتل میں ملوث ہیں نام لیں ان جرنیلوں کا جو شریف اور زرداری خاندان کے جوتے چاٹتے ہیں اور خوددار لیڈران کے خلاف سازشیں کرتے ہیں انشاءاللہ انکا عبرتناک انجام ہو گا,1
جس کنجر کی بیوی کے انڈر گارمنٹس تک ملک ریاض کے پیسوں سے آتے ہوں وہ کہہ رہا ہے کہ مجھے چینل نے بولنے سے روکا ہے اور کنجرا اگر یہ کام فوج یا حکومت نے کیا ہوتا تو تم نے پوری دنیا کو ٹیگ کر کے پاکستان کوبدنام کرنا تھا تم سب لفافے ملک ریاض کے پالتو ہو,1
امپورٹڈ حکومت اور امپورٹڈ انسٹا اسٹوری دونوں لانچ ہوتے ہی فلاپ ہو گئیں,1
مریم نواز کو روپے کا سپر بسکٹ کھلا کر کہتی ہے میرے ساتھ رہو گی تو عیش کرو گی,0
ذرائع کا کہنا تھا کہ عمران خان آج لاہور تنظیم کے ساتھ اس حوالے سے مشاورت کریں گے اور باقی تنظیموں کے ساتھ بھی مرحلہ وار میٹنگز کریں گے,0
ڈوب کر مرجاؤ لوگوں کا ری ایکشن چیک کرو اپنی ٹوئٹ پر اللہ تعالی کی لعنت ھو تم سب غداروں پر جنرل پاشا بھی بالآخر بول پڑے تم لوگوں کے خلاف,1
آپ ایسے کریں پاکستان کے چیف سائنٹسٹ کو بتا دیں کہ وائرس میں کرومعزومز ہوتے ہی نہیں ہیں ڈی این اے یا آر این اے ہوتا ہے اور یہ والا آر این اے والا ہے دوسری بات چیف صاحب کو بتائیں کہ میوٹینٹس کے زیادہ یا کم خطرناک ہونے کے ڈیٹا کا کوئی وجود نہیں,0
صاف کہتے ہیں سر لانت ہے باجوہ اور اسکے چمچوں پر دو,1
ہم ووٹ اس ہستی کو دیں گے جس نے یہودیوں کے گھر میں کھڑے ہو کر کہا تھا حضرت محمد صلی علیہ وسلم ہمارے دلوں میں بستے ہیں انشاءاللہ,0
موٹیویشنل اسپیکر قاسم علی شاہ نے اپنی ساری زندگی کی کمائی ہوئی عزت عمران خان کے خلاف بول کے صرف ایک منٹ میں لٹا دی,0
پاکستان میں صرف ایک ہی لیڈر ہے اور وہ ہے صرف عمران خان,0
ثاقب نثار نے جج کو حکم دیا الیکشن سے پہلے نواز شریف اور مریم چھوٹنے نہیں چاہئیں سابق چیف جج گلگت بلتستان کا انکشاف,1
چول آدمی بکواس بند کر تجھے صبح شام گالیاں پڑتی ہیں پھر بھی آ جاتا ہے دوبارہ گالیاں کھانے,1
بے شرم رجیم پریشان ہے کہ عمران خان کو کیسے روکا جائے جبکہ انکو یہ سمجھ جانا چاہئے کہ اگر کوئی بندہ کسی مشن پر ہو تو اسکو روکنا مشکل ہوتا ہے,0
یہ وہ لوگ ہیں جو خود کو تنخواہ دار ملازم کہلوانے پہ راضی نہیں اور ممبران اسیمبلی کو بار بار لوٹا کہہ رہے ہیں اگر آپ کو عزت چاہئیے تو عزت دینی بھی ہو گی ورنہ آپ گالیاں سنیں گے,0
اپنا ملک توبہ کر کے اور گروی رکھ کر ہمارے پیسوں پر دورے کر رہا ہے یہ بے شرم,1
لفافوں میں اضافہ کرانے کی جنگ میں غریدہ فاروقی پیش پیش,1
باپ کو جوتا پڑا تھا آج بیٹی کو سٹیج پہ چھڑی لگ گئی زلیل ہو گا یہ پورا خاندان ساری دنیا دیکھے گی مریم کو شاہدرہ میں کسی نے سر پر چھڑی مار دی بہت بےغیرت ہیں انکے کارکن کوئی ہاتھ پھیر رہا ہے کوئی چھڑی مار رہا ہے,1
لینے کے چکر میں میں نے جرنیلوں اور ججوں سے اتنا بڑا سوراخ کروا لیا تھا پھر مجھے سرجری کروانی پڑی مریم استری,0
شکل مومناں تے کرتوت کافراں کھوکروں دستگیروںخواجوںجاوید لطیف کے بعد پیش ہے ماہزہ حمید گجر,1
ہمیں ارتغرل ڈرامہ کے بجائے اپنے کلچر پر ڈرامے بنانے اور دکھانے چاہیےنفیسہ شاہ اپنے کلچر کا ایک ڈرامے میں احاطہ کرنا بڑا مشکل ہو گا راشن چوری جعلی اکاؤنٹ زکوۃ خوری بھتہ خوری گندم چوری ایان علیعزیز بلوچ را ایجنٹ اور مسٹر اتنا مواد دکھانے کے لئے سیزن چاہیے,1
تالیاں تو سرکار پھر اس کا اعتراف کب کر رھے ہیں رجیم چینج کے پیچھے بھی انڈیا کا ہاتھ ھے را کا ایجنٹ تھا پھر ایسی صورت میں فوج اور عوام کو کیا کرنا چاہیے,0
سری لنکا کا آرمی چیف ملک سے فرار ساڈی واری کدوں,0
خاتون اسسٹنٹ کمشنردالبندین کی سمگلرزکےخلاف بڑی کاررواٸی پر ڈی سی چاغی فتح محمدخجک ناراض کہ سمگلروں کےخلاف کاروائی کیوں کی کروڑوںروپےمالی کےمنشیات کیمیکلز لےکرتھانےپہنچیں توحکام نےاسےقبضےمیں لینےسےانکار کردیا سنیں اسسٹنٹ کمشنرعائشہ زہری سےاورسوچیں,1
کوئی خاص نہیں بس تھوڑا سا,0
اتنی ٹویٹس اور ری ٹویٹس کر جاو کہ باجواے کو پتہ چلے کہ ففتھ جینریشن وار کے اصل سپای پی ٹی ای کے ہی نوجوان ہیں,1
یہ گدھیں شکلیں بدل بدل کر پاکستان کو پچھلے سالوں نے نوچ رہی ہیں جب تک ان کدھوں کا سیاست سے صفایا نہیں ہوتا پاکستان کبھی آگے نہیں بڑھ سکتا,0
اوئے ذھنی مجذوب خچر اعلی تو وزیراعظم کا استعفی ایسے مانگ رھا ھے جیسے قطری مریم مانگ لیا کرتے تھے,1
پاکستان کے آخری وائسراۓ صاحب ہماری جڑوں میں بیٹھ چکا ہے باجوہجنرل رانی گوالمنڈی ی قادیانی ہماری جڑ,1
افسوس ہوتا ہے ابنے ملک کی یہ حالت دیکھ کر یہ بے شرم اور کتنا گریں گے,0
ستار چودھری نے اپنی کتاب میں رنگیلے خاندان کی قانونی اور غیر قانونی مجاں کی تفصیل بیان کی ھے,1
اگر نیب قوانین میں ہماری مرضی کی ترامیم نہ ہوئیں تو بل پاس نہیں ہوگا اپوزیشن اگر میوچل لیگل اسسٹنس بل میں ہماری مرضی کی ترامیم نہ ہوئیں تو ہم ووٹ نہیں دیں گے اپوزیشن حکومت نے دونوں بل اپوزیشن کی شرائط کے بغیر منظور کروا لیے یہ اوقات ہے اپوزینش کی اور باتیں حکومت گرانے کی,1
ملک دیوالیہ ہونے کے قریب ہے اور ہمارے ہر دلعزیز امپورٹڈ شوباز شعبدہ باز نے وزیراعظم ہاؤس کا سوئمنگ پول ساڑھے سات کروڑ میں مرمت کرا لیا ہے اب اسی سوؤمنگ پول میں ڈوب جا بیغیرت,1
کبھی فلیگ مارچ میں پرزن وینز دیکھی ہیں,0
نادیہ مرزا اچھی بھلی درمیانی عقل کی صحافی تھی بیچاری جب سے راتب خوروں کی لسٹ میں شامل ہوئی جو تھوڑی عقل تھی وہ بھی جاتی رہی یہاں فواد چوہدری سے قانون پر ٹیوشن لے رہی یے,0
یااللہ تو برحق ہے ان نیوٹرلز کو ان کی انا پر ضرور پکڑنا ان کے غلط فیصلے اور اناپرستی نے اس قوم کو کہیں کا نہیں چھوڑا انہیں عبرت کا نشان بنا دے آمین دو,1
گیڈر کی موت آ رہی یے اور وہ شہر کی طرف دوڑ رہا ہے,1
لگتا ھے پاک فوج اب بیغیرتوں کا ٹولا بننے جا رھی ھے کب جاگیں گے غیرت مند فوجی افسران جب سب تباہ و برباد ھو جائے گا اور کچھ باقی نہیں بچے گا عوام متنفر ھوتی جا رھی ھے,1
چلیں یہ لوگ تو بے ویلیاں مارتے رہیں گے یہ لیجئے ایک اور ویڈیو اور دیکھئے کیسے وہ عورت دھمکیاں دے رہی ہے کہ آئ ایس آئ سے تمھیں اٹھوا دوں گی یہ آئ ایس آئ کب سے لوگوں کے لو افیئر ڈیل کرنے لگی ابھی اور ویڈیوز بھی ہیں حاسدین اور عثمان کے رشتے دار مت دیکھیں,1
نام بھی لو نا میرے بھائی ڈرنا چھوڑ دو اب,0
مائی اپنے گھر کا کنجر خانہ اپنے گھر تک رکھ,1
حیرت ہوتی ہے کیا کیا حرکتیں کی ہیں,0
ان حرامیوں کو سبق سکھانا پڑے گا یہ بیغیرت مظلوم کو ہی چپ کرانے میں لگے ہیں خود یہ کنجر اپنی حرکتوں سے باز نہیں آ رہے ہم پر ان کا گھیراؤ کرنا لازم ہے اب,1
ہونے کی وجہ سے کی بیٹی ہونے کی وجہ سے کی بھتیجی ہونے کی وجہ سے,0
چوکیدار کو توڑنے کے لیے اسکی بیوی کو برہنہ کرنے کے ہتھیار کو استعمال پر عورت مارچ والوں اور انسانی حقوق کی تنظیموں کو بھرپور احتجاج کرنا چاہیئے,0
یہ حونک پاکستان پر باجوے نے مسلط کیا,0
ایک منٹ کےلیے موٹرسائیکل کی چابی مانگنے والو کو گرفتار کرنے کا فیصلہ,0
فوج کا کام بس ملک کی دلالی کرنا رہ گیا ہے جو سیاسی جماعت زیادہ دے اسے حکومت دو حصہ لو خان نہ کھاتا ہے نہ کھانے دیتا ہے,1
تم جیسے کتے بھونک سکتے ہو بھونک لو اس سے کوئی فرق نہیں پڑتا,1
جہاں ایک طرف تو انسان نے چاند فتح کر لیا تو دوسری طرف انسان اس پستی سے باہر ہی نہ نکل سکا ـبرصغیر پاک و ہند پر جب انگریزوں نے حملہ کیا اور ہندوستان پر قابض ہو گئے لہذا بر صغیر کے لوگ ہر طرح سے انگریز سرکار کے غلام ہو گئے,0
عمران خان کا قصور یہ تھا کہ اس نے ملکی وسائل سے ہی ملکی مسائل کا حل نکالنے کو ترجیح دی معاشی خودمختاری کا خواب پورا کرنے کے لیے اقدامات اٹھائے,0
دل دیا ہے جان بھی دیں گے,0
یہ بغیرت اپنی پینٹ اوترواے گا اب بھوت جلدی اور ساتھ مین پاک فوج کو بدنام کر رھا ھے میری فوج سے درخوات ھے ایسے پاگل کوتے کو گولی مار دین جیس کے اندر غیرت اور پاکستان سے پیار ھے وہ,1
مہنگائ ہو تو وزیر اعظم چور ہوتا ہے ڈالر پشاور کھڈا میٹرو جنگ میں بھی آرمی چیف کی توسیع نہیں ہوئ لیکن ابو تین,0
صنم جاوید کی مولانا فضول ڈیزل کے ساتھ انٹریو,0
بغیر کسی ریفرنس کے جو سیاسی لوگ جیلوں میں بند ہیں ان کی رہائی کے لئے چیف جسٹس سپریم کورٹ کو از خود نوٹس لینا چاہئیے آخر اس سارے معاملے میں الزام تو عدلیہ پر بھی آے گا,1
بھارتی اداکار کو ڈپریشن ہوا اورخودکشی کر لی پاکستانی اداکار کو ہارٹ اٹیک ہوچکے ہیں پلیٹیں بھی مک گئیں لندن بھاگ گیا پر مجال ہے ایک ٹرائی بھی کی ہو,1
نجم سیٹھی نے جن پنکچر کی پیشنگوئی کی تھی آج وہ پوری ہوگئی,0
پاکستانی قوم کو تباہ کرنے والے نیازی چور,1
جناب اعلی وہ بیماری کے عالم میں کام کر رہے تھے غریب عوام کے لیے یا اپنی نالائقی اور نا اہلی کو چھپانے کے لیے میڈیا سٹریٹیجی بنا رہے تھی اتنی بیماری کے باوجود,0
ان کو کون سی شرم آتی ہے جو منہ چھپانے پر جائیں گے عمران بھائی آپ بھی کبھی کبھی کیسی باتیں کرتے دو,0
نیوٹرلز کا اقبال بلند ہو ایک مفرور مجرم کو سندھ کا گورنر بنا دیا گیا پاکستانیو دیکھتے رہنا,0
پاکستان کی تاریخ کا منحوس ترین لمحہ جب سیکیورٹی ادارے سوتے رہے اور وہ مرد قلندر اس نظام پر لعنت ڈال کر اسکو ایکسپوز کر کے اپنی ڈائری اٹھا کر وزیراعظم ہاؤس سے چلا گیا اسکے بعد کیا ہوا وہ ہماری تاریخ کا حصہ ہے,1
شریف ٹبر کے دو ہی شوق پاکستان وچ سڑکاں بنانا تے لندن وچ سڑکاں تے پھرنا,1
سٹیفن سیکر آپ کی کتنی جائیدادیں ہیں مجھے صرف اس بات کا جواب دیں حامد میر جعفر آپ کی کتنی جائیدادیں ہیں فضلو میرے دوستوں نے لے کر دی ہیں فضلو اور حامد میر ہا ہا ہا ہا ہا ہا,1
فوج جوکیداری کرے جس کی تنخوا ملتی ہے,0
آپ لندن سےپاکستان آگئےآپ نیب میں پیش ہوچکےآپ کل نیب سےبچنےکیلئےگھر در گھربدلتےرہےآپ آج عدالت میں بیسوؤں لوگوں میں گھلےملےنظرآئےکہیں بھی آپ کروناسےاتناخوفزدہ نظر نہ آئےجتنا نیب میں موجودکروناسےخوفزدہ ہیں ویسےیہ تو بتا دیں کل نیب سےکس نے اطلاع دی تھی کہ ہم آ رہےآپ نکل جائیں,1
پاکستان میں ڈاکٹر کرونا سے مر رہے اور شیخ چلی شاخ کاٹتے ہوئے ٹررا رہے,0
اگر ہم چاہتے ہیں کہ ہم دنیا کی ایک عظیم قوم بنے تو ہمیں اپنے ملک میں قانون کی بالادستی کے لیے کام کرنا ہوگا ہمیں حق کے ساتھ کھڑا ہونا ہوگا اور برائی کے خلاف کھڑا ہونا ہوگا یہی ہمارے قرآن کا حکم ہے,0
ن لیگی ہو اور دس نمبریا نہ ہو یہ بھلا کیسے ہو سکتا ہے گوجرانوالہ سے ن لیگی ایم این اے ذوالفقار بھنڈر نے اپنے بیٹے فرحان کی جگہ کسی اور کو امتحان میں بٹھایا پکڑے جانے پہ موصوف نوازشریف اور شہباز شریف بن گئے اور کہا جی فرحان تو میرا بیٹا نہیں جائیں اسکو پوچھیں,1
جی نہیں ہم سننے اور سنانے والے قوم ھیں یہ جزبہ ملک ترکی میں ھے یہاں ہمارا مثال مال مویشی اور رکھوال ایک فرد ھے سازش نہیں مداخلت ھوی ھے,0
آہ تھو تھو تھو فسادی فتنہ عورت مریم نانی بھگوڑی,1
تم خوش ھو جاؤ وفات پا گی کتنا شوق ھے تم لوگوں کو کو زمین بوس کرنے کا آپ سے نہ ھو سکے گا یہ ستی بھائ,0
مریم صفدر کی لیکڈ آڈیو سے پتا چلتا کہ کہ کیسے وزیر مشیر اور ممبران پارلیمنٹ مریم صفدر کے سامنے جواب دہ تھے نون لیگ اور پیپل پارٹی موروثیت کی بھیانک ترین مثالیں ہیں سنیے ڈاکٹر شہباز گل سے,0
عمران خان ایک ایسا نڈر شخص جو جس کام کو کرنے کی ٹھان لے پھر کبھی پیچھے نہیں ہٹتا چاہے وہ کڑکٹ کا میدان ہو یا سیاست,0
یہ سب بے غیرت لوگ ہیں ان کو صرف اپنی سیاست بچانی ہے بس چور سب مادرچود ان کو کوئی فکر نہیں ہے مسلمانوں,1
حامد میر بےغیرت انسان نے مولانا صآحب کی تزلیل کی اس آدمی نے حامد میر کو کہیں کا نہیں چھوڑا,1
بیمار ریلوے ملازم ادویات کے لیے تنخواہ کے انتظار میں چل بسا,0
سابق صدر جنرل ر پرویز مشرف طویل علالت کے بعد برس کی عمر میں دبئی میں انتقال کرگئے,0
اگر دانیال عزیز اثاثہ ہیں پھر مریم چورنی کا مقام چیف کی نظر میں کیا ہو گا دو دو,1
جس انسان نے میرے شناختی کارڈ میں دس لاکھ روپے میرے اور میرے ب خاندان کے علاج کیلئے رکھے ہیں جب الیکشن لڑے گا تو اسی کیلئے دن رات ایک کروں گا کوئی بیغیرت تھوڑا ہی ہوں تب ہی تو ہر کسی کے خون کی اصلیت کھلنی ہے,1
چچا جی کوئی عقل کو ہاتھ ماریںبیماری میں تولوگ جھوٹ چھوڑ دیتے ہیںخدا کا خوف کرتے ہیںگناہوں کی معافی مانگتے ہیں عوام دوست بجٹ آپ نے بغیردیکھے مستردہی کرنا تھا مزہ تو جب تھاکہ اربوں کی مسترد کرتےصاحبزادوںدامادوں کی کرپشن میں امداد مسترد کرتےہر لمحے کی شوبازی مسترد کرتے,1
ماں صدقےماں قرباںبس خان جئے ہزاروں سال ہر سال کے دن ہوں پچاس ہزار نامنظور ور,0
بیغیرتو کوئی سبق ہی لے لو رجب طیب اردگان سے,1
اپوزیشن کے جلسوں کے باد اگر آگ لگتی ہے کرسیاں ٹوٹتی ہیں گولیاں چلتی ہیں اور لوگ مرتے ہیں تو اپوزیشن کا اس میں فائدہ ہے سارا نقصان حکومت کو ہو گا یہ دیسی کپی والا کل سے اپوزیشن کو جلاؤ گھیراؤ کے مشورے دے رہا ہے اسکو کوئی بوچھنے والا ہے یا نہیں,1
ملک کے حالات خراب اور انتہائی نازک دکھا کر حافظ صاحب ایمرجنسی لگانے کے چکر میں ہیں ہر حد تک جانا ہے مقصد عمران خان کو روکنا ہے,0
تم دس لاکھ کی جوتی پہنو اور دو کروڑ کی گھڑی پہنو وہ بھی کرپشن کے پیسوں سے اور وہ میچ بھی نا دیکھے,0
میرے لفافے میزبان وہ پوچھنا یہ تھا کہ اسے یوٹرن کہیں گے یاں چینج آف اسٹریٹیجی,1
چلو بابا یہ جنگل چھوڑ دیں ہم مرا بچپن مری گڑیا کھلونے سبھی اک ساتھ ہی گم ہو گئے ہیں یہاں دوچارآدم خورتھے جو مجھےبھوکی نظرسے کھا گئے ہیں میں خاک و خون سےلتھڑی پڑی ہوں مری آنکھوں کامنظرکھو گیا ہے,1
خان صاحب کے انٹرویو کیبعد کچھ بیشرم بیغیرت الو کے پٹھے پروپیگنڈہ کر رہے ہیں انکے خان صاحب کا انٹرویو سب ٹائیٹلز کیساتھ,1
جماعت اسلامی اور پیپلز پارٹی کا مل کر کراچی کی ترقی کیلئے کام کرنے کا عزم,0
اپوزیشن کے گریبان چاک کپڑے پھاڑ پٹ سیاپے کا وقت ہوا چاہتا ہے,1
میں کبھی ملا ھی نہیں سنتھیا سے گیلانی,1
بھوت پیاری اور خاموش تبیعت کی ھے مگر غلط پارٹی مین ھے اللہ اس کو حدایت دے اور یہ ن لیگ کو دفع کرے,0
بھاڑ میں جائے تمہاری جنگ اور تمہارے دہشتگرد جرنیل جب تک ارشد شریف شہید کے قتل اور عمران خان صاحب پر قاتلانہ حملے اور غداری کے جرائم میں فیصل نصیر نعمان شفیق ندیم انجم اور جن پر بھی الزام ہیں ان کو عہدوں سے فارغ کر کے جوڈیشل انکوائری اوپن ہیرنگ ہونے اور سزا,0
بلا وجہ منہ نا کھولا کرو نا,0
اور آج دنیا بھر میں ان جیسا کوٸی زلیل نہیں سمجھا جاتا,0
جمعہ کے دن سے فلسطینیوں پہ اسرائیلی پولیس حملہ آور ہے شیخ جراہ میں میڈیا پہ پابندی ہے لین ایک نہیں نکلا عمران خان کے منہ سے اتار نہ محمد بن سلمان کے منہ سے بنتے ہیں امہ کے لیڈر,0
عوام کی اس طرح ذہن سازی کی جاتی ہے کہ وہ اداروں اور ملک کے خلاف ہو جائیں,0
یہ کون سے لعنتی گھٹیابیغرتبیشرم اور چغد لوگ ہیں جو اس وقت پاکستان کی اہم پوسٹوں پر بیٹھ کر سارا تماشا دیکھ رہیں ھیں لیکن ٹس سے مس نہیں ہو رہے پارلیمنٹ جوکروں کا ایک سرکس پنجاب حکومت لوہار ہائی کورٹ پر ٹنگھی ہوئی فیڈرل حکومت مجروموں کا ایک گروہ,1
پاکستانیوں امریکی ڈالروں کی طاقت کا اندازہ تو ہو ہی گیا ہو گا صرف ملین ڈالرز میں فوجی جرنیل سپریم کورٹ کے ججز آپوزیشن کی ساری جماعتیں اور فیصد چینلز بک گئے چاہے ملک جائے بھاڑ میں,0
پاکستان کو ڈالر ایکس چینج ریٹ پالیسی پر نظرثانی کرنا ہوگی آئی ایم ایف,0
کہاں گئے آپ کے فل پروف انتظامات کیسے پہنچا مریض تیسری منزل پر کہاں تھی آئسولیشن کی سیکیورٹی یہ اس مر یض کو بھی بھٹو لے گیا,1
اس وقت صورتحال یہ ہے کہ خان صاحب زمان میں آرام سے بیٹھے ہوئے ہیں اور اپنے پاس مختلف کارڈ رکھے ہوئے ہیںجب دل کرتا ہے کوئی کارڈ پھینکتے ہیںپوری پی ڈی ایم اور اسٹبلشمنٹ کو گھماتے ہیں اور پھر انجوائے کرتے اور پوری قوم کو انجوائے کراتے ہیں,0
عمران خان مارتا کم ہے گھسیٹتا زیادہ ہے,0
تے بچے ماں توں دو سو سال پہلے پیدا ہو گئے,1
اس کو کہتے ہیں نر وزیراعظم اسکا مقابلہ کریں نواز شریف سے جو فصل الرحمن کے بندے اسرائیل بھیجتا تھا کہ سفارتی تعلقات استوار کیے جا سکیں,1
لعنت تم پر تم نے ملک کی حفاظت کا حلف لیا تھا یا ان کر پٹ لوگوں کا بریگیڈیئر راشد لخ لعنت تیری ڈیٹ آف برتھ تے,1
اتنے سیانے ہوتے تو یہاں کیسے پہنچتے,0
بھائی جو سمجھنا نہیں چاہتے وہ کچھ بھی پڑھ کر نہیں سمجھیں گے,0
سنا ہے باجواہ کی گندی فلم مریم صفدر کے پاس ہے وہ بھی ایک جوان منڈے کے ساتھ باقی خود سمجھ جاو,1
ن لیگ کب جا رہی ہے ڈاکٹر یاسمین راشد جسٹس ناصرہ اقبال اور باقی سب لوگوں کے گھر معافی مانگنے کے لیےیہ اس فیملی کی اعلی ظرفی ہے اس میں احسن اقبال کی کوئی بڑائی نہیں,1
عالمی بینک نے پاکستان کے لئے ارب ڈالر کا قرض مؤخر کر دیادسمبر میں جاری ہونا تھا نہیں ہواجنوری کے پہلے ہفتے ہونا تھا نہیں ہوااب اگلے مالی سال تک روک دیا گیا,0
امپوٹڈ مافیا اور ھینڈلرز نے میرے ھنستے بستے پاکستان کو دیوالیہ کر دیا لیکن ہم مایوس نہیں ہیںانشاءاللہ ہم جلد عمران خان کو پاکستان کا بنتے دیکھ رہے ہیں,1
ایک اور اضافی عہدہ چیف آف پراپرٹی ڈیلر ایسوسی ایشن,0
اب ٹوٹ گریں گی زنجیریں اب زندانوں کی خیر نہیں,0
میں تو ابھی تک تیرے گوبھی باؤجی کو انسان نہیں کہا اور نہ اس کو انسان ماننے کے لیے تیار ہوں چل ہٹ کھوتی,1
سنا ہے کہ غریدہ فاروقی بھیس بدل کے ہاکی سٹیڈیم میں خالی جگہیں ڈھونڈ رہی یے لیکن مل نہیں رہی,1
حرامخور پٹواریوں کے بگھوڑے باؤجی اور ٹکلے تھاؤجی کی لوٹ مار کی مختصر تاریخ,1
پتا نہیں نواز شریف کی بواسیر والی بیماری کب ختم ہوگی,1
عمران خان کی جیل بھرو تحریک,0
زینب کی عزت لوٹ کر مارنے والا عمران بھی زینب کے جنازے میں شریک تھا,0
اپوزیشن کیخلاف نیا محاذ کھلنے والا ہے انتقام کی آگ میں جل کر سیاہ ہونے والا شہزاد اکبر آج دوپہر بجے پریس کانفرنس کرے گا,0
کتا مالکوں کو پڑ گیا ہے,1
تو چاچو فراڈیے چور اور ڈاکو جیلیں ہی کاٹتے ہیں,1
معیشت دان ساقے کو نواز اور شہباز ڈاکو کی شاباش,0
کیونکہ ان سارروں کا غدار باپ چلا گیا رنومبر,0
دو تم کرپشن کی بات کرتے ہو خان پر آگر ایک نو بال بھی ثابت کردی میں سیاست چھوڑ دوں گی,0
مقبوضہ کشمیر میں ظلم و بربریت جاری ہے اور مسئلہ کشمیر اجاگر کرنے کےلیےیک جہتی ضروری ہے ہم چاہتے ہیں کشمیری بہنوں اور بھائیوں کے کاز کے لیے اٹھ کھڑے ہوں گے اور ان کی آواز اور کاز کو پوری دنیا میں اجاگر کرنے کے لیے پاکستان میں اتحاد کی ضرورت ہے,0
جو ناانصافی عوام کے ساتھ کی ہے نا اس کتے نے اس کو تو اللہ تعالی بھی معاف نہیں کرے گا یااللہ اس نے بہت ظلم کیا ہے اس پاکستانی بےزبان عوام پر,1
پاکستانی صحافی اینکر دبا کر کرپٹ اور حرام خور ہیں ان کی اولادیں بھی حرام پر پل رہی ہیں کبھی اینکروں صحافیوں کا اس طرح انٹرویو سننا پھر پتہ چل جائے گا,1
ویگو ڈالا کینیڈا کب بھیج رہے ہیں بوس کی بے عزتی ہم سے برداشت نہیں ہوتی,0
نون لیگی امیدوار طارق صبحانی کے بڑے بھائی ارمغان صبحانی سے پوچھا گیا کہ نرندرہ مودی کی تصویر اپنے گھر میں لگاؤ گے کہ عمران خان کی ارمغان صبحانی کا جواب تھا کہ نرندرہ مودی کی تصویر لگاؤں گا پھر نون لیگی کہتے ہیں کہ انکو عوام کیوں مسترد کر رہی یے,1
پر لے درجے کی گھٹیا اور بدزبان جاھل عورت ہے یہ پلاسٹک کی جھوٹی نانی,1
تم سے اجازت مانگ کون رہا ہے وزیراعظم ہو اس لئے آگاہ کیا نسیم رانا کے نوازشریف کو بولے گئے آخری الفاظ اسکے بعد چاغی لرزاٹھا اللہ اکبر دو ٹکے کی عزت نہیں میرے قائد موترم میاں فراڈ شریف کی,1
کیا مریم صفدر کا اپنے چور کرپٹ مفرور اشتہاری بگوڑے باپ کو امام کہنا توہین اسلام اور توہین امامت نہیں ہے,1
آ گیا مریم صفدر کا زاتی ملازم اپنی روزانہ کی ڈوز کی گالیاں کھانے کیلیے,1
پاکستان مسلم لیگ نون کراچی کے مرکزی رہنماسرفراز جدون کو نامعلوم افراد لے گئے,0
جو بیغیرتی پر چلتے ہیں پٹرول پر نہیں,1
محلے میں نظر دوڑا کر دیکھ لیں سب سے چول قسم کا بندہ ن لیگی سپورٹر ہوگا,0
فواد چوہدری نے کہا تھا کہ سندھ کا پیسہ دبہی میں نکلتا ہے یہ ماڈل اعیان علی ہے جو آصف علی زرداری کی منی لانڈرنگ میں پکڑی گئی تھی لیکن انوسٹیگیشن آفیسر کی پرسرار پھانسی کے بعد دبہی منتقل ہو گئی آپ کے خیال میں اس کے جسم پر لکھے کا کیا مطلب ہے,1
گلیشئرہویاسیاہ چن کی جان لیواٹھنڈ باڈرہو یادشمنوں کی آگ اگلتی گولیوں کی بوچھاڑ فضآئ حدودہویا اندرونی حالات سیلاب ہو یازلزلہ آفات جہاز گریں یا پھر خودساختہ بمبار پاک فوج کی ہی چھاتی کیوں کچھ بیغیرت آرمی کو طعنہ دیتے ہیں کہ جمہوریت کے لیئے خطرہ ہے,1
ماشاءاللہ ماشاءاللہ لاہور نے ہمیشہ کپتان پر اپنی محبتوں کو نچھاور کیا ہے سلام ہے زندہ ضمیر کارکنوں کے جنون کو,0
دنیا میں سب سے بڑی سیاسی پارٹیوں میں پی ٹی آئ بھی آتی ہے اس لیۓ امپورٹڈ سرکار اور اسکے ہینڈلرز پریشان ہیں پی ٹی آئ کو روکنا مشکل ہی نہیں بلکہ ناممکن ہے,0
نون لیگ کے ساتھ ہتھ ہو گیا,0
جس باجوے کا نام محترمہ کے والد صاحب ہر جلسے اور ہر تقریر میں لیتے تھے انکی تصویر نہیں لگائی گول مال جس سے ملاقات ہوئی ویڈیو رانی کی اس نے کہا ہوگا شاید یہ نہیں ہے سرکار,1
وزیر اعظم عمران خان کرپشن فری پاکستان چاہتے ہیں لیکن اس مقصد کی سب سے بڑی رکاوٹ پاکستانی عدلیہ ہے جو شریفوں اور زرداریوں کی پالتو ہے,1
مر گیا اور کیا نیوز چاہئیے,0
امریکی صحافی کو پی پی کے جیالے ننگی ویڈیوز بھیج رہے ہیں اسے ریپ اور قتل کرنے کی کھلی دھمکیاں دے رہے ہیں اس نے سب کے نمبر اور چیٹس کے ثبوت دٸیے ہیں پھر بھی ہمارا کوٸی صحافی اس کے حق میں نہیں بول رہا اب آزادی صحافت کہاں گٸی,1
اب اس کو روکنا ملک کا نقصان ھو گا,0
بغیرت جس ملک کا کھاتے ہو اسی سے غداری گھٹیا انسان اگر بھارت سے اتنی محبت ہے تو وہاں دفع کیوں نہیں ہوتے بغیرت,1
چاروں لفافے ہیں لیکن اندازا کریں منصور جاوید اور مہر کو بھی معلوم ہے کہ لفافہ لیکر کس حد تک سپورٹ کرنی ہے یا کی جاسکتی ہے لیکن ناجانے یہ غریدہ کو لفافے کے علاوہ کونسی ایکسٹرا سہولیات میسر ہیں جو یہ لفافوں کے ہاتھوں ذلیل ہونے سے بھی گریز نہیں کر رہی,1
یہ ساری پی ڈی ایم اور ان کے سہولت کار خان صاحب کے پشاوری چپل کے برابر بھی نہیں آسکتے,1
جن افسران کے کیرئیر باجوہ نے تباہ کیے ہیں ان سے اپنے غیر آئینی احکام کیری آوٹ کر کے ان میں سے چند قدر شریف بتائے جاتے ہیں کے سیکٹر کمانڈر بریگیڈئیر جس کی نوکری بالکل تباہ ہو گئی ہے اسے چاہئیے کہ عوام سے جرم کی معافی بھی مانگ لے اور بتا دے کہ آرڈر باجوہ نے دیا تھا,0
سر چڑھ گیا نیزے پر مگر اے قاصد جس بات سے انکار تھا انکار رہا اگر شوباز شعبدہ باز سے حکومت میں ہاتھ نہیں ملایا تو اب تو ضرورت ہی نہیں,1
سوا تین سال کے بعد خان صاحب کے سامنے بلٹ پروف شیشہ دیکھ کر اور سیکیورٹی اسٹیبلشمنٹ اور نوازشریف کے درمیان رابطوں کی سرگوشیاں سن کر یقین آ رہا یے کہ پاکستان کے کی قیمت چکانے کا وقت آن پہنچا ہے,1
باجوہ صاحب موت سے بڑی گمنامی کوئی نہیں مگر تاریخ پھر بھی ہیرو اور غدار کو یاد رکھتی ہے,0
اگر تم ہارنے سے نہیں ڈرتے تو تمہیں کوئی نہیں ہرا سکتا ہم ہر فیصلے پر اپنے خان کے ساتھ ڈٹ کے کھڑے ہیں اور انشاءاللہ اس امپورٹد حکومت کو مل کر نکا لینگے,0
وہ لفافے جو پچھلے جئی سالوں سے غلامی منافقت لفافت میں ڈوبے ہوئے تھے وہ بھی سے ڈھائی سالوں میں ایک نیاپاکستان آنگ رہے ہیں اور پرانے گناہوں کا ذمہ دار بھی کپتان کو ٹھرا رہے ہیں,1
بھارت ہیجڑو کی ظفر موج فوج,1
یا اللہ یہ کیسا انصاف ہے نواز شریف کہتا ہے کہ اسکا باپ امیر تھا اس لیے وہ لندن بیٹھا ہے اور میں یہاں ضمانتیں کرواتا پھر رہا ہوں مولا انصاف کر,1
حامد میر کی پکار مجھے نوٹس کریں آگے سے مکمل خاموشی اور ڈی لفٹنگ,1
جو پٹواری امریکہ میں مقیم ہیں ان سے عرض ہے کہ امریکی سڑکوں پر ٹینک دندنا رہے ہیں نکلو جمہوریت کی خاطر اور پے جاؤ لمے,1
یہی تو اوقات ہے ان کی,0
کیا کیا نمونے بٹھائے گئے ٹی وی پہ,0
اک نام نہاد صحافن نے صدیق جان صاحب کو کم فالورز ہونےکاطعنہ دیا اگرفالورز زیادہ ہوناہی کسی صحافی یا لیڈرکی پہچان ہےتو اس مائ کےکلہزارفالورہیں میری ذاتی خواہش ہےکہ صدیق جان صاحب کےفالورملین میں پہنچائیں,0
پیشہ ور کرپٹ ہو تم اور نظم و ضبط تمھاری بس عوام کے سامنے چلتی ہے امریکہ کے سامنے تو تم بھیگی بلی بن جاتے ہو,0
رانا صاحب یوتھیوں کو لانگ مارچ کی پریکٹس کراتے ہوئے,1
ریحام کی پورن کتاب پر درجنوں پروگرام کرنیوالا گلا لالئ کے گندے میسجز پر درجنوں پروگرام کرنیوالا نامی شخص سنتھیا رچی نامی گوری کے سابق وزیراعظم وزیر داخلہ و صحت پر جنسی دراندازی کے الزامات کو ڈرامہ بازی کہہ رہا ہے ایسے کیسے چوتئے ایسے کیسے,1
ایک مرتبہ پھر فوجی بھڑکیں مار کہ بھاگ گئے کوئی مقدمہ درج ہوا نا ہی ہوگا صحافیوں کے خلاف ایک ٹاوٹ کے ذریع ایف آئی اے کو درخواست دیلوائی گئیتھی لیکن وہ بھی تحقیقات کے بعد خارج کر دی,0
سپریم کورٹ کے واضح احکامات کے باوجود پاکستانیوں پر فوج اور پولیس کی گولیاں چل رہی ہیں اسکو کہتے ہیں گونگلیوں سے مٹی جھاڑنا,1
ہمیں بیرونی دشمنوں سے ڈراتا رہا مگر خود ملک کو دیمک کی طرح چاٹ گیا جب چور اور سکیورٹی گارڈ دونوں مل جائیں تو گھر اجڑ جاتا ہے میں ہوں سقراط مجھے زہر پلایا جائے,1
کسی کتے کا پتر یہ سب تمہارا کیا دھرا ہے,1
دونوں نہ صرف چور ہے بلکہ مہا درجے کے بے غیرت ہیں,1
کانپیں ٹانگنے کے بعد پیش خدمت ہے ٹوچہ خانہ,1
میرے پاس ابھی بہت سے کارڑ باقی ہیں اب جو کارڑ کھیلوں گا سب حیران ہو جائیں گے عمران خان,0
یعنی ساری انسانیت کو او دلیا کہنا گولیاں چلوا نا اور اپنی پروٹیکشن کے لئے ناموس رسالت کو چپک جانا آپ کے نزدیک آپ کے لیے عین اعزاز کا مستحق ہے,1
عمران خان کی گرفتاری کیلیے امپورٹڈ سرکار پر دباؤ ڈالنے والی مائی گیراجن کہتی ہے کہ یہ میری حکومت نہیں,1
میں غلامی سے زیادہ موت پسند کرتا ہوں,0
ساری دنیا کو بتا دیا کہ پاکستانی فوج روگ ہے ہر سیاستدان کے بیانئیے کو سچ ثابت کر کہ مہر لگا دی آرٹکل چھے کا سامان بھی پکا کر دیا اس کے لانے والے رو رہے ہوں گے,1
مرشد شوباز کی والی کرتے ہوئے,0
روہیل اصغر کے اس غلیظ زبان استعمال کے بارے میں کیا خیال ہے کیا آپ اپنے گھر کی خواتین کے بارے میں اس طرح کی زبان برداشت کر سکتے ہیں مجھے اگر یہ کتے کس بچہ کل مل جاتا تو یہ ٹانگوں پر پارلیمنٹ لاجز نا جاتا,1
خیبر پختونخوا میں آج سے انسداد پولیو مہم شروع ہوگیا ہے اس مہم کے دوران وٹامن اے کی ی خوراک بھی دی جائے گی اپنے بچوںکو پولیو کے ویکسین پلائیں اور انہیں عمر بھر کی معزوری سے بچائیں,0
عمران خان نیازی جتھوں سمیت عدالت پر حملہ آور ہو گیا ہے جوڈیشل کمپلیکس کا دروازہ توڑ دیا گیا اتنے کرنے کے باوجود کیا سوموٹو لیا جائے گا یا لاڈلہ سدا بہا لاڈلہ ہی رہے گا,1
ان کو کہتے ہیں مرد دکاندار دو,0
بس کر دو اب یہ بکواس بند کر دوان کی دولت سے ہی سڑ رہا ہے دو ٹکے کا نیازی جو خود ساری عمر صدقےا ور زکوتہ پہ پلتا رہااور جو کاروبار کر کے ترقی کر گئے تو اس کھوتے سے ہضم ہی نہیں ہو رہا منگتا کہیں کا,1
موت کی چکی میں ڈائن کو کی سہولت تو موجود تھی بیچاری کو استری نہیں ملی,1
پنیری لگا کر گیا ھے غداروں کی فوج کے اندر اس قدر دکھ ھوا ھے کہ فوجی رشتہ داروں پر بھی بھروسہ نہیں رھا پتہ نہیں کون بکاؤ ھے,0
نواز شریف نون کی گلگت بلتستان کی کارکردگی بیان کرتے ہوئے,1
شریف خاندان نے نوازشریف کی میڈیکل رپورٹس بنانے والے ٹیکنیکل سٹاف کو رشوت دی اور اپنی مرضی کی رپورٹس بنوائیں نواز شریف کو کوئی جان لیوا بیماری نہیں ہے اسی لیے مریم نواز نے دعوی کیا تھا کہ نواز شریف شام کی فلائٹ سے پاکستان آ سکتا ہے سنیے اعتراز احسن سے نواز شریف کی بیغیرتی,1
یہ ثابت ہوا کہ ابھی یہاں وہ وقت نہیں آیا کہ عدلیہ اپنااحتساب خودکرسکےیہاں وزیراعظم نااہل ہوسکتاہےآمر غدارہوسکتا ہےآرمی چیف ایکسٹنشن معاملےپر ایک درخواست جو درخواست گذار واپس لیناچاہ رہا اس پر کارروائی ہوسکتی ہےمگر جب بات اپنےگھر کی ہو تو دستاویزاتثبوت پرکھے بنا ریفرنس خارج,1
دنیا میں ایک ہی شکل کے لوگ ہوتے ہیں باجوہ تیرے ان باقی ہمشکلوں پہ بھی لعنت,1
ڈان نیوز کا معیار وہ نہیں رہا جس کی وجہ سے قائداعظم اسے پڑھا کرتے تھے بلکہ یہ چند ٹکوں کے عوض اپنے ضمیر اور دھرتی ماں کا سودا کر کے ملک دشمنوں کا پالتو کتا بن گیا ہے,1
یاد کرواتی چلوں اس عورت کی اپنے بچوں سمیت دنیا کے برے اعظموں میں ناجائز دولت ھے اور اسکی میت کو اولاد نے لندن سے پاکستان پارسل کیا ھے جنازہ پڑھنے اور قبر میں اتارنے ساتھ نہیں آئی اپنی اولاد کو حلال کو نوالہ کھلائیں اور اچھی تربیت کریں,1
سی سی سے کم گاڑیوں کے استعمال سے پٹرول کی بچت کرسکتے ہیںمیں خود پٹرول کی بچت کے لئے چھوٹی گاڑی کا استمال کر رہا ہوں شبر زیدی,1
بھائی اگر کوئی نہیں کروایا تو کروائیں اور کسی اچھے کو دکھائیں,0
ہم بھی گواہی دینگے کہ کیسے آپ اپنے لوگوں کے لئے لڑے یہاں تک کہ گولیاں بھی کھائی,0
یہ دھبہ پہلے کمزور تھا پھر اس نے ن لیگ سے دوستی کر لی اور اب دیکھیں اس کی صحت,0
نون لیگ کے پچاس سے زائد ممبر پارلیمنٹ قبضہ مافیا کے سرغنہ ہیں فیصل آباد میں راناثناء نے محکمہ انہار کی اربوں کی زمین پر سےقبضہ کیا ہوا ہے آج تک کوئی ملکیتی کاغذات نہیں دکھا سکے یہ زمین بھی حکومتی تحویل میں آنے والی ہے,1
انکو رلاونگا میں انکو تکلیف پہنچے گی میں پہنچاونگا انکو تکلیف یہ الفاظ اس شخص کے ہیں جو طاقت کے نشے غرور و تکبر میں چور تھا مگر خدا کی کرنی اس کے مخالف تو قید و بند کی صوبتیں برداشت کرکے بھی ہنستے مسکراتے ہیں مگر وہ اور اس کی ٹیم رو رہے ہیں دہائیاں دے رہے ہیں,1
یقین کریں عید کی اتنی خوشی نہیں ہو گی جتنی اس پاٹے سپیکر سے جان چھوٹنے کی خوشی ہے خان صاحب لگدے ہتھ شیریں مزاری سے بھی جان چھڑا لیں آستین کا سانپ ہے جس کی بیٹی علی الاعلان گنجو کو ووٹ دیتی ہے,1
کہاں خان اور کہاں لوٹو کے بل بوتے آنے والے,0
اس قوم کو شمشیر کی حاجت نہیں رہتی ہو جس کے جوانوں کی خودی صورت فولاد,1
مریم نواز کی زندگی پہلے عمران عمران کرتے گزرتی تھی اب چینل چینل کرتے گزر رہی یے,0
آپ دیکھیں گے کہ کس کی ٹانگیں کانپتی ہیں اور کس کے ماتھے پر پسینہ آتا ہے عمران خان سپریم کورٹ سے نئی احتساب عدالتیں بنوا کے جمہوریت پر حملہ کیا جا رہا ہے یہ ہم نہیں ہونے دیں گے راناثناءاللہ راناثناءاللہ کے بیان سے لگتا ہے کہ اس کی تو پینٹ بھی گیلی ہو چکی ہے,1
چہرے پر ایمانداری صادق و امین کا جعلی نقاب لگائے عمران نیازی نے جو ڈاکے ڈالے ہیں وہ قوم کے سامنے آرہے ہیں بات صرف گھڑیوں تک نہیں ان ڈکتیوں میں اب ہیروں کے ہار اور دیگر جیولری شامل ہے اور ان چوریوں کی نگرانی توشہ خانہ چور خود کرتا رہا ہے,1
ہر دور میں ڈکٹیٹروں نے ایسے بہروپئے اسلام اور پاکستان کو بدنام کرنے کیلئے ایجاد کئے,1
منہوس بھٹوزجو پاکستان کے مجرم ہیں زولفقارنےپاکستان توڑااقتدارکی خاطر بینظیرخالصتان بننے کے خلاف کام کیا۰ اب بلاول سندھ کارڈ چلانے کو جا رہا۰,1
بیغیرتی اور بیشرمی کا جیتا جاگتا چہرہ,1
تمھارے اوپر تھو یہ وردی اتار دو اور پھر دھندہ کرتے رہو تمھارے باپ کی وردی نہیں ہے گھٹیا جرنیل,1
یہ خاندان پاکستان کواس وقت سےلوٹ رہےہیں جب پاکستان کی آدھی آبادی پیدا بھی نہ ہوئی تھیساری کی دہائی ملک کونوچااور اس لوٹ مارکو مل گیا انہوں نےایک مرتبہ پھر سے تک لوٹا اورریجیم چینج سازش سےحکومت میں آکراس دہائی کی لوٹ مارکوبھی دے دیا,0
یہ وہی لوگ ہیں جو مارخور کو اپنی جان سے بھی پیارا سمجھتے تھے اب بگتو,1
ہاہاہا میڈیا کا سپر مین ٹھس ہوگیا میں پیش نہیں ہونگا مراد علی شاہ,1
ایک دن میں نے نیوٹرل سے بات کی,0
زرا باجوے کی بڑکیں سنیں اور حقیقت دیکھیں جنرل نیازی نے دسمبر کو پلٹن گراونڈ ڈھاکہ میں جنرل اروڑا کے سامنے ہتھیار ڈالے تھے ہتھیار ڈال کر پاکستان کے دو ٹکڑے کروانے سے بہتر تھا جنرل نیازی جان دے دیتا,1
گھر پر ڈاکہ پڑے اور چوکیدار نیوٹرل ہو جائے اس کی صرف ایک ہی وجہ ہو سکتی ہے کہ وہ چوروں سے ملا ہوا ہے نیوٹرل ہونے کی دوسری کوئی وجہ نہیں ہے,0
یہ ان کی پرانی کہانی ہے میرے ساتھ آئے دن یہی کر کہ اپنی اصلیت دکھاتے ہیں,0
ڈوب کے مر جاؤ سندھ حکومت لعنت ہو لعنت,1
کتے کی دم سیدھی ہوگئ اونٹ بھی رکشے میں بیٹھایا گیا انجیر میں پھول بھی نظر آگیا مگر وہ بے غیرت نہیں جو دوائی لینے لندن گیاہے,1
یہ ہے زرداری خاندان کی اصلیت حاکم زرداری نے قائداعظم کے لئے کہا جناح نے ملک کا بیڑہ غرق کیا آصف زرداری فوج کو دھمکی دے رہا ہے فریال تالپور ووٹرز کی تذلیل کر رہی ہے اور بلاول بھٹو تکبر میں کہ رہا ہے کون مجھے سے سوال پوچھ سکتا ہے,1
لاہور پولیس یونیفارم میں ملبوس نون لیگی گلو بٹو نے جگہ جگہ رکاوٹیں لگائی ہوئی تھیں جنکو عثمان ڈار نے ہٹایا ویلڈن عثمان ڈار دو دس چٹاکے بھی ان پولیس والوں کو لگا دیتے تو اچھا تھا,1
اوئے دلیا اوئے کتیا اوئے خنزیرا اوئے سئورا او تیری ماں نوں لن,1
ایک سے بڑھ کر ایک ہیرا تراشا ہے میاں محمد نواز شریف نے,0
ایک بکاؤ چیف جسٹس کہتا تھا عدالتیں چوبیس گھنٹے کام کرتی ہیں لیکن وہ بتانا بھول گیا تھا کہ ن لیگ کے لئیے کام کرتی ہیں عدالتسورہیہے,1
کشمیر کا سودا تم نے کروایا ہوگا دلالی کر کے کیونکہ تم لوگ تو دلال ہو شروع سے دلا ہاراں والے کی نسل سے,1
زیبرا قوم لوط فضلندو کے چلےٹرانس جینڈر دلته هم رارسېدلي دي ملا ہر ظالم کا ساتھی ہے,1
بلو کا تو پتا تھا کہ ڈیفکٹو ھے آج شوباز کی بھی کلی کھل گی,1
تیرے بتیس میں نے پہلے گن لیے تھے,0
ضمنی الیکشنز میں شکست ہوئی تو اس سے ہماری پارٹی ن لیگ گھبرا گئی ہے مفتاح اسماعیل,0
مراسلے میں مزید کہا گیا ہے کہ یہ عمل خلاف قانون اور قومی خزانے کو نقصان پہنچانے کے مترادف ہے جب تک نئے یوسیز سیکریٹریز کا نوٹیفکیشن جاری نہیں ہو جاتا اس وقت تک مذکورہ یوسیز کے سرکاری اکاؤنٹس کو منجمد کیا جائے,0
اس غدار اسرائیل کے ایجنٹ کو گھر بھیجو,0
کپتان ان کنجروں کو دوڑا دوڑا کے مارے گا,1
کسی نے اگر تین پین یک دلے ایک ساتھ نہیں دیکھے تو انہیں دیکھ لیں,1
نواز شریف اور شہباز شریف کی لندن میں کتنی جائیداد ہے اورکہاں کہاں ہے زرہ سنئیے ویڈیو میں اور شئیر کریں,1
لفافے یہاں بھی ذلیل ہو گیا ہے بھارتی سپریم کورٹ کے جج نے حامد میر کو عمران خان کے بارے میں کیا کہا دیکھیں,1
شرم کا مقام ہےاس عہدے کے وقار کے ساتھ,0
اف خدایا دل خون کے آنسو روتا ہے وہ اپنے حق کے لیے لڑتے لوگ وہ کافروں کے ہاتھوں مرتے لوگ وہ خون کے آنسو بلکتے لوگ خون کے آنسو رو لاتے ہیں,0
سلیم صافی حامد میر نے قسم کھا رکھی کے اپنے بچوں کو حلال کا ایک لقمہ نہیں کھلانا,0
جیو آفس میں ماتم کا سماں ماروی سرمد کا ٹنڈ کروا کر احتجاج کرنے کا اعلان,1
سوال عرض ہے ویسے تھکڑ پاور امریکہ کی پاور دیکھیں کہ جسے کروڑ عوام نے اپنا وزیراعظم بنایا اسے نام نہاد بدنام جمہوریت کے لوٹوں سمیت ہماری اسٹیبلیشمنٹ نے ہٹا دیا کیا ایسی جمہوریت کو آپ پسند کریں گے یا اسلامی نظام کی خلافت کو,1
زرداری صاحب ان کی گانڈ مارے گا تھوڑا صبر کر جاؤ,1
پیپلز پارٹی نے نہ صرف کرپشن سے اس ملک کے ادارے تباہ کئے بلکہ عزیر بلوچ جیسے عناصر کی مدد سے ملک کا امن بھی خطرے میں ڈالے رکھا وزیراعظم عمران خان اور پوری کابینہ کی جانب سے عزیر بلوچ جے آئی ٹی کے معاملے پر علی زیدی کی بھرپور حمایت کی جائے گی,1
جب سورس باجوہ ہو تو زلالت ہی مقدر ہوتی ہے,1
تم اور تمہارا زانی لیڈر یہ چوتیا کسی اور کو بنانا بہن چود دنیا جہان کے جھوٹے انسان,1
اور حافظ صاحب جواب دو ہمیں پتہ ہے کہ بلاول اور شہباز تو بس کٹھ پتلیاں ہیں,0
ھاں جی پاکستانیوں کیا کرنا پٹرول پمپوں پر رش لگانا یا ان ایوانوں میں یہ تو نسلوں کی ھڈیاں تک چوس جائیں گے سیاسی مافیا ٹولہ اور جرنیل,1
جس دن ڈالر سے کم ہو جائے گا کریڈٹ مفتاح صاحب اور میاں شہباز شریف صاحب کو دوں گا ورنہ آپ سمیت باقی سب کوئی شرم کوئی حیا کوئی گریس دو,1
آج اس ملک کے وزیر آعظم نے فوج کو بھی اپنی سیاست میں ملوث کر دیا ہے آج وفاق اور صوبہ میں مصالحت آرمی چیف کر رہے ہیں بدقسمتی ہے کہ ملک کا وزیر آعظم وفاق کو صوبہ سے ٹکرا رہا ہے,0
بجلی غائب ہو گئی پورے پاکستان سے بجلی کے ساتھ ہاتھ کیا ہوا پے,0
جب اس نے بے غیرتی ہی اپنا لی تو ریٹ پوچھ کے کیا لینا ہے بس باجوہ کو چکلا کے باہر کھڑا دلال سمجھو,1
گٹر عدلیہ گٹر ججز پاکستان کی تباہی کی جتنی زمہدار اسٹیبلشمنٹ ہے اس سے زیادہ یہ بکاؤ ججز ہیں جنکو عوام کے ٹیکس سے مراعات تو پورے چاہیے ہیں پر فیصلے کرتے وقت اسے ترازو میں رکھ کر بیچ دیتے ہیں جب فیصلے بیچنے ہی ہیں تو کسی پنساری یا بنیے ہی سے فیصلہ کروا لیں,1
سنیے حاجی صاحب آپ نیوڑلر کے کافی دلدادہ معلوم ہوتے ہیں پلیز سے بولیے سیاست کرنے والے شاطروں کو نکال باہر کریں تو آرمی ہمارے سر آنکھوں پہ اس ملک پہ قبضہ کے خواب اور تعبیر کے پیچھے ملک کو ہی برباد مت کریں,1
ذلالت کے اعلی عہدے پر فائز پٹواریو کی اتھری نانی,1
لوٹ آئو میرے پردیسی بہار آئی ہے اور اپنے ساتھ منی بجٹ بھی لائی ہے,0
اس سوال کا جواب آج تک نہیں مل سکا کہ عمران خان نے ریحام خان جیسی نیچ عورت میں کیا دیکھ کر شادی کی تھی,1
ہوسکتا ہے نون لیگ سینیٹرز کو نواز شریف لندن سے کال کرواتا ہو کہ یوسف رضا گیلانی کو ووٹ نہیں دینا یہ کیسی سیکرٹ ایجنسی ہیں جو بقول نونیوں کے انکو فون کرتے ہیں بتاتے ہیں کہ ہم سیکڑٹ ایجنسی سے ہیں اور پھر کہتے ہیں کہ یوسف رضا گیلانی کو ووٹ نا دو,1
ہمت مرداں مدد خدا انشاء اللہ,0
آج خان صاحب نے کہا کہ جنرل باجوہ نے خواجہ آصف کو ہاری ہوئی سیٹ جتوائی ملاحظہ کریں خواجہ آصف کی زبانی بیٹھنے سے پہلے خواجہ رنگباز ہار چکا تھا,1
گزشتہ دنوں کی جانب سے جاری کردہ نغمے کے بعد پٹواریوں کا ایک چاق و چوبند دستہ سڑک پر لیٹا ہوا ہے تاکہ ہر آنے جانے والی فوجی گاڑی پر بھونکا جاسکے,1
کہاں سے سیکھی ہے اقبال تو نے یہ درویشی کہ چرچا بادشاہوں میں ہے تیری درویشی کا,1
ششٹر کو اے سی دے دیا اور اور استری نہ دیں ظالموروز محشر اللہ تم لوگوں سے پوچھے گا کتنی غلط بات ہے,0
اور چالیس چور پی ڈی ایم کا اگلا پراجیکٹ,0
صدر مسلم لیگ نون کا رپورٹ پر تجزیہ صدر مسلم لیگ نون کے بیٹے کا رپورٹ پر تجزیہ ترجمان مسلم لیگ نون کا رپورٹ پر تجزیہ فیر کہندے لالیکا گاہلاں کڈھدا,1
پٹواری ایسی گندی نسل ہے,0
شریف خاندان نے عدلیہ پر اثر انداز ہونے کی روایت جاری رکھی لیکن نقل کیلیے بھی عقل کی ضرورت ہوتی ہے مریم نواز کی ضمانت منسوخی کیس کا فیصلہ نومبر کو متوقع ہے جلد بازی میں رانا شمیم کے جھوٹے بیان حلفی پر اسی نوٹری کے دستخط کروائے جو نوازشریف کی جھوٹی رپورٹس پر دستخط کرتا یے,1
اگر ایٹم بمب باٶ جی کا کارنامہ ہے تو بھٹو کی پھانسی میرا کارنامہ ہے تارا مسیح فرام نرک اینج تے فیر اینج ای سہی جاتی امرا کے تارا مسیح ہن آرام اے,1
عمران خان نا انصافی کے خلاف جہاد کرے گا جیسا کے آے روز بچیوں کے ساتھ زیادتی کے واقعات ہو رہے ہیں اور خان صاحب کی حکومت نے بھوک ہڑتال کر رکھی ہے,0
پتا ہے ہمیں کہ آپ تتے توے پر بیٹھے ہو,1
خصوصا مجھے اب ڈی جی آئی ایس پی آر کے کسی بھی بیانات پر اب بلکل یقین نہیں اپنے آپ کو نیوٹرل کہنے والے جھوٹے شوباز سے ملتے رہے بابر افتخار کو جو کہا جاتا ہے وہ وہی کرتے ہیں,1
پاکستان اور بھارت کے تعلقات کے حوالے سے شہباز شریف کے ریمارکس پر پاکستان کے حقیقی وزیراعظم عمران خان کا جواب,0
جس سائیفر کا اقرار نیشنل سیکیورٹی کمیٹی کی دو میٹنگز میں کیا گیا فائز عیسی کو وہ سائیفر نظر ہی نہیں آیا,0
کیونکہ تم سب ننگے ہو چکے ہو,1
فضلانڈو جوق در جوق اجلاسوں میں کیوں شرکت کرتے ہیں,1
میر جنرل مشرف کے کے بڑے تلوے چاٹا کرتا تھا لیکن جیسے ہی وہ کمزور ہوا تو اس نے جنرل مشرف کی بجائے کیانی کو ابو بنا لیا اور اس پر بھونکنا شروع کر دیا,1
چوہدریوں نے گیم کر دی ہے عمران خان کے ساتھ,0
سحر بندیال نے فیصلہ لکھ کر ابو کو دے دیا ھے ابو صبح گیارہ بجے سنا دیں گے اتنی سی تو بات ھے,1
سن کو امریکہ ے مولانا کیا فرما رہے ہیں,0
دو یہ چھپ چھپ کر مزید کونسے گل کھلانا چاہ رہا ہے کافروں کا سہولتکار باجوہ,0
نیازی صاحب کو سب سے زیادہ غصہ اس وقت آتا ہے جب کوئی چینل ان کے اپوزیشن میں کئے هوئے وعدوں کی ریکارڈنگ چلاتا ہے,0
نیوٹرلز اتنے کمزور ہونگے کبھی سوچا بھی نہیں تھا ایک صحافی نے تمام جرنیلوں اور امپورٹڈ سرکار کو ہیجڑا بنا دیا,1
عمران خان کے جانے پر جن لوگوں نے خوشیاں منائی آج الحمداللہ وہی لوگ رونے پر مجبور ہیں,0
آج رات پاکستان کے نو بجے سنیے اور کو نون لیگ کی اندرونی سیاست پہ مفاہمت مزاحمت یا مشاورت,0
میں نے یہ چینل والوں سے بڑا چوتیا نہیں دیکھا خود ہی اپنے چینل پر بتا رہے ہوتے نمبر ون چینل نمبر ون ٹیم نمبر ون ریٹنگ نمبر ون ٹیکنالوجی نمبر ون ٹاک شوز نمبر ون ٹٹی نمبر ون پد پین چود لمبی لمبی چھوڑنے کی بھی حد ہوتی ہے,1
شرط لگی تھی بے غیرتی کو اک لفظ میں لکھنے کی لوگ کتابیں ڈھونڈتے رہے اور میں نے پٹواری لکھ دیا,1
میں خود کو محفوظ نہیں سمجھتا ہاں احتیاط کروں گا لیکن سوال ہی نہیں پیدا ہوتا کہ میں گھر بیٹھ جاؤں باہر نکلوں گا کمپئین کرنے چیئرمین عمران خان بی بی سی کو انٹرویو,0
تو جب اس قوم اس عوام نے یہ فیصلہ کر لیا کہ اس قوم کا اور اس عوام کا حکمران عمران خان ہو گا تو اس کو روک کیسے سکتے ہو لاقانونیت کا یہ نظام کیسے چلاو گے جسے اللہ نا چلنے دے اسی لیے ہے جتنا جلد فیصلہ عوام کے ہاتھ میں جائے گا اتنا نقصان کم ہو گا,0
او ھیلو میڈیا والوں جاگو جاگو صبح ھوئی اک نظر اک پروگرام ادھے تے پا جی,0
عمران خان کو نااہل کرنے یاکروانےکا خواب دیکھنے والوں سن لو اس کی اگلی منزل وزیر اعظم ہاؤس ہے اور قوم اسے منزل تک پہنچا کر دم لے گی ان شاء اللہ,0
یہ اسی عزت کی بات کر رہا یے جو اسکا مرشد مفرور اشتہاری بگوڑا اور کیلیبری قطری چورنی روزانہ کی بنیاد پر کما رہی ہے,1
ثاقب نثار کے صادق اور امین نے شوکت خانم کے کروڑ ڈالر کے خیراتی فنڈ ہاؤسنگ سوسائٹی میں لگانے کا اعتراف کر لیا ہے,0
اخیر اس بھین یک نے وی چن چاڑھ ای دتا,1
عمران خان کو مقاصد کے لئے لایا گیا اسرائیل کو تسلیم کرنا قایدیانوں کو ریلیف دینا ایی ایم ایف سے قرضے لینا چین کے ساتھ تعلقات خراب کرنا ماہرے معاشیات ابراہیم مغل,0
نانی گلگت میں میں سے حلقوں میں امیدوار کھڑے کر کے کہتی ہے ہم کلین سویپ کرینگے او حکومت بنائینگے اب تو کوئ اچھا ڈاکٹر ھی اسکے دماغ کا علاج کرے سٹھیائ بڈھی,1
ککڑ کو باغں دینا ہم نے سکھایا ہے,1
عمران خان تیرے بغض میں بڑے بڑے کردار گرے منصف گرے سالار گرے عدل کے اونچے مینار گرے مذہب کے ٹھیکیدار گرے اس مٹی کے غدار گرے صحافت کے بڑے بڑے بدکار گرے,1
نون لیگ والے عورتوں کو عزت دیتے ہوئے,1
ظلم کا نظام نہیں چلے گا,0
ملیحہ بخاری نے مریم نواز کی منافقت اور دوغلا پن آشکار کر دیا ایک طرف مریم فوج کے سپہ سالار کے خلاف ناشائستہ زبان استعمال کرتی ہے اور غیر اخلاقی ٹرینڈ چلواتی ہے نوازشریف باہر بیٹھ کر فوج کے خلاف محاز آرا ہے تو دوسری طرف مریم فوجی جوانوں کو بہت پیارا کہتی ہے سنیے,1
اس حرام خور کو دیکھیں جب سارے پراپیگنڈے ناکام ہوئے تو اب پارٹی اراکین کے درمیان اختلافات کا پراپیگنڈہ کرنے پر اتر آئے ہیں اوئے ٹافی چل نکل کام کر اپنا بڑا آیا یہ وہ یہ وہ کرنے تہ بہ کور کی ھم ٹولہ روز دہ مور پلار درمیان کی جھگڑا جوڑے,1
واڈا اب کدھر ہے میرا انعام,0
مریم اعوان کہتی ہے جو لیڈر ہوتے ہیں وہ بھگوڑے نہیں ہوتے ایسی ناخلف اولاد اللہ دشمن کو بھی نا دے,1
اس مادرچود کی سنو تم جا کر ٹی وی شو کرو,1
ایک بات تو پتھر پر لکیر ہے عمران خان کو ذاتی انا کی بنیاد پر نکالا گیابےغیرت باجوہ نے لیکن اللہ الحق ہےآج وہی لوگ رج کے ذلیل ہو رہے ہیں جسکی وجہ سے پورا ادارہ نفرت کی نگاہ سے دیکھا جانے لگا,1
آپ نے بھکاری دانشوروں کو ٹیگ ہی نہیں کیا ان کو کیا پتہ چلے گا,1
اس کے چڈوں میں منہ ماری کا نتیجہ ہے کے تم جیسے لوگ بھی صحافی بن گئے,1
آپ روزانہ بگوڑی کو نہیں دیکھتے,1
کاش اگر شازیب حرام زادہ منہ پر لپسٹک لگانے اور میک اپ تھوپنے کے بجائے خبروں کی تصدیق کر لیتا تو آج اتنا زلیل نہ ہوتا,1
خبر آئی ہے کہ بریگیڈیئر فہیم سیکٹر کمانڈر اسلام آباد آپ کے سسر کے خاص منظور نظر ہیں کہیں یہ آپکے وہ والے سسر تو نہیں جو قادیانی ہیں قادیانیوں کو پاکستان پر مسلط کرنے کے بعد تو آپ کا جانا ہی بنتا ہے دو,1
آئین توڑنے پر مرحوم جرنیل پرویز مشرفآللہ انکے درجات بلند فرمائےآمین پر آرٹیکل لگ سکتا ہے تو باجوہ پر کیوں نہیں,0
پٹواریوں کے ترانے اور نقشے پر بھونکنے سے لگ رہا ھے بغض عمران خان آہستہ آہستہ اب بغض پاکستان بنتا جا رہا ہے,1
جنہوں نے تم بےغیرت کے لیئے ففتھ جنریشن وار لڑی آج انکو بلاک کر رہے ہو تھو ہے تمہاری زندگی پہ ہیجڑو یہی کرتے رہو کیوں کہ کچھ اور کرنے کی تم بزدلوں کی اوقات نہیں,1
ابھی انکے بقول بابا جی کو سیاست نہیں آتی,0
گھٹیا اتنی ہے کہ جب بھی منہ کھولتی ہے بکواس ہی کرتی ہے بھگوڑی گیراج کمینی,1
کوئی اس بغلول اور دماغی طور پہ ہلے ہوئے شخص کی بھی سن لو سالا پپٹ,1
کسے تھاں نئیں سانوں چھڈ دے لوکی گندیاں گالاں کڈھ دے راہ جاندیاں ناں کوئی وڈھ دے بن کے رہ گئے اک الزام امریکہ اسیں تیرے غلام امریکہ صبح امریکہ شام امریکہ دو,1
ریحام خان عرف کاما سترا کی منہ سے سچ نکل کر لبرل ھونے کا ثبوت دے دیا بازاری بدچلن بدحواس کے کرتوت کی وجہ سے دو شوہروں سے ریجکٹ ہوئی آپ احباب بھی سنئے,1
عمران خان کہتے ہیں میری جان کو شدید خطرہ ہے اور جلسوں میں بلٹ پروف شیشے کا استعمال کرنے جارہا ہوںعمران خان صاحب بلٹ پروف کے ساتھ ساتھ خدارا بم پروف کنٹینر بھی ضرور استعمال کریںاللہ آپکواپنی حفظ و امان میں رکھےدو جہاں کی نعمتیں اور برکتیں عطا فرمائےآمین,0
ترین صاحب کہتے ہیں کہ اوور سیز پاکستانیوں کی بڑھی ہوئی ترصیلات عمران خان سے محبت کا نتیجہ ہے کوئی ان وزیر صاحب کو بتا دے یہ اوور سیز کی اپنے خاندانوں سے محبت کا نتیجہ ہے کہ جن کو دو وقت کی روٹی کھانے کے قابل نہیں چھوڑا عمران خان نے یہ ان کی جانیں موت سے بچانے کا نتیجہ ہے,0
بھائی میں مانگنے والا نہیں ہوں بس مجبوری ہے چلو کچھ تو بھینک ملی,0
کیا آپ گونگے یا اندھے ہو گئے ہو کتنے میں ڈیل ہوئی اور سے اور کتنی جائیداد ملی بیغرت پراپرٹی ڈیلرو اس پوسٹ کا جواب ہے لعنت ہو تم پر لعنت غدار,1
چاری اور اسوقت پاگل ہوچکی ہےکتےکی طرح بھاوبھاوکررہی ہےدیکھا جائےتوصفدر نےاسےگردن سےپکڑ کردیوار سےدےمارا ہےساری عمر کی بدکاریوں بےوفائیوں کابدلہ بس ایک انٹرویو پہ,0
اور اگر انکی حکومت ہو بھی تو اتنا پرٹوکال کیوں یہ کوئ عہدہ رکھتی ہے یا عوام کی خدمت کرتی ہے,0
دہاڑی دار مزدور تتے توے پر بٹھا ہے,1
اللہ کی پنا میں خان دو,0
او کدھر مر گیا انکو تجربہ کار کہنے والا,0
باجوہ اور اسکے حواریوں کو تاریخ معاف نہیں کرے گی,1
جب بھی کبھی ضمیر کہ سودے کی بات ہو ڈٹ جاو حسین رض کے انکار کی طرح حسین کا ماننے والا ڈٹ گیا یزیدیت کے لشکر کے آگے,0
قبول ہے قبول ہے قبول ہے کے بعد پیش خدمت ہے ضمانت ضمانت ضمانت ظالمو تھوڑا شرم کرتے ایک چور کو تو سزا دے دیتے,1
اس دور کا کٹپا باجوہ امریکہ کا پالتو جس نے چوروں کے ساتھ مل کر ایک ایماندار کی حکومت کا تختہ الٹا بلجیم میں اربوں کی پراپرٹی انعام میں ملی لیکن پاکستان کو دشمنوں کے آگے جھونک دیا پاکستان کو اس دلدل سے نکلنے کے لئے پھر سے کئی سال محنت کرنی پڑے گی,1
لو جی لال ٹوپی والے نے تو اپنا فرض ادا کر دیا ٹوئیٹ کر کے جہاد میں اپنا حصہ ڈال دیا ہزاروں آر ٹی لائیکس بھی مل گیا,0
ایسا ہی ہے بیچارا بے جان ایٹم بم اسکو کیا معلوم کتنوں کا دیهاڑی لگی ہے اس کی وجہ سے,0
عمران خان کے چیف آف اسٹاف شہبازگل نے فوج میں بغاوت کے بیان کا اعتراف کرلیا اور سارا ملبہ عمران خان اور پارٹی پالیسی پہ ڈال دیا,0
عالمی اخباروں میں بھی ہیش ٹیگ نظر آنے لگا ویسے اربوں روپےکےچور کے اسٹام پر چھوڑ کر چیف جسٹس کہتا ہے میں حکومت کے اقدامات سے مطمئن نہیں یہ ہے وہ مافیا جو ن لیگ نے سال میں بنائی,1
پورے قوم کو جی ایچ کیو میں اکھٹا ہونا چاہیے اگر کل کوئی بھی ایڈوینچر ہوا اس باجرے کو نکالو جی ایچ کیو سے اور کتے کی طرح گھسیٹوں,1
نہ ہو نومید نومیدی زوال علم و عرفاں ہے امید مرد مومن ہے خدا کے راز دانوں میں نہیں تیرا نشیمن قصر سلطانی کے گنبد پر تو شاہیں ہے بسیرا کر پہاڑوں کی چٹانوں میں,0
انتشار عباسی ویسے سب سے بڑا,1
آج سے ہم نے وہ لفظ نیوٹرل نہیں بولنا سیدھا سیدھا مسٹر باجرہ بولنا ہے دو,1
ہے کھوچلی ہے پیپل پارٹی کی لیکن آج کل نون لیگ کی جیٹھانی بنی یے,1
رل تے گئے آں پر چس بڑی آئی ہے شاہد خاقان عباسی,1
شریف خاندان کی جعلسازی کی ایک لمبی داستان ہے,0
آج صبح ڈنڈو شاہ منڈا میں سانحہ گوسم کے مقتولین کے گھر حاضری تعزیت کی اور واقعے کی تفصیلات لیں,0
نوازشریف سے پچاس روپے اسٹام پیپر لینے پر دن میں چار چار بار پریس کانفرنس ہوتی تھی اب ارب جمع ہوئے وزیراعظم میں ٹویٹ کی ہمت نہیں خواجہ آصف,0
باجوہ اے کی پین یکی کر دتی اے قوم نال مظلوم قوم تے اتنا ظلم,1
فرائی پین سے استری اور بغیر نکاح کے ہمبستری یہ ہے نون لیگ کی ہسٹری,1
آزادی صحافت کے علمبردار وکلاء تنظیمیں لال برگیڈ والے کچھ نہیں بولیں گے کیونکہ انکی زبانوں کو لقوہ ہو گیا ہے,1
حکومت سندھ سے ایک ہفتے میں طریقہء کار ہی طے نہیں ہو پارہا کہ راشن کی مد میں مختص رقم تقسیم کیسے کرنی ہیں اگر صرف لاک ڈاون کرکے ہیرو گیری ہی کرنی تھی تو بہت ہوچکی اب ان لوگوں کی داد رسی کرنے کا وقت ہے,1
یہ رات کو پوری گیم نے سمجھایا ھے کہ اس طرح کرناھے,0
یہ میسج بندیال صاحب کیلیے یے,1
برطانیہ آ کر تسلی ہوئی کہ کوئی تو ایسا ملک یے جہاں گیس کی قیمتیں پاکستان سے زیادہ ہیں خرم دستگیر خان یہ اعتراف نااہلی ہے یا بیغیرتی اور بےحسی کی اعلی ترین مثال,1
اس راستےمیں ہاتھ جوڑنےاور کواپنی ٹانگیں کھولنی تھیں اس نےوہی کیااوربالاخربن گئ لال کرتی کی جرنل رانی اور جاتی امراء کی اس طوائف میں کوئ فرق نہیں عدالتلگاؤ,1
کمپنی کی طرف سے مسلط شدہ وزیراعظم کے تالی بجانے کے بعد مکھے حاضر ہیں,0
بیغیرتی کا کوئ موقع نہیں چھوڑتے,1
ہوئےحاکم انکل سام کے غلام شب آلام ہو سکی نہ تمام حکمراں ہوگئےکمینے لوگ خاک میں مل گئے نگینےلوگ ہرمحب وطن ذلیل ہوا رات کافاصلہ طویل ہوا بےحیائی کوجس نے اپنایا وہی عزت مآب کہلایا حافظ کےجو گیت گاتےرہے وہی پھدولگاتےرہے,1
ٹویٹ نمبر میں پالتو آئی ایم ایف اور پاکستان کو لازم اور ملزوم قرار دے رہے ہیں اب عمران خان دور میں انکے آئی ایم ایف بارے خیالات ملاحظہ فرمائیں,1
جگ جگ جیو ہزاروں سال آپ دونوں کے لیے میری سدا دعا,0
کب سے ادھار تیل کی لیمیٹ بڑھانا اعزاز اور فخر کی بات ھے بیکھاری نیوٹرلز کیلۓ ادھار مانگنا اعزاز و فخر ھو سکتا ھے پاکستانی غیور عوام کیلۓ ذلت و مایہ ننگ ھے دو,1
یہ ہیں جناب سعید ہارون یہ الیکشن کمیشن کی طرف سے پریزائڈنگ آفیسر تھے سینٹ الیکشن کے لیے لیکن سب سے زیادہ یہ در شریفاں کے وفادار ملازمین میں شامل ہیں,1
یہ چند جرنیلز اپنی خاکی وردی کا غلط استعمال کررہے ہیں یہ فسطائیت زور زبردستی دکھا کر عوام کا غصہ اور بھڑکا رہے ہیں بہت جلد تیرے گریبان اور ہمارے ہاتھ ہونگے,1
توشہ خانہ کو بنیاد بنا کر مسلسل پروپیگنڈہ کرتےرہے اب جب سب کا ریکارڈ مانگ لیا گیا تو اب یاد آیا کہ اس سے تحائف دینے والے ممالک کے ساتھ تعلقات خراب ہوں گے حقیقت یہ ہے کہ اپنی چوری سامنے آنے کی وجہ سے بھاگ رے ہیں اور اس لیے قانون میں ترامیم کی تھی کہ,0
پاک فوج کب تک نوازشریف اور اس کی بیٹی کا گند صاف کرتے رہیں گےروزانہ یہ عورت اور اس کا باپ پر لعن طعن کرتے ہیں کبھی ان کے رہنمإہمارا خون کھولتا رہتا ہے کہ ہماری فوج کو یہ بدنام کر رہے ہیں فوج نے ایسی مخالفت پرکےخلاف آپریشن کردیا تھا مگر یہاں خصوصی رعایت دی جارہی ہے,1
خان مارتا کم اور گھسیٹتا زیادہ ہے,0
بولیں گے تو گراں گزرے گاشب خون کی صدائیں بلند ہونگی جمہوریت خطرے میں پڑ جائے گیسندھ کے ساتھ سوتیلا پن ظاہر ہوگا مرسوں مرسوں سندھ نا ڈیسوں کی منادی کرادی جائے گی اٹھارویں ترمیم کو سنگین خطرہ پڑ جائے سندھ باسیو فکر بھٹوزندہ ہے,1
مرشد بیچاری مر رھی ھے اب تو نام لے لے کر دہائیاں دے رھی ھے ایک بار جواب تو دے دو تڑپ رھی ھے بات کرنے کو کیسے خنجر چل رھے ھوں گے اس کے دل پر مرشد ترس کھاؤ,0
ہمیں ان جنگو کے پیچھے لگا کے ہمدردیاں بٹورنا بند کرو,0
عزیر بلوچ سے ناآشناٸی کا اظہار کرنے والی پیپلزپارٹی کی یادداشت واپس لانے کیلیے اس ویڈیو کو انہیں باربار دکھانا چاہیے عزیر بلوچ کی فیملی کا پیپلزپارٹی کی طرف سے ملنے والے امن ایوارڑ سمیت بیان بھی ملاحظہ کریںجیالوں کو اس سے زیادہ اور کیا ثبوت چاہیے,1
لاعلاج لگتا یہ روز دیسی کپی سے شغل فرماتی ہیں,1
ماروی سرمد کے نام قوم کا پیغام کہاں سے تم نے اے ماروی سیکھی ہے یہ بے حیائی کہ چرچا میڈیا میں ہے بدتمیزی کا,1
اس کو کوئی بتائے کہ اس کے خلاف سپریم کورٹ اور سپریم جوڈیشل کونسل میں کرپشن کا مقدمہ چل رہا ہے اس کی اپنی بیوی سپین سے امپورٹد ہے اور اس نے پاکستانی پیسے لوٹ کر لندن میں فلیٹ لیے ہوئے ہیں,1
مریم لوگ شرطیں لگا رہے ہیں کہ کل آپ جی ٹی روڈ سے جائیں گی یا موٹر وے سے میری لاج رکھ لینا جانا تو بس جی ٹی روڈ سے جانا,0
پہلے یہ کتا جنرل باجوہ پر بھونکتا تھا پھر جنرل باجوہ نے رجیم چینج آپریشن کیا نیب ترامیم کروائیں شریف خاندان پر کیسز ختم کروائے ارب روپے کا دیا عمران خان پر قاتلانہ حملہ کروایا ارشد شریف کو قتل کیا اور پھر مریم صفدر کی جنرل باجوہ سے دوستی ہو گئی,1
انٹرنیشنل بغیرت نیازی کو گرفتار کرو,1
ہر زمانے میں چہرے اور نام بدلتے رہتے ہیں مگر منفی شیطانی اور سفلی کردار بار بار ابھر کر سامنے آتے ہیں اور تاریخ کے اوراق میں اپنے بدنما نقوش چھوڑ جاتے ہیں اللہ تعالی کی پھٹکار اور مار ہو دور حاضر کے کردوغلووں میر جعفروں پر,1
میرا خان دنیا کا وہ ہیرا ہے جسکی کوئی قیمت نہیں اس دنیا میں میرا خان ایک انمول برینڈ ہے,0
جن کا لیڈر عمران خان جیسا شیر ہو وہ منصور جیسے کتوں کے بھونکنے سے اپنے مقصد سے پیچھے نہیں ہٹیں گے اور نہ ان کی دھمکیوں سے ڈرے گے,1
کہتے ہیں قانون غریب کا رکھوالا ہےسب جھوٹ کہتے ہیںیہ قانون کوٹھے پہ بیٹھی وہ رنڈی ہے جو امیر کو تو میسر ہے لیکن بغیر پیسے والے کی طرف دیکھنا تو دور الٹا اس پے تھوکتی ہے منٹو موجی عدالتوں میں بیٹھے کنجررروں نے بھی أج کچھ ایسا ہی کیا,1
پاکستان کی اسٹیبلشمنٹ ایک چک لہ ہے جہاں سے باجوہ اور میجر جنرل فیصل نصیر جیسی ملک غدار گشتیاں پیدا ہوتی ہیں جو صرف اپنے گھر پاکستان کو برباد کرتی ہیں کیونکہ دشمن سے لڑنے کی انکی اوقات نہیں ہوتی,1
حکومت نے عمران خان کو سیاست سے مائنس کرنے کہ لیے توشہ خانہ اور دہشتگردی سمیت درجنوں مقدمات بنا لیے لیکن عمران خان کی سیاست نہیں ختم کرسکے پارس جہانزیب,0
یہ قطری اور جندال کے بارے میں کہہ رہی ہے آگے آپ سمجھدار ہیں عدالتلگاؤ,0
الیکشن کمیشن کو پی ٹی آئی کے مذید ارکان اسمبلی کے استعفے موصولنام بھی سامنے آگئے,0
چھپ کر پیٹھ پر وار کیا اور سازش کی وہ عوام میں آگیا جھوٹے مقدمے بنائے وہ عوام کی عدالت میں آگیا اور عوام نے اسے دلوں کا وزیراعظم بنا لیا ہے اب نہ خان اکیلا ہے نہ عوام,0
کیوں تساں کدی سکول نہیں گئے توانوں نہیں پتا ہی ہے,0
مسلم لیگ ن میں دھڑے بندی کھل کر سامنے آ گئی مریم نواز کو چیف آرگنائزر بنانے پر شہباز گروپ ناراض,0
پاکستانی میڈیا پر بھی آج کل یہی کچھ دیکھنے میں آرہا ہےٹی وی چینلز پر صحافی جس طرح ایک دوسرے کی پگڑیاں اچھالنے اور پردہ چاک کرنے میں مصروف ہیں اسے دیکھ کرہم جیسے بے خبر لوگوں کی معلومات میں بیش بہا اضافہ ہو رہا ہے,0
پلیز مجھے بتا دیں آپ کہاں تھے کارکنوں کو تعنے مارے کے بعد آپ تھے کہاں کارکن ہزاروں میں آپ ندارت,0
کوئی مذاکرات نہیں ہونے تم لوگو کو سندھ سے جوتے مار مار کے نکالنا ہے,1
وردی والے کے کرامات جو اپنی ماہ کے ساتھ زیادتی ھو رہی ھے اور وہ مزے سے دیکھ رہا ھے باجوہ غدار,1
ن لیگی یا پیپلی ہو اور حرامی نا ہو ناممکن ہے بشیرے شغل دا حرامدہ منڈا طاہر شغل رنگ بازی وچ اپنی کھوتی لیڈر دا وی پیو نکلیا جے فوٹوشاپ ڈرامہ,1
پیپلز پارٹی کا کرپشن کے خلاف احتجاج ایسے ہے جیسے سنی لیون فحاشی کے خلاف احتجاج کرے طلال چوہدری,1
ففتھ جنریشن وار کا سبق آپ نے ہی سیکھایا تھا اور اب یہ تمام واریر آپ ہی کے خلاف کیوں ہو گئے ہیں ذرا سوچنا ضرور جنرل باجوہ سانپ,1
کسی سے جداہونا اگر اتنا آسان ہوتا فراز تو جسم سے روح کو لینے کبھی فرشتے نہیں آتے,0
انشاءاللہ ڈڈو کے منہ والا میں بھی اتنا ہی زلیل و خوار ہوا تھا جتنا میں ہوا,1
چور ہوں تو کیا ہوا اسٹیبلشمنٹ کا تو پیارا ہوں راج دلارا یوں شہباز شریف,1
پاکستان میں ہر ادارے کی اچھی طرح چھانٹی ہونی چاہیے اور ایسے تمام لوگ جو بغیر کسی صلاحیت کے یا سفارش پر بھرتی کیے گئے ہوں انہیں اٹھا کر باہر پھینک چاہیے اور ہاں خاص طور پر عدلیہ میں جو لوگ ریوڑیاں بیچنے کے قابل بھی نہیں خدارا انہیں گھر بھیجیں ایسےجاہل عدلیہ کے نام پر دھبہ ہیں,1
نوازشریف ایک سانپ ہے اسنے پاکستان اور پاکستانی قوم کو ڈسا پاکستانی اداروں کو ڈسا اور حال ہی میں رانا شمیم کو بھی ڈس گیا رانا شمیم نے جعلی حلف نامہ برطانوی ہوم آفس کے لیے دیا اور نواز شریف نے اس سے پوچھے بغیر پالتو انثار عباسی کے زریعے شایع کروا دیا اب دونوں پالتؤوں کی,1
جو پنکی آنٹی کو خوب مال کھلائے گھڑی چور کو وہ فیس پسند ہے,1
گیارہ پارٹیاں اور تمام بیرونی قوتیں ایک ہو کر جس شھزادے کا مقابلہ کر رہی ہیںالحمدللہ میں اس کپتان کا کھلاڑی ہوں,0
ایک عورت کےذاتی فعل کو بنیاد بنا کر مخصوص ٹولہ پاک فوج کےخلاف بغض نکال رہا ہے فوجیوں کی وہ بیویاں مائیں بھی ہیں جو اپنے شوہروں اور بیٹوں کے بجائے خون آلود یونیفارم وصول کرتی ہیں خدارا فرد واحد کی غلطی کو فرد واحد کی ہی غلطی رہنے دے,1
آپ کو یہ تو ماننا پڑے گا کہ ن لیگ نےجتنی سردی میں عوام کو اتنی تعداد میں نکالا عمران خان کے جلسےجتنے بھی بڑے تھے وہ اتنی سردی میں کبھی نہیں ہوئے کہ جہاں مریم نےبھی کہا کہ میری قلفی جم گئی ہے,0
میں نہیں بولدی میرے وچوں میرا یار بولدا,0
پرویز مشرف نے اس کمپنی سے کرپٹ سیاستدانوں کی جائدادیں ڈھونڈنے کا معاہدہ کیا جو کمپنی نے پورا کیامگر مشرف نے معاہدہ کینسل کیا جس کی بنیاد پر کمپنی نے کیس کیا کہ ہمارا کام تو مکمل تھا پھر ہمیں کیوں فارغ کیا کمپنی بالکل حق پر تھی,1
سیاستدان ججوں کی ویڈیوز نکال کر فارغ کرادیں تو وہ حق کی فتح ہے اداروں ججوں کی جائیدادیں نکالیں تو وہ جاسوسی ہے سازش ہے اجرتی دانشور مافیا جو بیانیے بناتاہے اس ملک کا ناسور ہے,1
مزاکرات کے استعفے کے بعد ہونگے مولآنہ او ماما آپ ہیں کون آپ کی اوقات محکمہ مذاکرات کیسے مذاکرات کیوں حکومت کو ضرورت کیا پڑی ہے مذاکرات کی اور وہ بھی آپ سے ہزار کی لیڈ سے ہارا ہوا صرف ووٹرز کا نمائندہ نیب ذدہ مولوی تو مذاق رات کے بھی قابل نہیں,1
آپکی بات درست ہےمیں فزکلی ان رہا ہوں اب آپکا گلہ دور کریں گے,0
سندھ میں ایک ہی دن میں افراد کو کتوں نے کاٹ لیا متاثرین میں بچے بھی شامل ہیں مرتضی وہاب سے گزارش ہے کہ ان لوگوں کو بھی ان مریضوں میں شامل کر لیں جو باہر کے ممالک سے آ کر سندھ میں علاج کرواتے ہیں اور ان زخمیوں کو اب کتے کاٹے کی ویکسین فراہم کر دیں,1
جب تک سپورٹ کر رہا تھا باپ تھا اب گالیاں دے رہے ہو اوے کون لوک او تسی,1
نواز شریف اور شہباز شریف دونوں بھائیوں کی انتقامی سوچ ہے یہ انکو لے ڈوبے گی اعظمی بخاری,1
آب کی باری ڈونکی راجہ رانا صاحب تن کے رکھو,1
مراد سعید نے قومی اسمبلی میں دشمنوں کے ایجنڈے پر کام کرنے والے سمیت لیگیوںپیپلیوں وغیرہ کی بہترین انداز میں چھترول کی,1
جو اب بھی نہ سمجھ سکے کہ غلط فیصلہ کیا گیا تو اللہ ہدائیت دے,0
لگتا ہے بغلول کو اربوں ڈالرز ملے ہے رجیم چینج آپریشن کیلئے,1
سن لو ھم تمھاری حکومت کو نہیں مانتے تمھارے لگاۓ آرمی چیف کو کیسے مانیں گے خاندانی بےنسلے باجوہ میری فوج کو مزید بدنام مت کرو,1
بیغرت اگر ہمت ہے تو پیٹی ائی کا گروان پکڑوں علی وزیر نے کیا بیگھاڑہ ہے,1
سر عاصم باجوہ کیخلاف ٹرینڈ وھی لوگ کررھے جنھوں نے بھاشا ڈیم کیخلاف ٹرینڈ کیا اصل مسئلہ اثاثے نھیں بلکہ سی پیک اور سی پیک سے جڑا ھر مثبت کردار ھے اصل مسئلہ پاکستان کی ترقی ھے سر عاصم باجوہ پاکستان کا فخر ھیں,1
منحوس انسان الا اس کی نسلیں برباد کرے,1
عمران خان کی حکومت اگلے ایک دو مہینے میں ختم ہو جائے گی اور نوازشریف کی سزا معاف ہو جائے گی ٹچہ جی عمل چھوڑتے ہوئے,1
مولانا طارق جمیل ان چکلے کی اولادو کو ٹھیک ہی کہتے ھیں,1
جسٹس قاضی فائز عیسی نے جون کے فیصلے کے خلاف نظر ثانی کی اپیل دائر کر دی اپیل میں شارٹ آرڈر پر عملدرآمد نہ کرنیکی استدعا بھی کی گئی ہے مٹھائی نہیں کھانی سی کنجرو تے اوہ وی سامنے آؤ جیہڑے کہندے سن کی نے منی ٹریل ایف بی آر میں جمع کروا دی ہے,1
غریب بلوچستان کا ایک سابق وزیر خزانہ خالد لانگو جو برطانیہ میں ویٹر تھا بلوچستان میں آکر وزیر خزانہ بنا ساڑھے گیارہ ارب روپے غبن کیا ڈیڑھ سال قید گزار کر اب یورپ میں عیاشی کی زندگی گزار رہا ہے,0
سرپراٸز کپتان کو پیٹرن انچیف بنانے کا فیصلہ اب کر دو نااہل پیٹرن انچیف عمران خان پیٹرن انچیف کا مطلب پیٹرن انچیف کو پارٹی امور اور پارٹی کو ہر حکم ماننا ہوگا نہ ماننے کی صورت میں پیٹرن انچیف کسی بھی بندے کو بغیر شوکاز کے پارٹی سے نکال سکتا ہے,0
صرف ڈر نہیں رہے سازشیں بھی کر رہے ہیں لیڈر شب کا مطلب یہ ہونا چاہئیے ان لوگوں کا حل نکالیں نہ کے پارٹی کے جسم پہ اس رستے ہوئے زخم کو اتنا پالیں کی ساری پارٹی میں سرطان کی طرح پھیل کر جسم کو ہی ختم کر دے,0
دے دو استعفی لوگ جھولیاں بھر بھر تمھیں بد دعائیں دے رہے ہیں,0
پورا تو امریکی جوتوں میں پڑا ہے,0
سچ سننے کی قوت پیدا کریں اپنے اندر بجائے ٹویٹیں ڈیلیٹ کرانے کے پلیز نہ یہ شخص پہلا تھا نہ آخری جس نے ایسا کہا سنیں گے نہیں تو ازالہ کیسے کریں گے,0
جو اٹھتے بیٹھتے غداری کے فتوے ہر اس شخص پہ لگاتے تھے جس سے اختلاف ہو اب چوپ رہے ہیں ان کا آپس ہی میں جب اختلاف ہو گیا تو ایک سائڈ نے دوسری پہ بیرونی سازش کا حصہ یعنی غداری لگا دی اس الزام تراشی میں سرونگ اروریٹائرڈ فوجی اینکر وزیر آعظم اور یوتھئیے سب شامل ہیں,0
باجوہ سے پہلے بھی بہت جرنیل بغیرت آئے ہیں ہے ان کا نام و نشان نہیں ہے تیرا بھی نام و نشان مٹا دیا جائے گا تیرے اندر دم لگا کے دیکھ ہم عوام بھی اپنا زور لگا کر دیکھیں گے تو روک کے دکھاؤ اب تمہارے بھی کپڑے نکالے گے,1
اب ہوائیں خود ہی کریں گی روشنی کا فیصلہ جس دیہ میں جان ہو گی وہ دیہ رہ جائے گا,0
حامد میر کی زندگی ایک اصول کے تحت چلتی ہے اور وہ ہے کہ نوکر کی تے نخرہ کی,0
میں سینیٹ چیرمین کو ہٹانے کے حق میں بھی نہیں تھا اور نہ مجھے ابھی جو ان ہاؤس تبدیلی لانے کی باتیں کی جا ری ہیں اس کا علم ہے کل لندن جا رے ہیں وہاں پارٹی میٹنگ ہوگی اور آیندہ کی حکمتی عملی اپنائی جاۓ گی,0
شیر آپنے جنگل میں موجود رہتا ہے ہے بھاگتا نہیں جنگل چھوڑ کر,0
ذہنی پستی غلامی کی زندہ مثال اب حامد میر عاصمہ شیرازی ایسے سب نیپال چلے جائیں گے,1
حکومت کے ہزار لینے کے بعد شاپنگ تو بنتا ہے نا,0
مسنگ پرسنز کے نام پر دہشتگرد کی ڈی پی اور کوئٹہ جلسے میں استقبال کرنے والا کرمنل,1
ہاتھوں میں ہاتھ دو عمران خان کا ساتھ دو,0
بھتیجی کہتی ہے ایک نوالہ حرام نہیں کھایا چچا کہتا ہے ایک دھیلے کی کرپشن نہیں کی نواز شریف پوچھتا ہے مجھے کیوں نکالا زرداری کہتا ہے کوئی غریب کا پیسہ کھائے تو غصہ آتا ہے سوال یہ ہے ہمیں پھر لوٹا کس نے,1
جو کہتا ہے کرتا ہے اور جو نہیں کہتا وہ دفینیٹلی کرتا ہے,0
احسن اقبال نے نوازشریف کو بگوڑا مان لیا,1
لگتا ہے پی ڈی ایم سرکار کی مزید حمایت کرنا اب حامد میر کے لیے بھی ممکن نہیں رہا,0
پی پی نے جبکہ ن لیگ نے جعلی لائسنس جاری کیے تمام حرامخوروں کو معطل کر دیا گیا پی آئی اے پھر سے ابھرے گی ان شاءاللہ,1
دونوں کا کہنا ہے اسٹیبلشمنٹ نے انکو نکالا اب غور کرنا ٹرمپ بھی نواز شریف کی طرح بھونکتا ہے یا نہیںہرگز نہیں بھونکے گا کیونکہ بےنسلے کتے صرف ہم ہی پالتے ہیں,1
جب انسان مریم نواز کا پالتو ہو تو دماغ کس طرح ماؤف یو جاتا ہے یہ کامران شاہد کو سن کر اندازہ لگا لیں اس کو شہباز شریف کے خلاف کی انوسٹیگیشن نظر نہیں آتی نیشنل کرائم ایجنسی کی جس رپورٹ کا زکر کر رہا یے اس کا شہباز شریف سے کوئی لینا دینا نہیں,0
علی وزیر نے غیر قانونی بس اسٹینڈ بنایا ہوا تھا پہلی بات تو یہ کہ آپ کو یہ بھی پتہ ہے بڑی دلچسپی رکھتے ہیں آپ مبینہ معمولی جرائم میں اور دوسری بات یہ کہ آپ اپنے زلزلہ پروف محل کے بارے میں بتانا پسند کریں گے کہ پیسے کہاں سے آئے,0
انشاءاللہ ہم تم کو کبھی نہیں بھولے گے قبر کی دیواروں کہ بعد بھی یہ قوم تم جیسے دلے کو یاد رکھے گی جس نے اس ملک کی بنیادوں کو ہلا کہ رکھ دیا,1
سب مل کر دعا کریں شراب کی بوتل میں شہد پینے والے کو اللہ رب العزت اسے جلد اپنے پاس بلا لے تاکہ مزید گناہ نہ کر سکے امین یا رب العالمین,0
سال اسی سوچ نے احتساب نہیں ہونے دیا کہ جانے دیں,0
وزیر اعظم عمران خان کا دونوں کو بندے کا پتر بننے کا مشورہ,1
چرسی خان پہلی بار مرشدکو ملا پنکی نے کہا آپ پر جادو ہے دونوں ہاتھ چہرے پر پھیر کر کہا دوباراور دم کیلئے آنا پڑیگا چرسی دوبار لاہور ملنے گئے تیسری بار مرشد بنی گالہ شفٹ ہوگئیں عون چوہدری,1
ناقابل اشاعت آرٹیکلعدلیہ میں سیاسی بھرتیاں بند کریں اس آرٹیکل کے آخری پیراگراف میں ججوں کے متعلق صرف لائن تھی جس کی وجہ سے یہ آرٹیکل شائع نہیں ہوسکا,1
سازش نہی ھوئی مداخلت ھوئی ھے اور مداخلت کو روکنا ٹریفک پولیس کا کام ہے نیوٹرلز ہمارا کام سازش کو مداخلت میں تبدیل کرنا اس دھمکی پر لیٹ جانا قوم کو چ بناتے رہنا بجٹ انجوائے کرنا اور ڈی ایچ اے کی زمینوں کے ٹھیکے اور کمیشن کمانا ہے سوری انکل حقیقت بتائی,1
ابھی وہ بنی گالا سے نہیں نکلا,0
میں ایک تقریر میں عطاء تارڑ کو گالیاں دیتے سنا ہے میں مفتاح اسماعیل کو ٹی وی پر گالی دیتے دیکھا اور میں ن لیگیوں کو پوسٹ پر وہ گالیاں دیتے پڑھا کہ مجھے لگا کہ میں پتہ نہیں کون سے گند میں آ گئی ہوں,1
ڈیزل کو ابو بنایا کچھ نہ پایا زرداری کو ابو بنایا کچھ نہ پایا فائز عیسی کو ابو بنایا کچھ نہ پایا ترین کو ابو بنایا کچھ نہ پایا کرونا کو ابو بنایا کچھ نہ پایا تحریک لبیک کو ابو بنایا کچھ نہ پایا ہر کسی کو آزمایا ابو بنایا کچھ نہ پایا اب لاہور ہائیکورٹ پر تکیہ کئے بیٹھے ہیں,1
اس بے غیرت دفاع تو دور کی بات ہم تو باجوے کی چھترول کی ویڈیو شئر کر رہے ہیں یہ ہے ہی اسی قابل,1
لو جی افغانستان نے بھی حملہ کیا لگتا کے پی کے افغانستان کا ہو جائے گا کیوں کہ ہمارے سجیلے جوان لوگوں کو ننگا کرنے میں لگے ہیں بھروے کتے فوجی باجوہ کتے کی باقیات ہیں ابھی فوج میں,1
کاش اس بیغیرت میں رتی برابر غیرت ہوتی,1
نواز شریف سے بھی جب رسیدیں مانگی گئیں تو اسے شورش کاشمیری یاد آیا تھا لیکن رسیدیں نہیں ملی یہی حال اس کرپشن زدہ جج کا ہے,1
آڈیوز دہشت گردی کے مقدمات توشہ خانہ اور درجنوں پراپیگنڈا کے بعد اب پیش خدمت ہے شوکت خانم اسپتال اب دیکھیئے گا اس سال وہاں بھی ریکارڈ فنڈنگ ہو گیعمران ریاض خان گمنام سپاہی,0
آج کے پالتو اپنے مالک سے وفاداری دیکھانے کے لئے پاکستان اور پاک فوج پہ بھونک رہے ایسوں کو اب پٹہ ڈالنے کی ضرورت ہے مزید ان کو ڈھیل نہیں دینی چاہیے,1
یہ تو بہت بڑی خبر ہے کس نے دی آپ کو,0
بیغیرت انسان کتے کے بچے,1
گڑیا رانی اس سارے کام کی ملکہ ہے یعنی نائکہ,0
عوام سب جانتی ہے کہ ملک فروش غدار کون ہے اس سے پہلے عوام چورکردار کو مار بھگائے چورکردار اپنے چھوڑے سور واپس بلا لے شفاف الیکشن کروائے باقی سب اس کی کٹھپتلیاں ہیں,0
وہ باجوے کے چالیس ارب سے لے لیں,0
شوگر مل مالکان حکمرانوں کی پالیسیوں کی وجہ سے کی جو تک آخری سانسوں تک آ چکی تھی اسے موجودہ حکومت نے صرف سال میں ایسے بحال کیا کہ کے بعد یہ صنعت پہلی بار اپنی بھرپور صلاحیت میں کام کرتی دکھائی دی,1
نے آج کے ولاگ میں باجوہ کی پچھلے چار سالوں کی غداری اور کرپشن کا کچہ چھٹہ کھول دیا کس طرح کو ٹریپ کرتا رہا ہے,0
نوازشریف اور کی تقریروں کی ہوا ایک دن میں ہی نکال دی ہے بہت اچھے وقت پر شہباز بلاول اور مولنا ڈیزل کی فوجی قیادت سے ہوئی ملاقات کو پبلک کر دیا گیا ہے میں بھڑکیں اور پیچھے سے ملاقات کے لیے ترلے در فٹے منہ انقلاب دا وائئ,1
کینڈین گورنمنٹ بھی ایک لعنتی پر لعنت ڈالتے ہوئے شکر ادا کر رہی کہ ان کے پیسے بچ گئے ایک چور کے ہاتھ سے,1
نواز شریف کے خلاف اس کے دادا کے زمانے سے ہر کاپی کتاب کا حساب کیا گیا لیکن ایک دھیلے کی کرپشن ثابت نہ کر سکے یہاں چور چیخ چیخ کر کہتا ہے ہاں میں چور ہو لیکن کوئی انصاف نہیں کر پا رہا تھو,1
وزیر اعظم عمران خان کا یہ پیغام تمام پاکستانیوں کیلیے یے پاکستان کی بقا اور سلامتی کرپشن کے خاتمے پر منحصر ہے شریف اور زرداری خاندان جیسی جونکیں اور پاکستان اکٹھے نہیں چل سکتے,1
آج بھلا کیا بنایا سندھی بریانی اور پشوری چپل کباب,0
کرائم منسٹر نے اقرار کر لیا کہ آڈیوز اصلی ہیں یعنی وزیراعظم ہاؤس شریف خاندان کی کرپشن کا مرکز بن چکا یے سموسوں کی قیمت اور دو بوتل شراب پر نوٹس لینی والی عدلیہ ستو پی کر سو رہی یے اور ملک لٹ رہا یے,1
بربادی گلشن کی خاطر بس ایک ہی آلو کافی ہے ہر شاخ پہ الو بیٹھا ہے انجام گلستان کیا ہوگا,0
نا کریں بابا جی اس بیچاری کی کوئی اوقات نہیں فارمسسٹ ہے لیکن مریم کی فوٹوز کھینچی یے,1
جب حکومت میں گھڑی چور تھا تو اسکے بھاشن اور تھے اب اور ہیںیہ کیسا عدالتی بنایا گیاصادق و امین ہے جو خائن بھی ہے گھڑی چور بھی ہےاور ناجائز بیٹی کا باپ بھی ہے ہے نہ عجیب,1
مراد علی شاہ کا سندھ سے سینیٹ کی سیٹیں جیتنے کے بیان ڈاگ ٹریڈنگ کا اعراف ہے بال اب سپریم کورٹ کے پاس ہے خدارا پاکستانی سیاست سے کرپشن کی لعنت کا خاتمہ کریں,1
اللہ رب العزت جلال والاکرام عمران خان کو عزت عظمت تندرستی اور کامیابی عطا فرمائے امین میں کہتا ہوں عمران خان اب کسی رکنے والا نہیں,0
خیبرپختونخوا کے سیلاب سے متاثرہ اضلاع کے سکولوں کی بحالی ارب روپے جبکہ سکولوں کو ارب روپے خرچ کر کے اپ گریڈ کیا,0
اندھیر نگری چوپٹ راج یہ ن لیگ کا وہ پولتو کتا ھے جس حرام زادے کی وجہ سے حمزہ شہباز زبردستی وزیر اعلی بنا,1
عرض کیا ہے زمانہ اے جاڑ دا باجوہ حرام دا,1
یہ تو خنزیرستان ہےجس میں خنزیروں کی حکومت ہے جنہوں نے اودھم مچایا ہوا ہے جتنا گند مچانا ہے مچا لو ہم دیکھیں گےوہ دن کہ جس کا وعدہ ہے ہم دیکھیں گے,1
پاکستانیوں کا برسراقتدار آنے والے ہر حکمران کو اپنا نجات دہندہ سمجھ کر اس کی غیر معمولی عزت افزائی کرنا اور پھر چند ماہ بعد اس سے نجات کے لئے شاہراہوں پر آ جانا اور مخالفانہ نعرے لگانا ان کے سیاسی شعور پر ایک بڑا سوالیہ نشان ہے,0
مجھے پنجابی ٹپے ڈاکیومینٹ کرنے ہیں فورا سے پیشتر اس سے پہلے کہ وہ ہماری اجتماعی یاداشت سے کھو جائیں آجکل کے بچے تو فلموں کے گونوں پہ ادھم کود کر کہ آ جاتے ہیں روائت مر چکی ہے بلکہ دیگر شادیوں کے گانے بھی بھیجیں میں کمپائل کرتی ہوں,0
مریم نواز کے پاس ایسی کونسی گیڈر سنگھی ہے کہ نگران حکومت ہو یا کوئی بھی اس کےآگے ہی لیٹے ہوئے ہیں سرگودھا میں مریم نواز سرکاری پروٹوکول انجوائے کرتے ہوئے,0
لفافے والے کبھی بھی سچ نہیں بولیں گے,1
سرکاری خزانے سے نے کروڑوں روپے نعمے بنانے پر پھونک دیے لیکن کوئی رسیدیں نہیں یہ ادارہ بھی اپنے باس نواز شریف کی طرح ملک و قوم کو لوٹ رہا ہے,1
جب سوال سیلیبس سے باہر آ جائے تو نالائق طالب علم کی شکل کچھ ایسی ہوتی ہے,1
یہ احمد ناصر چٹھہ ہیں اس نر آدمی کو چار گولیاں لگیں تھیں لیکن آج دوبارہ حقیقی آزادی کی جنگ میں شامل تھا,1
انشاءاللہ آج کشمیر میں عمران خان کی جیت سے کشمیری بھارت میں مودی کو اور پاکستان میں مودی کے یاروں کو زناٹے دار تھپڑ رسید کریں گے,1
ایکیں نہیں آپ نہیں پوری پاکستان کی فوج باجوہ کو گالیاں دیتی ہینیہ بددعائیں اسکا پیچھا قبر تک نہیں چھوڑیں گی,1
بلاول نے شہباز کو چھوٹی تقریر کرنے کو کہہ دیا میں نے لوگوں کو کھانا کھلانا ہے,0
اوی راسکلز سورری نیوٹرلز دیسی رجیم چینج آپریشن سے ٹاٸم ملے تو ادھر بھی کچھ دھیان دو کویی ٨١٠ ارب ادھر بھی لگا لو نصر من اللـه وفتح قريب دو,1
جی ہاں بالکل درست کہا آر ٹی ایس سسٹم لگا کر نشستیں چرا کر پی ٹی آئی کی نشستوں پر کتے بٹھا کر سسٹم کو ہلا کر پورا قوم تباہ کرکے رکھ دیا نے,1
بیٹا تیرے سارے جھوٹ پکڑے گئے ہیں ثبوت کے ساتھ سیکٹری ہیلتھ کے دن پرانا خط سامنے آنے کے بعد عوام کو مرنے کے لیے چھوڑ دیا تھا آعذاب تو تیرے پہ آئے گا ہی آئے گا,0
نون لیگ کی طرف سے چلائے گئے ہر بیہودہ ٹرینڈ کے پیچھے پورن وڈیوز کی ڈائریکٹر اور ایکٹر کیلیبری قطری چورنی بگوڑی ہوتی ہے,1
فالوبیک نہ ملنے کی وجہ سے ان لوگوں کو ان فالو کیا جاتا ہے,0
بندہ اگر اوریا مقبول بےجان کو چند منٹ سن لے تو اسے لگےگا کہ پاکستان دنیا کاسب سے زیادہ فحاشی والا ملک ہےجس کی خواتین اپنے مختصر لباس کی وجہ سے یہاں آنے والے ہر عذاب کی ذمہ دار ہیںان کو کوڑے لگنے چاہیئںملک میں فی الفور سپہ سالار کی قیادت میں اسلامی صدارتی نظام نافذ کر دیا جائے,1
یہ لیول ہے پاکستان کے بیغیرت پالتؤوں کا یہ پچھلے سال سے خان صاحب کی حکومت ختم کر کے سوتا ہے لیکن اگلے روز خان صاحب کو ہی وزیراعظم پاتا یے,1
حکومت کو چاہیے کہ اپوزیشن کے استعفوں کی نادرہ سے تصدیق کروالے کہیں استعفے بھی مریم پر نچھاور کیے جانے والے نوٹوںٹرسٹ ڈیڈ اور کیلبری فونٹ کی طرح جعلی ہی نہ ہوں,1
خاندان شریفاں کے در کے کچھ سرکردہ غلام انکا جینامرنا بولنا چپ ہو جانا سونا جاگنا حتی کہ سانس لینا مالکن گیراجن کے حکم کے تابع ہےیہ صحافتی طوائفیں عوام الناس کو گمراہ کرنے میں کوئی کثر نہیں چھوڑتیں صلے میں انکے حصے میں شریفوں کے بچوں کا صدقہ برابر برابر تقسیم ہوتا ہے,1
کہنے کو تو مگر لہجہ بھکاریوں والا,0
ملنگ بندہ ہے ہمارا کپتان بھی اور ایسا کوئی من موجی ہے تو دکھائیں,0
جا تےجاتےتم نے آواز تو دی ہوگی ہر وقت یہی ہے غم اس و قت کہاں تھے ہم کہاں تم چلے گئے دیکھےآپ کہاں چلےگئے پلیز واپس آجائے آپ بہت یاد آتے ہیں ہمیں آپ کی ضرورت ہے دیکھےآپ نے کہا تھاآپکے بعدواپس گے,1
عمران احمد خان نیازی نے امپورٹڈ ناجائز کرمنلز کی سرکار اور کو سر بازار ننگا کر دیا ہے,1
عدالتیں بھی کیا کریں ان کی فائیلیں بھی کے پاس ہیں,0
ان سب میں سے سب سے بڑا حرامی کون ہے صحیح جواب دینے والے یا والی کو شاؤٹ آؤٹ دیا جائے گا,1
پرانے پاکستان میں آٹا شیر کھا جاتا گندم چوہے,0
چلو جی سعودی عرب اور نے جو بائیڈن کا فون سننے سے انکار کر دیا کوئی ٹیگ کرے ہمارے خودساختہ دانشوروں کو اور عزت نفس اور غیرت سے عاری شہباز شریف زرداری اور فضلانڈو جو امریکہ اور یورپ کو باپ کا درجہ دیتے ہیں,1
یہ نیب عدلیہ وغیرہ سب ڈرامہ ہےاس ملک کی بیروکریسی دہایوں سےلوٹنےوالی الیٹ ہی یہاں کانظام ہیں ااگراب بھی کسیکوسمجھ نہیں آتی تواسےتوپوں کی سلامی اپنی منزل نابھولیں کوئی بھی آپکومنرل تک نہیں پہنچاسکتاصرف راستہ دکھا سکتاکچھ ساتھ دےسکتا باقی سفرآپکا مایوس نہیں ہونایہ نظام گراناہے,1
پاکستان دنیا کا واحد ایسا ملک ہے جس میں ایک کرپٹ جعلساز حرامخور کی بیٹی میں کہتی ہے کہ میری میرے خاندان کی لندن تو کیا پاکستان میں بھی کوئی پراپرٹی نہیں میں خود اعتراف کرتی ہے کہ میرے تقریبا ایک ارب کے ذاتی اثاثے ہیں,1
وڈیو تو نہیں بنی بابا جانی,1
اسٹیبلشمنٹ کلاتھ ہاؤس نے بہتر انداز میں سمجھا دیا کس کو واسکٹ اور کس کو شیروانی پہنانی ہے اس کا فیصلہ یہ کرتے ہیں,0
سنیے میجر عادل راجہ سے کہ کس طرح کور کمانڈر گوجرانوالہ لیفٹیننٹ جنرل عامر ڈائریکٹر جنرل کور میجر جنرل فیصل نصیر برگیڈیر فہیم اور برگیڈیر راشد نے شہباز شریف اور راناثناء کیساتھ مل کر خان صاحب کو قتل کرنے کی سازش کی,1
لنڈے کے ارسطو نے کل عمران خان حکومت پر کشمیر کا سودہ کرنے کا الزام لگایا اس تھریڈ میں آپ کو سب کچھ ملے کا کہ کشمیر کا اصل سوداگر کون تھا,1
ہے اس کے ساتھ کام کرنے وہ بھیڑیے جنہوں نے خاکی وردی پہن کر اس قوم کا ماوں اور بیٹیوں کو بھی نہیں بخشا ان سرعام پھانسی ہونی چاہیے,1
پاکستان سے اس طرح کی سیاست کو ہمیشہ ہمیشہ کے لیے ختم کر دینا چاہیے اور اس کو صرف ہم عوام ہی ختم کر سکتے ہے,0
کے خلاف ننگی گالی سارا دن ٹاپ ٹرینڈ ہوتی رہی تو سارے شہر کو اخلاقیات یاد آ گئیں,1
یہ سب گرفتاریاں ایک گشتی مریم صفدر اور بھڑوے نواز شریف کی خواہش پر کی جارہی ہیں پاکستان کا سارا نظام اس گشتی اور بھڑوے نے یرغمال بنا رکھا ہے,1
فوری الیکشن نہ ہوئے تو سری لنکا جیسے حالات پیدا ہو سکتے ہیں چیئرمین عمران خان,0
غداروں کے غدار کا میرجعفرمیرصادق بیغیرت کتا کہتاہے کہ پی ٹی آئی اور عمران خان حکومت میں رہتےتو پاکستان نا رہتا کتے توں نے حرامی پن دکھاکرغداری کرکےھمارے خان کوحکومت سےنکالہ تھا ان شاء اللہ تعالی پاکستانی عوام اسےدوبارہ لاۓگی حکومت میں,1
ایک طرف عمران خان کو راستے سے ہٹانے کی یقین دہانیاں مگر دوسری طرف یہ بندہ اور کچھ دیگر لوگوں کی جڑیں کاٹ رہا ہے یہ جس پر لگا ہوا ہے اگر کامیابی مل گئی تو یہ سب سے بڑا سرپرائز ہوگا,0
کیا فوج ان ظالم سرداروں کی پشت پناہی چھوڑے گی,0
بقول اسرائیلی شہری نور دہری کے نوازشریف اور بینظیر بھٹو نے اپنے سفیر اسرائیل بھیجے تاکہ سفارتی تعلقات استوار کیے جا سکیں آج یہ اپنے بیشرم بوتھوں سے عمران خان کو یہودی ایجنٹ کہتے ہیں,1
نون لیگ کے لیے پہلے جمعہ کا دن بدقسمتی کی علامت تھااب ہر اتوار نون لیگی قبضہ مافیا کے لیے قیامت بن کر طلوع ہوتا ہے ان خبیسوں نے پورے پنجاب میں سرکاری اور غریبوں کی زمینوں پر ناجائز قبضے کیے ہوئے ہیںاب یہ رمین واگزار کروائی جا رہی ہے,1
اتنی سرمایہ کاری ان پر کی اور یہ نتیجہ ہے کل کا بچہ ان کو سر نہیں اٹھانے دے رہا مریم صفدر صاحبہ ان سب کی اس ماہ تنخواہ کاٹو نوازشریف,0
تیرا پورا خاندان دلا لعنت ہے تیری گندی زبان پہ یہی کچھ سیکھا تم نے,1
تم لوگ اپنی میں کیوں نہیں رهتے اپنی تک رہو ایک دائرے میں,0
قوم کے پاس ایک ہی آپشن ہے عمران خان,0
ٹڈی دل سے نمٹنے کے لۓ شہباز گجر سے معلوم کریں یا جیسے اس مردود نے ٹٹی خانوں کی افتتاح کرنے کے لۓ ٹٹی خانے کے باھر اپنی ٹٹی جیسی تصویر لگائ ھوئ تھی ویسے ھی ٹڈی دل والے علاقے میں اس منھوس شہباز گجر شریف کی تصویر لگا دو,1
ماشاءاللہ قائداعظم ثانی عمران خان اللہ انکی قیادت میں پاکستان کو دن دگنی رات چوگنی ترقی عطا فرمائے آمین,0
لعنت ہے تم جیسی گھٹیا بازاری اور جھوٹی عورت پر,1
یہ پاگل کا بچہ کچھ بھی کر سکتا ہے,1
دیوار میں چنوا دیں کیا,0
کوئی اخیر گندی نسل ہے زرداریوں کی ان سے تو شیطان بھی پناہ مانگتا ہوگا,1
اس تصویر میں کچھ ٹھیک نہیں ہے لگتا ہے جنید صفدر نہی نویلی دلہن کو ساسو ماں کے کیمروں سے بچا رہا یے,1
ان بے بس لاچار لوگوں نے کبھی زندگی میں خواہش تو دور کی بات کبھی سوچا بھی نہ ہو گا کہ ہمیں بھی ملک پاکستان میں وزیراعظم کے برابر وی وی آئی پی پروٹوکول کے ساتھ اتنی عزت سے نوازا جائے گا یہی ہے وہ تبدیلی جس کا وعدہ عمران خان نے کیا تھا مرشد,1
ایک بزرگ ڈاکٹر کے پاس گئے اور بتایا کہ انہیں بہت زیادہ ہوا خارج ہونے کی تکلیف ہے جو بہت زوردار طریقے سے خارج ہوتی رہتی ہے تاہم اتنا شکر ہے کہ اسکی بدبو یا آواز نہیں آتی وگرنہ انہیں لوگوں کے سامنے بڑی سبکی ہو ڈاکٹر نے اچھی طرح چیک کرنے کے بعد دوا دی اور,0
انشاللہ دن تھوڑے رہ گئے ہیں اس کے بعد وہ صرف کلائمیٹ چینچ کی منسٹری چلائیں گے اور بعقی سب کچھ سولئینز چلائیں گے,0
بات صرف گھڑی کی نہیں گھڑی چور نے ملکی عزت داؤ پر لگائی,1
شاہ جی آپ نے ہماری ریڈ لائن کراس کی ہے غصہ کم ہی نہیں ہورہا,0
چیئرمین پاکستان تحریک انصاف محترم جناب عمران خان حقیقی رہنما,0
یہ بھی کہا بزدار کو ہٹا کر علیم کو لگائیں ممکنہ مٹھو کباڑیئے کی راہ ہموار کرنے کے لیے,1
بغلول کمپنی سے جلد جان چھڑانا ھے,1
واہ کیا پلاننگ ہے وڈے ملک صاحب کی غیر قانونی طور پر باہر گئ رقم قانونی طریقے سے واپس آ کر سپریم کورٹ والے ارب میں ایڈجسٹ ہو گئ,0
ایڈیشنل آئی جی آئی جی بننے کی خواہش میں بھرپور غلامی کررہے ہیں حلیم عادل شیخ,0
بڑی خبر اہم اداروں کا عمران خان کو گرفتار اور نااہل کرنے سے انکار ہارون رشید کا انکشاف,0
یہ بھی پاکستانی قوم کی قسمت یے کہ جس شخص کی زندگی پتیلے اور ہانڈیوں کے ارد گرد گھومتی ہو اسے دو بار وزیر اعلی اور تین بار وزیراعظم پاکستان بنایا پھر ہم سوچتے ہیں کہ ہم برباد کیوں ہوئے,1
چوکیدار چوروں سے مل گیا ہے کیا,0
انکل کا سوفٹ ویئر اپڈیٹ ہو گیا,0
باجوے سن لے آج تک میرے خان کو جو بھی ملا ہے یہ خان کو سنا ہے وہ انکا ای ہوکے رہ گیا ہے کبھی اس خیال میں نا رہنا کے خان اکیلا ہو جائے گا تم جیسے بزدل کے سامنے تیرے جیسوں کے لیے میرے خان کا اشارہ ای کافی ہے,1
اگر جنرل جیلانی نہ ہوتا تو قیدموترم ایسے ہوتے,1
آج کی تازہ خبر بولے لانت بھی کیسی اعلئ چیز ہے ایڈریس ناں بھی لکھو تو مستحق افراد تک پہنچ ہی جاتی ہے نیچے تو دیکھو,1
سلیم صافی کہتا ہے کہ عمران خان ہر سال عید پر دارلحکومت چھوڑ کر نتھیا گلی چلا جاتا ہے ہم سلیم لفافی کو یاد کرواتے چلیں کہ جب ان کے ابا جی کی حکومت تھی تو موصوف ہر عید پر لندن اور جدہ ہوتے تھے اور آخری عید موصوف نے جیل میں ہونے کی وجہ سے پاکستان کی تھی یہ لفافہ صحافت پر زوال ہے,1
گشتی ماں کے بچے أج تو بھی باتیں کرتا ہے,1
ہم بیرون ملک مقیم پاکستانیوں کو اپنا بھائی سمجھتے ہیں کیونکہ وہ ہمارے لیے اربوں ڈالر بھیجتے ہیں جو ہماری کرپشن کے کام آتے ہیں لیکن ہم انکو ووٹ کے حق کی مخالفت کرتے ہیں کیونکہ انکا ووٹ تحریک انصاف کے لیے یو گا فضلو کی تقریر کا اصل متن,1
کالے کتوں اور کالےکوٹ والوں میں بہت سی باتیں مشترک ھیں دونوں ھڈی کے لالچی دونوں مالک کے وفادار دونوں بھونکنے کے ماھر دونوں غلیظ اور ناپاک اور دونوں کو عوام کتا ھی سمجھتے ھیں,1
پی ڈی ایم نے قومی اسمبلی کی خالی ہونے والی نشستوں پر انتخاب نا لڑنے کا اعلان کیا ہے اس فیصلے کی وجہ آئی آر آر کا یہ سروے میں جس میں خان صاحب کی عوامی پزیرائی فیصد بلاول کی فیصد اور نواز شریف کی فیصد ہے,0
سلیم صافی کے مطابق صحافی ن لیگ سے رشوت لیتے ہیں اگر کوئی اینکر رشوت نہیں لیتا تو سلیم صافی سے معافی کا مطالبہ کر سکتا ہے,1
جنرل باجوہ اور فیض حمید کے پس پردہ مارشل لاء نے عوام کو آٹے سے محروم کردیا کیپٹن ریٹائرڈ صفدر او بیغیرت انسان بوٹ چاٹنے کے بعد اب ووٹ کو عزت دو والا چورن نہیں بکنے والا,0
یہ بے چین ہی نہیں منحوس بھی ہے جس کی طرف داری کرتا ہے وہ زلیل اور رسوا ہو جاتا ہے اگلا نمبر کمپنی سرکار کا ہے,1
تم نے تو یہ کہا تھا اجالا کروگے تم تم نے تو سب چراغ گھروں کے بجھا دیے,0
جیسے صفاکی اور ڈھٹائی سے باپ جھوٹ بولتا ہے بالکل ویسے ہی اس کی بگڑی ہوئی چھوکری جھوٹ بولتی ہے بے شرم بے حس بھگوڑا خاندان,1
مولانا طارق جمیل نےپہلی دفعہ قوم کو حقیقی برائیاں بتائیں تو لوگ برامان گئے اس سے پہلےمسجدکے مولوی نےہمیں ہمیشہ کفارکی برائیوں پرہی ٹرخائے رکھا,1
کوئ جاہل پٹواری ہی خرید سکتا ہے کوئ عقلمند تو اس بیکار سائن کے لیۓ پیسے ضائع نہیں کرے گا,0
ابھی تو بغلول کی وڈیو بھی آئے گی,1
گوجرانوالہ تیار ہو کا پانچواں روز دلیروں کا شہربہادروں کا شہر حکومت کی لائی ہوئی جان لیوا مہنگائی کے خلاف کی ججز کو گالیوں کے خلاف آئین کی بالادستی کے لئیے,0
امریکی سفارتخانے نے احسن اقبال کے ٹویٹ کو ریٹویٹ کرنے پر پاکستانی قوم سے جوتے کھانے کے بعد ٹویٹ ڈیلیٹ کر کے معافی مانگی ہے امید ہے کہ امریکی سفارتخانہ آئندہ کسی بیغیرت کی بیغیرتی میں حصہ دار بننے سے گریز کرے گا,1
عوام کےٹیکسوں پہ پلنےوالےتمام سیاسی جماعتوں کےدرندوں کےکالےکرتوتوں کاتذکرہ پارلیمنٹ سےبازارحسن تککتاب میں موجود ہےانہی میں سےایک کازکرملاحظ کریںکابیڑہ غرق بھی انہوں نےکیاہے,1
کس قدر منافق بہیودہ بیکار اور زلیل لوگ پاکستان میں صحافت کا کاروبار کر رہے ہیں,1
ملک سیف الملوک کھوکھر کے سرکاری زمین پر قبضہ کرکے بنائے گئے مکان اور تعمیرات پر پنجاب حکومت نے بلڈوزر چلا دیے غریبوں کے ٹھیلے تو ہر حکومت ہٹاتی رہی لیکن مافیا سے ٹکر پہلی بار لی جا رہی ہے یہ حوصلہ ہمت صرف عمران خان ہی کر سکتا تھا اور کیا ویلڈن خان ویلڈن بزدار,1
کس شیر کی آمد ہے کہ رن کانپ رہا ہے,0
عمران خان نے پورے سسٹم کو اکیلے دھو ڈالا اسکو کہتے ہیں عوامی لیڈر,0
پھر جلسی کیسی رہی مولانا سمجھ آئی,0
کیوں نا لاڈلی ہو سرجری جو کروا کر آی ہے,0
یہ کیا ہو رہا ہے یار باجوا صاحب معزز انسان ہیں بس سمجھ نہیں آ رہا ہے کہ یہ سب کچھ کیا ہوا اللہ سے دعا ہے کہ عمران خان صاحب آور باجوا صاحب کی صلح فرمادہں,1
پاکستان کا سارا کرائسس عدالت کا ہی پیدا کردہ ہے پہلا کرائسس جب نواز شریف کونکالاگیاپھر اے کی تشریخ دوسراحملہ تھامہذب اور نارمل معاشرےمیں لوگ اپنے جھگڑےنبٹانے کیلئے عدلیہ کے پاس جاتے ہیں لیکن جب عدلیہ ہی جھگڑے کا وجہ بن جائے تو پھر کیا ہوگا بیرسٹر ظفر اللہ,1
پیپل پارٹی نے اپنے سال دوران اقتداد میں سندھ کو بین الاقوامی معیار کے ہسپتال دیے آئر ایمبولینس دی اور فارن قوالیفائیڈ ڈاکٹر دیے دیکھیں کیسے یہ آئر ایمبولینس فراٹے بھرتی مریض کو بین الاقوامی معیار کے ہسپتال پہنچا رہی ہے,1
عوام کو کوئی یہ بتانے کو تیار نہیں ہوتا کہ ایک صحافی کے پاس اسلام آباد کے کئی ڈھابوں کے ٹھیکے ہیں ایک صحافی اپنے شیشہ کیفے چلاتا ہے ایک صحافی پر کئی برس تک یوٹیلیٹی اسٹور سے مفت راشن لینے کا الزام ہے ایک صحافی پر سستے دام پٹرول پمپ خریدنے کا الزام ہے,0
پھر سر جہاں سے نارملی فون آتے ہیں انہیں کہا کہ اگر آپ کی بات میں کوئی وزن ہے تو بات کریں پھر میرا کام ہوا پھر یدی دا کہتا ہے کہ ہم نیوٹرل ہیں,1
کیسے چھوڑ دیں بندہ غلطی کر بیٹھے تو اسکو معافی مانگنی چاہئے اور تلافی بھی کرنی چاہئے چلیں معافی نہ مانگے لوگ کہتے ہیں بڑا بندہ ہے لیکن آگے سے تو مڑ جائے مگر وہ تو رکنے کو تیار ہی نہیں رانگ نمبر ہے جناب,0
حوا کی اس بیٹی کی صرف فریاد سنیں اور پاکستان کے عدالتی نظام پر لعنت بھیج کر شئیر کریں,1
کون غدار پاکستانی جرنیلوں کو پراپرٹی ڈیلر کہتا ہے یہ تو قبضہ مافیا ہے,0
آہستہ آہستہ پاکستان مکمل بہتری کی طرف گامزن ہے پاکستان کی ترقی کو کوئ نہیں روک سکتا پہلے چیختے تھےاب تڑپتے ہیں اور جب بالکل صحیح راہ پر پاکستان کو چلتا دیکھیں گے تو پاکستان دشمن چاہے اندرونی ہوں یا بیرونی انشا اللہ اختلاج قلب سے تڑپ تڑپ کر روتے رہیں گے آمین,1
دانیال عزیز قوم کا قیمتی اثاثہ ہیں آرمی چیف قوم ہمارے قیمتی اثاثے پر اگے بال سے زیادہ اوقات نہیں ہے اس چور کی,0
پاگل ہو گیا ہے بڈھا دو,1
مریم صفدر کے ڈرامے جھوٹ کے آنسوؤں کا کرارا جواب لاپتہ افراد کا معاملہ آج کا نہیں سالوں پورانہ ہے آپکے ابا حکمران رہے ان لوگوں کے وفد آتے رہے کبھی آپ نے ان سے ملاقات نہیں کی یہ جھوٹ کے آنسوؤں صرف اقتدار کیلئے ہے,1
مشرف کو کر کے لال مسجد پہ حملہ کروانے والا بھی یہی تھا اور فضل الرحمن کے دھرنے میں کارکن بن کے تقریریں کر کے اشتعال دلانے والا بھی یہی دو منہ والا سانپ تھا دونوں ناکام ہوئے یہ بندہ صحافیوں کی لاشوں اور مسائل پر گدھوں کی طرح جیتا ہے,1
اس ملک کی سلامتی کو سب سے بڑا خطرہ تو تم لوگوں کے چیف سے ہے اس سے بچاؤ پاکستان کو,0
اوئے نمک حرام دلے پاک بھارت مزکرات میں سب سے بڑی رکاوٹ ھیں اس نمک حرام کا کچھ نہ کچھ کرنا چاھیے,1
قادیانیوں کو بطور غیر مسلم اقلیتی کمیشن میں شامل کرنے کی منظوری بھٹو نے بس آئین اچ غیر مسلم قرار دتا سی عمران احمد خان نیازی نے عملی طور تے کر وکھایا تیرے رتی کوئ نہیں جمیا کپتان,1
جب میں مقتدر حلقوں سے ملنے جاتا تھا تو اندر شہباز شریف کی پہلے سے ملاقات چل رہی ہوتی تھی شیخ رشید ہمیں تو یہ بتاتے تھے کہ ہم نیوٹرل ہیں قوم چوتیا نہیں ہے,1
پاکستانی عوام آنکھیں کھول کر دیکھے جو کچھ ہو رہا ہے اور جو ہوگا اسکا بدلا ووٹ سے لینا ہے,0
نون لیگ کا فرض ہے کہ سب سے پہلے اپنے کارکن کو رہا کروائے,0
بہت عجب ہونے جا رہا وہ آرمی چیف کی مرضی کا بھی ہو گا فوج کی مرضی کا بھی ہوگا نواز کی مرضی کا بھی ہو گا عوام کی مرضی کا بھی ہو گا,0
باجوہ کو بھاگنے نہیں دینا چاہئے تھا,0
اتنی سی برداشت نہیں کر سکتے تو پنگا کیوں لیا تھا,0
نکل آئے ہیں پالتو نوازشریف کر دفاع میں,1
حضرت صالح کی اونٹنی کو آدمیوں نے مارا مگر سزا پوری قوم کو ملی اس لئے کہ پوری قوم خاموش رہی پاکستان رجیم چینج سے تباہ ہوا اور اب پولیٹیکل انجینیرنگ سے تباہ ہونے جا رہا ہے,0
مریم صفدر کے بیان کہ عمران خان کا نام تابعدار خان رکھ دینا چاہئیے پر کرن ناز نے نواز شریف کی تابعداری کی لمبی لسٹ گنوا کر زبردست چھترول کردی,1
الیکشنکراوملکبچاو یااللہ باجوہ کی نسلوں کو تباہ و برباد کر دےآمین,1
جب باپ چھوڑ جائے تو گندی اولاد ک یہی حال ہوتا ہے کتنی حسرت سے تک رہے کر سی کو,0
سندھ میں پیپل پارٹی والوں کی گیلی جوتیوں سے دھلائی یو رہی یے اور پنجاب میں پٹواریوں کا نمبر آیا ہوا ہے یہ پہلوان کی نسل خرم دستگیر خان ایک خاتون کے ہتھے چڑھا ہوا ہے,1
کیلیبری اور ککڑی کی جپھیاں دیکھ کر علیم خان کو بھی امید پیدا ہوئی کہ شاید اگلا نمبر میرا ہو گا تو وہ کھڑا ہو گیا لیکن مرہم منہ دوسری طرف کر کے چل دی,1
اللہ و اکبر انڈیا میں کرونا کی تباہ کاریوں کا اندازہ برکھا دت کے دائیں بائیں جلنے والی چتاؤں سے کریں اور خدا را احتیاط کریں,1
نونیوں کا ارسکو اپنی حکومت کی کارکردگی بتاتے ہوئے عمران خان کو چاہیے تھا کہ اپنے پہلے مہینے میں پروگرام مین چلے جانا چاہیے تھا کیونکہ ہم نے ملک ڈیفالٹ کر کے عمران خان کے ہاتھ میں دیا تھا,1
اتنا خوف پی ٹی آئی کا,0
یے کیا سن رہے ہیں بیغیرت نے سال لے لیے پاکستان کو برباد کرنے کے لیے,1
جب سے پاکستان میں امپورٹڈ نحوست مسلط ہوئی ہے کوئی اچھی خبر نہیں سنی,0
کئی کئی پلاٹبھائی بھتیجوں کی آٹ آف دی وے اور بغیر میرٹ کے سرکاری ملازمتیں پرتعیش غیرملکی دورے اور مختلف ادوار میں نقد رقوم اور یورپی ملکوں میں علاج معالجہ کی سہولتیں اس کے علاوہ ہیں کچھ شرم ہوتی ہے کچھ حیا ہوتی ہے لفافوں,1
اگر ہم نے آج عمران خان کا ساتھ نا دیا تو آنے والی نسلیں ہمیں معاف نہیں کریں گی پاکستانی زرداریوں شریفوں اور فضلانڈوں کی نسلوں کے غلام رہیں گے,1
عمران فراڈی سے زیادہ سزا کا حقدار وہ ھے جو اس کو لے کر آیا جمہوریت اور اس کے بد حواس علمبردار اس قابل نہی کہ وہ ملک چلا سکیں جہاں مسلمانوں کی اکثریت ھو,1
یہ نواز زرداری مافیا عوام کے آگے کچھ بھی تو نہیں اصل مقابلہ تو نیوٹرل کے ساتھ ہےک,0
کیسا دن آگیا ہے ریحام جیسی گشتی بھی اب عام آدمی کے بارے میں فکر مند رہنے لگی ہے,1
قمر جاوید صاحب آپ نے اپنی تیس سالہ اچھی کارکردگی مہینوں میں خراب کیاتمام فسادیوں اور چوروں کو سپورٹ کر کے انکو ملک پر مسلط کردینے پر آپ سے نفرت ہے,1
خان صاحب نے واضح الفاظ میں بتا دیا کے جن کو نیوٹرل ھو نا تھا وہ ابھی تک نہیں ھوے اب پاکستان کا اللہ ہی حافظ جو یہ چا ہتے ھےوہ ہم نے ہو نے نہیں دینا انشاللہ عوام جاگ بھی ریی اور حوصلے بھی بلند ھے,0
لو جی ویگو کے بانیوں کو ویگو نے اٹھا لیا,0
جس صوبے میں عمران خان نے دس سال حکومت کی اس صوبے سے ایک بھی بندے نے گرفتاری نہیں دی نہ نہ نہ ہی کوئی عام آدمی نکریمینلکورٹ,1
کہتا تھا چھوڑوں گا نہیں اب اتنی چھوڑتا ہے کہ کوئی مانتا نہیں,0
پشاور میٹرو بس کا ٹائر پنکچر ہوا تو کےدلال نے کپڑے پھاڑ لئے تھے مگر ملتان میں بس زمین میں دھنس گئ لاہور میں بسوں کا ایکسیڈنٹ سے کچومر نکل گیا مگر ان میڈیائی کتوروں کے منہ سے لفظ نہیں نکلا تھا,1
جیو ملک ریاض صاحب جناب نے حکومت اور خلائی مخلوق اڀنی جوتی کے نیچے رکھا ھوا ہے,0
بقول بلاول کے شاہزیب خانزادہ بھونکتا ہے,0
سعید فنی کے گنڈے کسی نے اگر نہیں دیکھے ہوں تو اس ویڈیو میں دیکھ لیں اور ساتھ میں بھیگی بلی بنی پولیس بھی دیکھ لیں جن کو آخر میں غیرت جگا کر ایکشن لینے پر مجبور کردیا گیا,1
ٹوٹ گیا مان آج اس قوم کا آج کے بعد یا امریکی کتے رھیں گے یا پھر غیرت مند پاکستانی قوم اپنی آزادی کے لیے لڑے گی چلا دو ایٹم بم ھم پر کیونکہ غلامی سے موت اچھی یا شہادت یا حریت,1
کتنا خبیث انسان ہے تو,1
خبیث عورت کے قاگلے پر پتھراو کرناشروع کرے عوام یہ عورتکے ملبوسمیں ایک شیطان روح ہے,1
عمران احمد خان نیازی جو کہتا ہے وہ کرتا ہے اور جو نہیں کہتا وہ ڈیفینیٹلی کرتا ہے اور مخالفوں کے دھوئیں نکال دیتا ہے پنجاب کے بعد خیبرپختونخوا اسمبلی بھی تحلیل,0
ڈیل پوئ کہ ارسطو کی گانڈ مودی مارے گا جبکہ مریم یم یم روایتی طور پر قطری کو پیش کی جائے گی,1
ہو سکتا ہے کسی نیک کام کیلئے رکھیں ہوں عمرانڈو کوٹھا,1
ڈرون حملوں کے ماسٹر مائنڈ کو کرپٹ کو غدار کو امریکہ را بلیک واٹر کے سہولت کار کو فوج ملک دشمن غدار کو پھانسی دو بنظیر کے قاتلوں کو مودی کے یاروں کو یہودی ایجنٹ کاروں کو پھانسی دو غدار بھکاری پٹواری غدار نامنظور امپورٹڈحکومتنامنظور,1
نالی کے وعدے پہ ووٹ دینے والے ڈیموں کی تعمیر پر سوال اٹھاتے اچھے نہیں لگتے موارخ نے یہ جملہ لکھ کر قلم توڑ دیا,1
پیپلزپارٹی یا ن لیگ سے نہیں بلکہ ایک مافیا سے ہے جو راتوں رات امیر ہوتے رہے کرپشن کے پیسوں پر عیاشیاں کرتے رہے عوام کے خون پسینے کی کائی کو ہر لمحہ اڑاتے رہے ان کی دیہاڑیاں بند ہوگئیں,1
جس پاکستان میں نواز شریف اور شہباز شریف اپنے بچوں اور بیویوں کی کرپشن کے ذمہ وار نہیں افتخار چوہدری اپنے بیٹے کی کرپشن کا زمہ دار نہیں قاض فائز عیسی اپنی بیوی اور بچوں کی کرپشن کا زمہ وار نہیں وہاں یوسف رضا گیلانی علی موسی گیلانی کی مکروہ حرکت کا زمہ وار کیسے ہو سکتا یے,1
بار بار سمجھا رہاھے نہ سمجھنے کی وجہ,0
وزیر اعظم عمران خان ضرور آزاد کشمیر آئیں گے مراد سعید تحریک انصاف کا چہرہ ہے وہ کسی پرچی کے بل پر نہیں آیا انشاءاللہ تحریک انصاف آزاد کشمیر میں حکومت بنائے گی عالیہ نے پیپل پارٹی کے حیدر زمان قریشی اور نون لیگی حیدر وحید کو پچھاڑ دیا,1
شہباز شریف کی بیغیرتی کا انداز لگائیں کروٹ پاور پلانٹ کا تقریبا فیصد کام تحریک انصاف کے دور میں مکمل ہوا میں افتتاح ہونا تھا اور یہ بیشرم شوباز کہ رہا یے کہ پچھلے ساڑھے تین سال اس منصوبے کو نظر انداز کیا گیا,1
لوڑی ہم تم کو خان کی پشاوری چپل کی مٹی کے برابر بھی نہیں سمجھتے دو,1
وہ باجوہ حرامی تھا جو ویڈیو رانی کو گندی فحش فلمیں سپلائی کرتا تھا,1
عمران خان کاسستے گھروں کا ایک ایسا وعدہ تھا جسکا اپوزیشن ہر وقت مزاق اڑاتی تھی اپوزیشن چاہ رہی تھی کہ یہ وعدہ کبھی وفا نہ ہو سکے لیکن انکو پتا نہیں ہے کہ انکا پالا ایک مردآھن سے پڑا ہے اللہ کے فضل سے سستے گھروں کا وعدہ بھی پورا ہونے لگ گیا,1
ملاحظہ کریں کہ جرنیلوں شریف اور زرداری خاندان اور گیلانیوں نے کس طرح توشہ خانے پر ہاتھ صاف کیے,1
شہباز شریف کی رکھیل بن کر رہنا رنڈیاں پسند کرتیں ہیں آپ جیسی,1
انٹرویو کے بعد ڈڈو کا بچہ حنا پرویز بٹ کیساتھ دونوں نے جامپور الیکشنز میں پھینٹے کے اوپر تفصیلی تبادلہ خیال کیا,1
مبارکباد پاکستانیو آئی ایم ایف اس امپورٹڈ کرمنل فاشسٹ سرکار کو بلین امداد دے گا یہ منی لانڈرنگ زرداریوںشریفوں اور جرنیلوں کے اکاؤنٹس میں جائے گی لیکن واپس آپ اور آپکے بچے کریں گے,1
خود پر بنی تو نہ صرف مریم نواز کی کردار کشی روک دی گئی بلکہ دیکھتے ہی دیکھتے مریم مخالف ٹرینڈ پینل سے غائب ہو گیا جس پر گل بخاری نے نہ صرف اپنی ٹویٹس ڈیلیٹ کر دیں بلکہ تمام دوستوں سے بھی ایسا کرنے کی اپیل کی اور واضع کیا کہ آئیندہ سیاسی اشرافیہ کی تذلیل,0
کیا یاد کرا دیا ظالما سر والوں نے آج مانی کو غریب کی گائے اور مقدس گائے کا فرق سمجھانے کی ہلکی سی کاوش کی ہے,0
زلفی بھٹو نے ایک لائن پھینکی ہاں میں شراب پیتا ہوں غریبوں کا خون نہیں پیتا غریب نے یاد رکھا آج تک بھٹو مرنے نہیں دیا اور یہ پگلا پٹھان جو سب کچھ کر گزرنے کو تیار ہے مگر غریب کو بھولنے پر تیار نہیں کیا غریب اسے بھلا دے گا یہ نہیں ہو گا اب قیمے والا نان بھی نہیں چلے گا,1
شہبازشریف نےمیٹرو سال میں مکمل کیے ایک ارب دوسری ارب تیسری ارب میں اورچارسال میں مکمل نہی ہوئی اور لاگت ارب جی بولیے,0
ملک کے سارے چور ڈاکو اور غدار تب نست و نابوت ہوں گے جب ہم بھی ایسا کریں گے,0
حکمران اتحاد کامیابی سے سیاسی بساط پر عمران خان کو مات پر مات دیتا جارہا ہے اراکین اسمبلی کے استعفوں کی منظوری سے تحریک انصاف سڑکوں پہ رہنے کی خؤاہش بھی پوری کرلے گی اور انتخابی عمل بھی ہوجائے گا پی ڈی ایم تماشبین بنکر صرف رقص سرور کرےگا,0
بد قسمتی سے پاکستان کو موٹیویشنل سپیکر اور قومی اسمبلی سپیکر دونوں جعلی ملے ہیں,0
بیٹا تم کی دہائی میں رہ رہے ہو,0
ان لوگوں کے منہ پر تمانچہ جو کہ رہے تھےکہ حمزہ شہباز کی ضمانت حق کی فتح ہے حمزہ نے کیس کے میرٹ پر نہیں بلکہ ہاڈشپ پر ضمانت لی ہےاس سے پہلے لاہور اور اسلام آباد ہائی کورٹ میرٹ پر ضمانت کا انکار کر چکے ہیں عدالت نے حمزہ کو عدالت سے تعاون کی ہدایت کی,1
دوران حراست مریم صفدر کا موبائل پکڑنے والا تفتیشی افسر نے کہا آپ بڑی لیڈر بنتی پھرتی ہیں اور حرکتیں آپ کی جیب کتروں جیسی ہیں,1
سکول میں جن بچوں نے قاسم علی شاہ کے بچے کو کیا ہے ان کا حساب اب روز قیامت ہی ہو گا کیونکہ قیامت کے فیصلے دنیا میں نہیں ہو سکتے,0
سلام اس محب وطن مصری باشندے کو اس نےاپنی جان دےدی لیکن قوم کوذخیرہ اندوزی سےدوررھنےکاپیغام دیا یہاں نامرادعلیشاہ نامی مافیاھرکارہ نہ صرف سندھ میں گندم ذخیرہ اندوزوں کی سرپرستی کررھاھے بلکہ عوام کومعاشی بدحالی میں مبتلا کرکےقتل عام کرناچاھتا ھے,1
ہمیں تو پتہ بھی نہیں ہوتا کتنے مورچے باقی ہیں یہ روز نیا مورچا نکال کر براجمان ہو جاتے ہیں,0
ہاہاہا یہ تو وہ حساب ہے لڑکی کو چھیڑو مان جائے تو ٹھیک ہےاگر شور ڈالے تو باجی ڈر گئی باجی ڈر گئی سالے سب ڈرامے باز ملے ہوئے ہیں,0
تم نے ہر عہد میں ہر نسل سے غداری کی,0
فوج کی سب سے بڑی بےحرمتی اسوقت فوج کا ظالم سربراہ ھے انشااللہ,1
حکومت کے لئے عدالتیں بند تھیں چوروں کے لئے رات کے بارہ بجے عدالتیں کھول کر بیٹھ گئے کیسے ننگے ہوگئے سارے کیسے ننگے ہوگئے سالے,1
اب آیا نہ اونٹ پہاڑ کے نیچے کیوں جی چس آئی کے نہ ڈر کے لیے نام ہی کافی ہے مرشد عمران احمد خان نیازی,0
پاکستانی پولیس کے پاس کرپشن کے ہزار طریقے ہیں اور پولیس والے درندوں کو کوٸی پکڑتا بھی نہیں ریٹویٹ کرو ان کو بےنقاب کرو,1
کتے حرامی بہن چود دھشت گرد ایک طرف ھمارے کشمیری بھاٸیوں اور بہنوں کو شہید کرواتے ھو اور اوپر سے عید,1
باجوہ کتے کو کون سمجھائے لیکن گل اندر کجھ ہور ایہ ایہ سارے اپنی کرپشن بچان لئی اکٹھے ہوئے نیں ایہناں اچ سب شامل نین وڈا بہن یک تے اوہ سارے جہڑے پچھلے سال سے لوٹ رہے ہیں,1
انیل مسرت اور چیکو کو گرفتار کرلیا گیا مجھے ریاست مدینہ بھی اچھی نہیں ملی,0
سنیے کا شفاف تجزیہ براڈ شیٹ پہ اینڈ میں ہنسا دیا اور خود بھی ہنسنے لگے,0
اتنی ڈھٹائی سے ملک میں انتشار پھیلا رہے ہیں کہ بس رسیدیں نہ دینی پڑیں لیکن صاحب آپ کو بھی پاکستانی قوم سے پالہ پڑا ہے,0
ہر کوئی اپنا دوسرا اکاؤنٹ ابھی سے بنا لے سوشل میڈیا اکاؤنٹس ڈیلیٹ کرنے کی تیاریاں ھو رہی ہیں عمران خان کی دفاع ہر وقت ہر لمحہ کرینگے,0
چڑیا گھر کے بندر اور زرداری کی کروڑوں روپے کی آفر کے باوجود ارکان نے عمران خان کا ساتھ دینے سب کا شکریہ,0
اب یہ گند کس نے صاف کرنا ہے,0
پلاسٹک سرجری کروانے کا بھی فائدہ نہیں ہوا چورنی بگوڑی کا خالی کرسیوں سے خطاب ملاحظہ کریں,1
کل عدالت عظمی نے سندھ حکومت کی شوبازی کو عوام کے سامنے رکھا تو آج سندھ حکومت کے وزراء عدالت کو جگتیں کرنا شروع ہو گئے ہیں اللہ ہدایت دے تاکہ قپ لوگ ٹھیک کام کریں اور کسی کے سامنے شرمندہ نہ ہوں,1
ہم سندھ سے پیٹ بھرو تحریک کا آغاز کرتے ہے,0
جب ہم کہتے ہیں کہ شریف برادران زرداری اور فضلانڈو بیرونی آقاؤں کے ایما پر عمران خان کے خلاف برسر پیکار ہیں تو غلط نہیں کہتے اسوقت خان تمام دشمن اسٹیبلشمنٹس کے نشانے پر ہے اللہ تعالی عمران خان کی حفاظت فرمائے آمین,1
دوستون کی ساتھ مت چھوڑنا غلطیوں کی وجہ سے پانی جتنا بھی گندا ھو آگ بجاتے ھوے کام آتا ھے امیر المومنین ع افسوس کہ ھم بحیثت قوم وہگندا پانی بن گۓ جو صرف آگ بجانے کیلۓ کام آتا ھے دو,1
عمران خان کو گرانے کے لیے کمپنی نے یہ نیا نمونہ ڈھونڈا ہے اسکا خیال ہے یہ نوجوانوں کو عمران خان کے خلاف کر دے گا اسکو پتہ نہیں اس سے بڑے نمونے بڑے رنگ باز اپنا زور آزما چکے ہیں خان کا تو کچھ نہیں بگاڑا لیکن اپنا منہ ضرور کالا کیا ہے,0
سیاسی اختلاف اپنی جگہ لیکن انتہائی بدتمیز اینکر واقع ہوا اسحاق ڈار نے سول سپریمیسی کی بات کی تو اینکر نے جنرل ضیاء الحق کا نام سامنے رکھ کر گویا تھپڑ,0
ہیروں پر بکنے والے عمران نیازی حاضر ہو,1
غیر ملکی فنڈنگ سے چلنے والے پرائیویٹ چینلز پر بیٹھ کر یہ لفافہ صحافی پورے ملک میں اپنی سوچ کو مسلط کر دیتے ہیں اور پاکستان کی سادہ عوام ان لفافہ صحافیوں کی رائے کے مطابق اپنے فیصلے کرتی ہے اس گھناؤنے کھیل کو بند ہونا چاہیے,1
باجوہ کو ایکسٹینشن دے دو یا اسکا پسندیدہ جرنیل لگا دو اگلا چیف تو باجوہ کا چاہے مجرہ دیکھ لو ایک ٹانگ پر,1
قدرت کے کھیل نرالے ہیں بشری بی بی کی سہیلی فرح خان کے من گھڑت قصے مزے لے لے کر سنانے والوں کی اپنی سہیلی کے سچے قصے نکل آئے,0
ان الو کے پٹھے بھکاریوں نے ساری قوم کو بھکاری سمجھا ہوا ہے زرا سنیے اس ہیڈ بھکاری کی بکواس,1
جیل سپریٹنڈنٹ کے مطابق جس فرائنگ پین سے مریم صفدر کپڑے استری کرتی تھیں اس کی مٹھ غائب ہے عدالتلگاؤ,0
پہلا مشرف نے اپنی کرسی بچانے کے لئیے دیا تھا مارشل لا سے بدتر یہ کام تھا اسکا جسکی وجہ سے دس سال ملک کو لوٹا گیا دوسرا سر باجوہ نے دیا ہے اگلے دس سال ملک لٹوانے کے لئیے آنے والی نسلیں انکو گالیوں میں یاد رکھیں گی ہماری نسل مشرف کو یاد کرتی ہے,1
شام باقی ہے چند لمحوں کی بس ذرا سی ہے زندگی اور تم,0
جسٹس قاضی فائز ایسی کا دھرنے کے کیس کا فیصلہ,0
گھڑی چور پاکستان کو ہر لحاظ سے تباہ کر کے گیا ھے مگر کچھ لوگ ابھی بھی پاکستان کے مفاد آئین قانون کو بالائے طاق رکھ کے اسکو پھر مسلط کرنا چاھتے ہیں تاکہ اسکا ادھورا مشن مکمل ہو سکے ایٹمی قوت کو ختم کرنے والا مشن یہ مکمل کر سکے,1
پٹواری درباری غلام ابن غلام غلامانہ سوچ کی زنجیروں میں جکڑے درباری اس درجہ بھٹکے ہوئے ہیں کہ خداکا خوف بھی نہیں ہے پتا نہیں کس منہ سے چھوٹوں چوروں لٹیروں کا دفاع کرتے ہیں,1
یہ محافظ نہیں قاتل ہیں یہ محب وطن نہیں غدار ہیں,1
آج کی آڈیو لیک سے پہلے لیک ہونے والی آڈیوز جہاں میڈیا کی جئی تئی پھیری جا رہی ہے مجال ہے عاسمہ شیرازی ثناء ٹچہ بینش سلیم عمر چیمہ ماروی میمن بینظیر شاہ ریما عمر فریحہ ادریس حامد میر مطیع اللہ جان ماریہ زولفقار اسد طور وغیرہ نے چوں بھی کی ہو,1
یہ حرام زادہ کتی کا بچہ اچکزئی نانی کی شہ پر لاہور کے لوگوں کو گالیاں دے رہا ھے لاہوریؤ بھولنا نہیں نانی کے یاروں اور غداروں کو,1
غیر ملکی جاہلو چھوڑ دو کشمیر کو غیر ملکی قابضو چھوڑ دو کشمیر کو غیر ملکی ایجنسیو چھوڑ دو کشمیر کو یہ وطن ہمارا ہے دور ہٹو عمران نیازی باجوہ کے چہیتے یہ وطن ہمارا ہے لیکن میڈیا آپ کو گانڈاپور کی گالیاں دکھا رہا تھا,0
زرداری کے بینک بیلنس ارب ڈالر نواز شریف کے بینک بیلنس ارب ڈالر اور پاکستان کے خزانے میں ارب ڈالر ان چوروں کو پھانسی دو اور ڈالر قومی خزانے میں جمع کرو,0
تعریف وہ جو دشمن کرے عمران خان نے اسٹیبلشمنٹ کی ایسی کی تیسی ایسی پھیری ہے کہ اسٹیبلشمنٹ کو نتھ ڈال دی ہے سید طلعت حسین سنیے,1
پٹواری بیغیرتی اور بیشرمی لازم اور ملزوم ہیں دیسی کپی والا پٹواری کہ رہا ہے کہ اس دفعہ لانگ مارچ پر تشدد ہونا چاہیے یا آر یا پار ہونا چاہیے خان صاحب کو نہیں چھوڑنا توڑ پھوڑ یونی چاہیے اور عوام کی ہلاکتیں یونی چاہئیں کسی بھی قانون پسند معاشرے میں یہ شخص اسوقت جیل میں ہوتا,1
سور کو جتنا مرضی دھو کر صاف ستھرا کرلیں وہ ناپاک اور غلیظ ھی رھتا ھے سوری وکیل سے جج بننے کے پروسیس پر ایسے ھی خیال آگیا تھا,1
باجوہ تجھے کیڑے پڑیں ایک ہنستا بستا ملک تباہ کر دیا,1
آج ساری قوم کے سامنے باجوہ اپنے ہاتھوں ننگا یو گیا ارشد شریف شہید نے بہت پہلے نشاندہی کر دی تھی,1
حلف سے روگردانی کرنے سیاسی معاملات میں دخل اندازی کرنے اغیار کےلیے رجیم تبدیل کرنے اور ذاتی مفاد کے لیے ریاست کو تباہ حال کرنے کے جرائم میں جنرل ر باجوہ پر آرٹیکل چھ کا اطلاق کیا جائے,0
اس میں فوج پر کہاں تنقید ہے نہ میں نے کوئی اشارہ کیا ہے سارا میڈیا گٹے جوڑ کر ایک بونگا اور بے تکہ جھوٹ بول رہا ہے اور بال لیفٹ کر دیا جائے میاں نہ ملکوں کے مفاد جھوٹ پہ تعمیر ہو سکتے ہیں اور نہ ہی ملکوں کی بنیادیں,1
لاڑکانہ سندھ میں زچگی یا ہسپتال اور بختاور بھٹو اپنے کتوں کے ساتھ عورتوں کو سروں کا تاج بنانے کی پیپل پارٹی کی سرتوڑ کوششیں,1
ڈرٹی ہیری صاحب کا جوابی اور کمر توڑ فائر واڈا لانچڈ,0
شیروں کے بھگوڑے پیو کو واپس لانے کیلئے پوری تیاریاں ہو رہی ہیں اب یہیں لا کر انکی پلیٹیں اور پیچ کسے جائیں گے,1
کراچی کی تباہی کی سب سے بڑی وجہ زرداری ڈاکو سے آزاد کرواو سندھ کو,0
اے بکاؤ میڈیا تجھے موت کیؤں نا آئی,1
توہين عدالت صرف خان کےلئے ہے,0
مریم صفدر کی وہ کنیز جس کو صرف اور صرف عمران خان اور سابق خاتون اول کی کردار کشی کیلیے رکھا گیا ہے,1
مریم صفدر نے فوج کیساتھ رابطے کا بیان اسلیے دیا تاکہ اپنے کارکنوں کو اعتماد دیا جا سکے نون لیگ کے کارکن پارٹی قیادت سے بد زن ہو چکے ہیں یے بیان سوائے جھوٹ کے سوا اور کچھ نہیں جیسا کہ جنرل بابر افتخار نے پچھلے دنوں کہا,1
خانصاب آپ خوش رہیں ساڈی خیر ہے ویسے خوش تو ہیں آپ یا نہیں,0
چور شریف نے دیامر بھاشا ڈیم کو تک کردیا تھا اور آج اس چور کے چمچے کتوں کی طرح بھونک رہے کہ کریڈٹ بھگوڑے کو جاتے اسی ڈیم کا افتتاح آج سال پہلے اور حکومت کے دوسرے سال میں صادق و امین وزیراعظم نے کردیے بدلے گا پاکستان ان شاءاللہ ہم دیکھیں گے,1
اب سنیے شیخ روہیل اصغر کو یہ نون لیگ بدمعاش گٹر کا کیڑا ابھی تک گلم گلوچ کو جسٹیفائی کر رہا ہے اور کہتا ہے کہ مجھے اپنی گندی زبان پر کوئی شرمندگی نہیں ہے یہ یے نواز شریف کی تربیت,1
یہ کنجر خاندان سے ھین اور ان کی عزت دو ٹکے سے بھی کم ھے سب محنت خان صاحب کی ھے اللہ ھمارے خان کو سلامت رکھے امین,1
حاجی صاحب المعروف لعنتی باجوہ تسی جا رہے او تسی نہ جاؤ بلکہ دفع ہو جاؤ,1
پاکستانیو گواہ رھنا یہ شخص صرف آپ کیلئے کھڑا ھے اسے مایوس نہ کرنا,0
لاہور کی عدالت کے اندر وکلا کے نجی ٹارچ سیل کی ویڈیو منظر عام پر آگئی غنڈے وکلا نے سول کپڑوں میں ملبوس پولیس اہلکاروں کے ساتھ ملکر دو بے گناہ نوجوانوں راشد اور ابوبکر پر الزام لگا کر کئی گھنٹے تشدد کے بعد قتل کردیا,1
خان صاحب کیخلاف تحریک عدم اعتماد کا راستہ جنرل باجوہ نے کھولا نجم سیٹھی یہ یے نیوٹرل اسٹیبلشمنٹ,1
اب عوام کو چاہیے کہ قمر باجوہ کے خلاف آواز بلند کرے پورے پاکستان اس بےغیرت کے پتلے بنا کر جلانے چاہیے اس بےغیرت نے عوام جینا حرام کر دیا ہے,1
اور بھائی یہ ملک تو بنا ہی فوج کےلیے ہے ان جرنیلوں کے اگر عوام عللے تللے دیکھ لے تو ان کو,0
گھڑی چور دندناتا پھر رہا ہے,1
یار اب دے بھی دو استعفی سب اتنے پیار سے مانگ رہے ہیں,0
بغیرت انسان آپ لوگوں ہمیشہ سے پاکستان کے لئے گالی تھے اور رہیں گے,1
کانپیں ٹانگ کے بعد ٹوچا خانہ,1
ڈسکہ میں اس مرتبہ انکے نہ غنڈے نہ عہدیدار ہم گھسنے نہیں دئیں گے,1
یہ مریم صفدر کے چکلے کی طوائف یے اس چائیلڈ ابیوزر کا کام شہباز شریف اور محمد زبیر کو خدمات فراہم کرنا اور صحافت کے لبادے میں دلالت زلالت اور طوافت کرنا ہے,1
تمام حکمرانوں نے آئ ایم ایف اور ورلڈ بینک کے پاس اس ملک کو گروی رکھ کر خود عییاشیں کی اور عوام کو زندہ درگور کردیا,0
جاھلوں کو جواب نہی دیا جاتا,1
اے کنیڈا وچ جو کرا ریا عمران خان کرا ریا اے مسٹر باجوہ بات اب انٹرنیشل بیعزتی تک جا پہنچی ہے ابھی وقت ہے تولے سونا لو اور گھر جاؤ,1
تیری ماں کے پھودے پے چڑھا ہے خان دلال عورت بہن چود میرے سامنے ہوتی تو تیری چوت میں لوڑا پیل دینا تھا مادر چود,1
یہ بھی تو میلہ چراغاں ہے نا,0
رکھوالی والا کتا اگر مالکوں کو کاٹنے لگے تو اسے گولی مار دی جاتی ہے,1
انی دیو عمران خان اپنی ہی حکومت کے خلاف لابنگ کیلئے پیسے دے رہا تھا,0
شرم اس بے غیرت کو نہیں آتی,1
آنے والے دنوں میں پاکستان میں پیٹرول کے بحران کا خدشہ,0
مجرا نہی زنا کرپشن غداری کی لمبی فہرست غدار بھکاری پٹواری غدار نامنظور امپورٹڈحکومتنامنظور,1
یا مولا رحم بڑی مشکل سے شوباز کی کمر سیدھی ہوئی تھی,0
ہاں جی کتی کے بچے کیا بنا تیری اس ماں کا تیری ماں پی ٹی آئی سے ہے,1
بیلجیئم میں باجوے کی جائیداد کی قیمت عوام اپنی جان سے ادا کر رہی یے,0
کوئی غیرت مند پٹواری اس مفرور کے علاج پر روشنی ڈالے پلیز,1
زور ہوا پکڑی جانے والی پہ,0
جی بلکل بجا فرمایا آپ نے کہ کوئی پراپگنڈہ آپ کی نااہلی اور بدحکمرانی چھپا نہیں سکتا نون لیگپی پی پی گٹھ جوڑ کی مگر اب ان دونوں خاندانوں کہ لیۓ یہ یہ بے سود ہیں کیونکہ تبدیلی آ نہیں رہی بلکہ تبدیلی آگئ ہے,1
آپ کیسے سوال کرتے ہیں ہم سے اس کو وہاں ڈائریکٹ کریں جنہوں نے یہ احمق مخبوط الحواس کرپٹ ڈھرکی ملزم ہم پر مسلط کیا ہے,1
ان جیسے گھٹیا لوگوں کو ملک کا سپہ سالار قوم کا اثاثہ کرار دے رہا ہے جناب ملک کا اثاثہ یہ لوگ نہیں وہ ہیں جن پر مئی کو آپ لوگوں نے ایکسپائرڈ ٹئیر گیس فائر کی ہم بھولنے نہیں دیں گے,1
اگر عمران کو نہیں آنے دیا یا بلایا تو پرویز کی کیا ضرورت تھی,0
کاش نونیوں میں شرم کا مادہ ہوتا,1
پاکستانیوں تم کتنے بھٹو کو مارو گے ہر نالے سے بھٹو زرداری نکلتا ہے,1
انا للہ وانا الیہ رجعون سب بیٹے بیٹیوں پوتے پوتیوں نواسے نواسیوں اور دیگر اہل خانہ کو اللہ صبر عطا فرمائے ماں کے جانے کا دکھ کچھ اور ہی ہوتا ہے,1
باندر ڈھگ ڈھگی پر ہی ناچتا اچھا لگتا ہے,0
زندہ ضمیروں کو گھر بھئجا جا رہا ہے اور کرائے کے لوگ بھرتی کیے جا رہے ہیں,0
جی ساری تحریر سے ظاہر ہے بات کسی اور کی ہو رہی پتہ نہیں آپ کو کیا تکلیف ہوئی,0
جس بیشرم بیغیرت عورت کی وجہ شہرت میڈیا مینجمنٹ کی ہو جس کی نیوز چینلز پر اثرانداز ہونے کی آڈیوز سوشل میڈیا پر موجود ہوں وہ کو دھمکیاں دے رہی یے مریم صفدر کی میڈیا مینجمنٹ پر تھریڈ ملاحظہ فرمائیں,1
کتو اب نیوٹرل ہی رہنا ایسا نہ ہو کے پاکستانی قوم آپ لوگوں گھسیٹا شروع کر دے,1
بھان متی کنبہ کا میٹھا میٹھا ھپ ھپ کڑوا تھو تھو قوم سمجھ چکی ھے,0
پیپل پارٹی اور نون لیگ نے کتنا ظلم کیا بے چارے فضلو پر,1
ہم درد لکھتے ہیںاحساس بن جاتا ہے جو ہماری پوسٹ پر اے وہ ہمارے لیے خاص بن جاتا ہے,0
گولیاں مار رہا ہیں جنگ کا پتہ نہیں غداری کرنے کا پتہ ہیں آرمی چیف غدار ہیں سارے بے غیرت,1
اس پر سینکشنز لگ جائیں گی,0
افغان صوبے غزنی میں سیکیورٹی آپریشن میں طالبان کا ایک ریڈ یونٹ کمانڈر ہلاک,0
پیپلز پارٹی سندھ بلدیاتی انتخابات میں بابر اور افتخار کی مشترکہ کاوش سے کامیاب ہوئی ہے ووٹوں سے نہیں,0
اگر آج نیازی کی جگہ نواز شریف کو اس طرح ضمانت ملتی تواب تک یوتھیو نے اپنی بہنوں کی شلواریں عدالت کے باہرلٹکا کر مجرہ شروع کر دیناتھا,1
کیا باجوہ نے شہباز گل کی عیادت کی یا ان کو صرف چور ڈاکو ہی اپنے لگتے ہیں,1
آج انٹرنيشنل میڈیا خبر بریک کر رہا ہے کہ پاکستان کی تاریخ میں پہلی بار کوٸ سابق وزیراعظم اشٹیبلشمنٹ کے لیے بہت بڑا خطرہ بن چکا ہے,0
آج جمعے کے روز خیبرپختونخواضلع لوئر دیر علاقے بنشاہی میں ایف سی کی گاڑی کو تحریک طالبان پاکستان کے مجاہدین نے بم دھماکے کا نشانہ بنایا جس کے نتیجے میں گاڑی تباہ اور اس میں سوار تمام اہلکار ہلاک و زخمی ہوئے ـ الحمدللہ ـ محمد خراسانی ترجمان تحریک طالبان پاکستان ستمبرء,0
کیا یہ واقعی اقرارالحسن نے بیان دیا ہے یقین نہیں آرہا,1
خانہ کعبہ میں تو اصلی بال بھی شیو ہو جاتے ہیں یہ پوری وش کے ساتھ پہنچ گیا,0
ہاہاہاہاہاہاہاہاہاہاہا میں اور شبر زیدی پانچ ہزار ارب جمہ کریں گے,0
کروڑ عوام کے صبر کا پیمانہ لبریز مت ہونے دو دل سے تو اتر چکے ہو نظرون سے بھی گر جاؤگے,0
تمام پاکستانی جو شہید ارشد شریف کے لیے انصاف کے متمنی ہیں چیف جسٹس عمر عطا بندیال کے نام خط لکھیں شاید اس بیغیرت کو شرم آ جائے,1
لیکن ہمارے ہاں کتوں کو یہ خالص گھی ہضم نہیں ہو رہا,1
کشمیر بنےگا پاکستان یارب العزت پاکستان کی شہ رگ کشمیر کو جلدازجلد بھارت کی قابض افواج سے آزادی نصیب فرماء آمی,0
مردوں کی غریدہ یہ سب سے اچھا لقب دیا ہے یوتھ نے آپ کو اور جتنا گند آپ نے بولا جواب ویسا ہی ملنا ہے انکل,1
یہ ہے غدار اس ملک کا اور افرہ تفری کا دیکھ لو اس کو یہ لعنتی ہے کسی لعنتی ماں باپ کی اولاد ہے یہ ایک باپ کا لگتا بھی نہیں نا ہی باجوہ ایک باپ کا لگتا پورے گاؤں کے حرامیوں کی پیداوار ہے دونو لعنتی,1
غریدہ فاروقی پول کا ڈرامہ رچانے کے بعد دور بین سے بھی نظر نہیں آرہی لگتے لفافہ لینے چلی گئی وہ بھی زندہ بھٹو سے پٹواریوں کا کباڑہ کرگئی صرف ووٹ سے,1
میں عمران خان کی تعریف اس لیے کرتا ہوں کیونکہ وہ تعریف کے قابل ہے عمران خان کی تعریف پر مجھے جمعیت علمائے اسلام والوں نے انتہائی گندی اور بازاری گالیاں دی مولانا طارق جمیل,1
کوئی شرم کرو یہ گندم سندھ حکومت نے ملوں کو رلیز کی ہے بے غیرتو,1
عوام کے شوباز شعبدہ باز کیلیے نیک خواہشات اور جزبات,1
عوام کو پھدو بنانا ختم نہ کرنا رسید نہیں دینی باقی ٹرک کی بتی کے پیچھے لا دینا,1
بطور چیئرمین تحریک انصاف عمران خان نے تسلیم کیا کہ انھوں نے کئی معاملات پر اپنا مؤقف تبدیل کیا ہے مگر طالبان کے ساتھ بات چیت کا وہ مؤقف ہے جس پر ان کی کم و بیش ایک ہی پالیسی رہی ہے امن مذاکرات اور بحالی,0
سال سے پیٹ کاٹ کاٹ کر تمھیںبجٹ کھلاتے رہے کبھی ذکر تک نہیںبلکہ ہمیشہ ڈیفند کیا کیونکہ ہمیں امید تھی مشکل وقت میں تم ہی وہ قوت بنوگے جو اس دھرتی ماں کی حفاظت کر سکوگے غدارو ہمارے منہ سے نوالے بھی چھینے اور لیٹ بھی گئے غلاموں یہ تو مسلمانوں کی تاریخ نہیں,1
محمد تیمور شہید کا تاریخی نماز جنازہ لیکن کوئی میڈیا کوریج نہیں,0
این آر او کی شرمناک تفصیلات نیب ترمیم کا اثرات یہ ہے چوروں کی اصل حقیقت اپنے کیس ختم کرنے کے چکر میں آئے ہیں لعنت ہو تم چوروں پر پاکستان کے غدار ہو تم لوگ,1
جتنا گند سیاست میں نانی لے کر آئ ھے کوئ نہیں لایا جب یہ جائے گی تو گند بھی ساتھ لے جائے گی چوروں نے اولاد کی تربیت ھی ایسی کی ھے کہ بس جسکو دیکھو ھاتھ نچانچا کر گالیاں دواور جس کو خود نہ دے سکو اسکو لوگون سے دلواؤ ڈرپوک مراثن,1
یہ جاگی ہے یا نہیں یہی معاملہ اگر ماریانہ بابر یا ایمان مزاری نے رپورٹ کیا ہوتا تو ابتک یہ پھدک پھدک کر دھرتی ہلا چکی ہوتی,1
عمران خان وہ واحد لیڈر ہے جسکو صرف اپنا ملک اور اپنی قوم عزیز ہے اللہ عمران خان کا حامی و ناصر ہو کروڑوں بھائیوں کی دعائیں آپکے ساتھ ہے اللہ صحت وتندرستی عطاء فرمائیںوتعز من تشاء وتذل من تشاء اللہ پاک میرے کپتان کو مزید عزت دیں,0
سری لنکا سٹائل گھس کے ماریں گے آؤ,0
اخر کب تک اس انگریز کے قانون کے اندر رہے گے,0
یہ ہے انکی کل سیاست فائز عیسی کی طرح رسیدیں نہیں ہیں کیونکہ ساری زندگی کرپشن کی ہے وہ سپریم کورٹ میں بیٹھا لوگوں کو دھمکاتا ہے اور یہ کرائے کے غنڈے عدالتوں پر حملے کی دھمکی دے کر اداروں کو دھمکاتے ہیں,1
اب فیصلہ ادارے نے کرنا ہے کہ اپنے کنویں میں موجود کتے تو نکال کر کنواں پاک کرنا ہے یاں پورے کنویں کو ایک کتے کی وجہ سے مزید ناپاک کرنا ہے,1
یہ ملک نہیں رہا سرکس بن چکا ہے پہلی مرتبہ دیکھنے کو ملا کہ حکومت آپوزیشن کے بیان کی وضاحتیں دے رہی ہے,0
فخر پاکستان عمران احمد خان نیازی کی پریس کانفرنس خان صاحب کو براہ راست سنتے ہوئے کپتان کے کال کا انتظار ہے,0
ہر جگہ سے لعنت ملامت ہونے کے بعد نانی نے ٹویٹ کر ہی دی لیکن اس میں بھی کشمیریوں کی جدوجہد آزادی اور بھارت کی مزمت نہیں کی,1
اگر شفاعت علی ایسی ممکری کر کے آج اینکر بن سکتا ہے تو اس درزی انکل کا بھی پورا حق ہے,1
ہمارے نیزے ہمارے سینوں میں آلگے ہیں ہمارا سالار دشمنوں سے ملا ہوا ہے عطاشاٸق,0
بیشرموں حیا کرو آل شریف کی غلامی میں حیوانوں سے بھی بدتر ہو گئے ہو,1
ٹھنڈ پہ گئی غیر معزز ججوں کے کلیجے میں خان کو بلا کر,0
میر شکیل نے کہا تھا کہ یہ میرا دھندہ ہے اور اب اسکو پتہ چل چکا کہ شریفوں کی دلہ گیری کرنے میں دھندے کا نقصان ہو رہا ہے تو یوٹرن لینا شروع کر دیا ہے آہستہ آہستہ,1
ویسے ایک لعنت میری طرف سے قبول فرمائیں لعنتی عورت شرم مگر تم کو آتا نہیں,1
انی دے آ ہنڑ جواب دے,1
بینظیر و نصرت بھٹو سے جمائمہ کی کردارکشی تک سمعیہ چوہدری کے چنبہ ہاؤس میں قتل سے لیکر عائشہ رجب علی کے گھر بلا اجازت جانے تک نون لیگیوں کی ایک تاریخ ہے خواتین کے ساتھ زیادتی کرنے کی انکی عزت اچھالنے کی اور اس پر حد درجہ بیشرمی دکھانے کی,1
لکھ لعنت ایسی کامیابیوں پر جو ابھی اس لعنتی پر اس کے ساتھیوں پر,1
عمران خان اسمبلیاں کس چیز سے توڑیں گے ہتھوڑوں سے یا مشینوں سے,1
لاڈو رانی کی کمپنی کو نئی ہدایت پہلے عمران خان کو گرفتار اور نااہل کر کے جیل میں ڈالو پھر الیکشن کرواؤ اب دیکھتے ہیں کہ کمپنی ہمیشہ کی طرح جی حضوری کرتی ہے یا نہیں,1
یہ کتوں کو گاڑی میں بٹھانے کا کیا سین یے,1
ملک کی تباہی پیچھے میرا ڈھول سپاہی,0
عون عباس بپی نے نون لیگی منافقت اور دوغلا پن آشکار کر دیا کچھ دن پہلے نون لیگ اور پیپل پارٹی جہانگیر ترین کو لولی پاپ دینے کی کوشش کر رہے تھے مریم نے تو ترین کو نواز شریف کے بات کرنے کی بھی پیشکش کر دی اب جب ترین گروپ کی عمران خان سے ملاقات ہو گئی تو انکو ترین برا لگنے لگ گیا,1
آپس دیاں گلاں ٹوئٹر تے نئی پھیلائی دے,0
ہیرا منڈی کا لاہور ہائیکورٹ سے اعلان لاتعلقی ہماری دوسری کوئی برانچ نہیں ہے لاہور ہائیکورٹ اب تک ہمارے سارے گاہک لے گئی ہے ذرائع,1
زرتاج گل کی زبان پھسل گئی تو اس پر ٹرینڈز بن گئے لیکن یہاں نے یہ انکشافات کیےکہ بلاول کا بوائےفرینڈ اس کے ساتھ بلاول ہاوس میں رہتا ہے رحمان ملک نے سنتھیا کا ریپ کیا گیلانی نےدست دراندازی کی تو سارے موم بتیوں کو چپ لگ گئی یہ بغضیوں کی منافقت اور دہرا معیار ہے,1
اس کے لئے مولانا حمداللہ کو بلانا چاہئے ماروی صرف اس سے ڈرتی ہے جس نے ٹاک شو میں اس کی طبیعت صاف کی تھی,0
اسکا ایک ایک جوڑا ہزاروں کا اور برائیڈل وئیر لاکھوں کا ہوتا ہے اور یہ گھٹیا کم ظرف عورت جن لوگوں کی کاریگری پر پیسہ کماتی ہے انکو دو یا تین مہینے تنخواہ نہیں دے سکتی ہے اسکا تو بائیکاٹ ہونا چاہیے ہے,1
پنجاب میں نون لیگ نے اپنے آخری بجٹ میں صحت کے لئے بلین رکھے تھےجبکہ پی ٹی آئ نےآتے ہی اسےبلین کر دیاڈاکٹروں کی اسامیاں نون والوں نےخالی رکھی ہوئ تھیںبزدارحکومت نے آکر بھرتیاں کیںنون صرف کمیشن کے لئے فلائ اوورز اور میٹرو بناتی رہی,1
آپ نے اپنے عمل اور عظم سے ثابت کیا ہے کہ آپ حق سچ اور غیرت کی علامت جبکہ اور اس کے ماتحت بلونگڑے منافقت جھوٹ اور بے غیرتی کے نمونے ہیں,1
کچھ لڑکیوں میں تو ماشاءاللہ اتنا ایٹیٹیوڈ ھوتا ھے کہ اگر انہیں مچھر بھی کاٹ لے تو مچھر کو پکڑ کہ انگلش میں پوجھتی ہیں,0
یہ ٹرینڈ چلانے والوں سے معصومانہ سوال جب آئین آزادی اظہار رائے کی ضمانت دیتا ہے تو آپ بنا کسی ثبوت کے لفافہ صحافی ہونے کا الزام کیسے لگا سکتے ہیں,1
ابھی اس کی حکومت نہیں ہے تو یہ حالات ہیں جو حکومت ہوتی تو کیا ہوتا,0
بابر افتخار کو پتہ ھے اس نے غداری کی ھے تو کیسے مان لے اب یہ بھی کا ساتھی ھے,0
مگرمچھ اور گینڈے کی انسانی شکل,1
اعوذباللہ من الشیطان الرجیم ایک شیطان کو دفعہ کرنے کیلیے اس سے بڑی دعا نہیں ہو سکتی لیکن کچھ ابلیس پھر بھی دفعہ دور نہیں ہوتے مطیع اللہ ان ابلیسوں میں سے ہے,1
نہیں نہ تو پی پی نے بلوچستان حکومت گراتے کوئی ڈیل کی نہ سنجرانی بناتے کی نہ باپ سے ووٹ لیتے کی نہ مصطفی نواز کو سزا دیتے کی نہ ہی کمیٹی نون کو دیتے کی اللہ آپ کو بھی وہی ہمت دے جس کی آپ تعریف کر رہے ہیں,0
جنرل بلال اکبر کو سعودی ارب سفیر بھیج کر کون جان چھڑا رہا ہے بتاتے ہیں افراسیساب خٹک صاحب پورا شو,0
پہلے اس سیالکوٹی رنگباز نے کشمالہ طارق کو خدمات کے صلے میں کروڑ قومی خزانے سے ادا کیے اللہ جانے عوام اس عیاشی کے کتنے کروڑ ادا کرے گی,0
روئیں پٹیں چیخیں ماریں نانی کھسک گئ,1
عروج میں تو شیخ رشید جیسے ملاتے ہیں ہاتھوں میں ھاتھ مشکل میں جو ساتھ چلیں اسے شاہد خاقان عباسی کہتے ہیں میرا ببر شیر ایم این اے,0
سال سے کبھی فاطمہ جناح کبھی مجیب الرحمان کو کبھی بینظیر کو غدار بنانے والوں کو آج قوم کو بتانا پڑ رہا ہے کہ وہ غدار نہیں ہے,0
پنجابی و ہمت کرو اس لگڑبھگڑ کو پتلی گلی میں لے جا کر خوب اچھی طرح لگاؤ,1
محبت میں دی گئی ایکسٹینشنچھوٹ بعض اوقات محبوب کو اوقات سے باہر کر دیتی ہے,0
زبان اندر رکھیں گے تو انہیں تکلیف ہو گی,0
ان شاءاللہ العزیز اگلا وزیراعظم عمران خان,0
عمران خان نے دونوں پارٹیوں کی سالہ سیاست ختم کردی ہے یہ عمران خان کا مقابلہ نہیں کرسکتے اب ہے,0
رانا ثناء اللہ باندری پھر کیسا لگا سرپرائز اچھا تھا نا,1
اب کيا کروگےجب اپ خود کی عزت نهی کرتے تو دوسرے خود اپ کو ذليل کرينگے چور هټاو ملک بچاؤ,0
قومی مفاد کا کہہ کر مجھے دھمکیاں دی گئیں وہ بھی لکھ کر خط کی صورت اتنی جرآت ان کی,0
پہلے سیاستدانوں کے ہیرو جنرل ھوتے تھے اب جرنیلوں کا ہیرو عمران خان ہے مان جاؤ کے کنجرو بندہ یہی پرفیکٹ ہے,1
سردار کو باس نےنوکری سےنکال دیا وہ روزانہ دفتر کے عین سامنےخوب ساری ٹٹی کرکےآجاتا ایک دن چوکیدار نےپکڑ لیااور پوچھا اے کی حرکت ھے پین چودا سردار بولا کجھ نئیں باس نوں پتا چلدا رہوے کہ میں پکھا نئیں مر رہیا ہمیں عہدوں کی کوئی لالچ نہیں شوباز و نواز,1
اس وقت والے بہت مشکل میں ہیں انہیں سمجھ نہیں آرہی کہ ایمان بچائیں یا فضل رخمان کیونکہ فضلو وہ خطرناک ڈرائیور ہیں جنہوں نے سواریوں سے جنت جانے کا کرایہ لے کر گاڑی دوزخ کی طرف موڑ دی ہے,1
پی ٹی آئی چیئرمین نے کہا کہ پاکستان کی فوج وزیرستان میں بھیجی جا رہی تھی تو میں نے اختلاف کیا قائد اعظم نے قبائلی علاقوں سے فوج کو واپس بلانے کا کہا تھا,0
انکے گھروں میں کس کی فوتیدگی ہوئی ہے,0
اگر پاکستانی ججوں اور عدلیہ میں وطن کی اس بیٹی اور بیٹے سے آدھی بھی غیرت ہوتی تو آج ہم کہاں کے کہاں یوتے,1
اے امیر شہر بتا تو سہی ہمارا جرم کیا ہے بیرون ملک سے آنے والوں کے ساتھ ساٹھ تھر پارکر کے بچوں اور کتے کے کاٹنے سے موت کے منہ میں جانے والےمریضوں کو بھی سندھ کا ویزہ دے دیں آخر انکا بھی حق ہے زندگی پر,1
ڈکیتی کے پرچے میں ضمانت ہوئ صاحب موصوف جاتے ہوے پارکنگ سے موٹر سائیکل لے اڑے سوچا ہو گا اب خالی ہاتھ کیا جانا شائد اسے ادراک ہے کہ قانون نافذ کرنیوالے ادارے اور عدالتیں اس کا کچھ نہیں بگاڑ سکتے,1
جو کہتے تھے کے علامہ خادم حسسیں رضوی دین پر سیاست کرتا ہے انکے منہ پر زبردست طمانچہ,0
حیرت ہے محض سیاسی اختلافات کی بنا پر گالیاں بکے جا رہے ہیں,0
بحران کی جڑ جرنیل ہیں پاکستان میں کوئی آئین نہیں یہاں غیر اعلانیہ مارشل لاء ہے,0
کشمیر کے سوداگروں کان کھول کر سن لو ہمیں تمارے اس سودا پر لعنت بھیجتے ہے,1
کل کے واقع نے ثابت کیا ہے کہ اس طریقہ سے ملک کے انتظامی عمور فوج کے کنٹرول میں آنا چاہے اس کا نام سول انتظامیہ سپورٹ کیوں نہ ہو اس سے فوج پر حرف آ گیا ہے,0
کج بولوں تے سہی اب بکواس کیوں بند ہو گئی یوتھیوں کی کوپیتان صاحب کا بھی کوئی ٹویٹ نہیں آیا اردو میں بولنے والا اور دلشاد بیگم کا پتر بھی لاپتا ہے فردوس پہلوان کا بھی کوئی اتہ پتہ نہیں,1
روپے تنخواہ کی سیونگ لاکھ ھزار پونڈ برطانیہ ٹرانسفر آنسو تو آنے ہی تھے پگلے مریم کے آنسوؤں سے مماثلت نہیں لگ رہی کیا عورت کارڈ کرنل کی بیوی ٹھیکےدار کی بیٹی اور ایتھے رکھ ہن جج کی بیوی جس کو بچانے کے لئے پوری جوڈیشری بہانے ڈھونڈ رہی اسکو بچانے کے عدالتی نظام,1
عمران نیازی کے عشق میں عدلیہ نے اپنا منہ کالا کروا لیا ھے,1
عمران خان نے میڈیا کو اربوں روپے نوازنے سے انکار کہا اور عوام کو سستا آٹا پٹرول گھی اور صحت کارڈ دیا لیکن امپورٹڈ کرمنل مسلط سرجار نے غریب سے یہ سب کچھ چھین لیا اور میڈیا کو اربوں روپے دے دیے اسی لیے اس مہنگائی اور وطن فروشی پر فیصد میڈیا کی زبانیں بند ہیں,1
کسی اعلی عدلیہ کے جج صاحب بارے کچھ لکھ دیں دستی سوموٹو آئیگا عزیر بلوچ کی اور دفعہ کے بیان پر نہ عملدرآمد نہ کوئی کے تحت کاروائی زرداری اور اسکے حواریوں پر سیدھا سیدھا غداری کا مقدمہ درج ہونا چاہئے ورنہ ضرب عضب میں پکڑے گئے سارے سہولت کاروں فنانسرز کو بھی چھوڑ دیں,1
مارچ اور مظاہروں سے مہذب لوگ شرمندہ ہوتے ہیں باجوہ بندیال ڈھیٹ اور طاقتور ہیں لہذا خونی انقلاب کے بغیر سسٹم کبھی ٹھیک نہی ہوگا,1
عمران خان نے اس قوم کو حقیقی آزادی کا شعور دیا ہے انشاء اللہ قوم عمران خان کی قیادت میں جلد حقیقی آزادی حاصل کرے گی عمران خان واحد لیڈر ہے جو اپنے ملک و قوم کے ساتھ مخلص ہے جس کی بیرون ممالک جائیدادیں ہیں نہ سیاست میں نوازنےکے لیے خاندان,0
ایک سیاستدان اگلے انتخابات کے بارے میں سوچتا ہےاور ایک سیاسی مدبر دانشور اگلی نسل کے بارے میں,1
رحمان ملک اور یوسف رضا گیلانی نے سنتھیا کو اربوں روپے کے لیگل نوٹس بھیجے تو جواب میں سنتھیا رچی نے بینظیر بھٹو کے قتل کی داستان کھول کے سارے زرداری ٹولے کی پھاڑ کے رکھ دی,1
جن پٹواریوں لفافوں اور لبرلز کو ہوٹل روزویلٹ کو سیل کرنے پر ایشو ہے وہ نواز شریف کا پی آئی اے کے قرض اتارنے اور بہتر بنانے کا فارمولا سن لیں,1
جس کی حفاظت اللہ کرے اسے دنیا کی کوئ بھی طاقت روک نہیں سکتی,0
ابصار عالم کی پسلیوں میں گولیاں لگیں لیکن کانوں سے ہیڈ فونہاتھ سے موبائل نہیں چھوٹا اور نا ایک بوند خون نکلا اسد طور کا بازو ٹوٹ گیا لیکن ہاتھ سے موبائل نہیں چھوٹا نواز شریف پر قاتلانہ حملہ ہوا لیکن قاتلوں کے ہاتھوں میں فائلیں تھیں حامد میر کو گولیاں لگیں لیکن پٹی کمیز,1
کیوں تمھاری مت ماری گئی ہے غدارو اور اپنا قادیانی ٹولہ لے کرہمارے ملک سے دفع ہو جاؤ,1
اور اس کے علاوہ وہ رات بھی جو بدکاری میں گزاری گئ بیغیرت بدکار غدار صحافیوں کو پھانسی دو ڈان لیکس ایجنٹس کو را مودی امریکی یہودی یاروں کو فوج کے غداروں کو پھانسی دو غدار بھکاری پٹواری غدار نامنظور امپورٹڈحکومتنامنظور,1
سحر بندیال کے پاپا پاپا جسٹس بندیال کے ریمارکس سے لگ رہا ہے کہ یہ دن کے اندر الیکشن کروانے کا حکم دے سکتا ہے,1
ٹچی کی چھوٹی چھوٹی خوشیاں کوئ شرم کوئ حیا نا بابا نا,1
موصوف الیکشن سے پہلے فرما رہے ہیں کہ یہ پیپلز پارٹی بھی آپ کو کھائے گی اور اس کے اتحادی بھی آپ کو کھائیں گے اور پھر ووٹ لینے کے بعد اسی پیپلزپارٹی سے اتحاد کرلیا,0
اسلام آباد ہائیکورٹ آپ نے کاشف عباسی کا پروگرام دیکھا حقائق کی تصدیق کے بغیر کیا کچھ کہا گیا کاشف عباسی نے کہا عدالت رات کو کیوں کھلی یہ عوام پر عدالت کا اعتماد اٹھانےکی کوشش ہے اگر آئین کو کچھ ہوگا تو عدالتیں رات بجےبھی کھلیں گی جسٹس اطہرمن اللہ,1
اس حرامی کو جان بوجھ کر دو نے لگوایا تھا تاکہ وقت آنے پر وزیر اعظم کی پیٹھ میں چھرا گھونمپنے کے لئے استعمال کر سکے,1
رپوٹر مینج ہوتے ہیں میڈیا کی اکثریت مینج ہوتی ہےکاشف عباسی,1
اسپیکر ڈنگر کیا ہم اس دن کا ظلم بھول جائیں گئے,1
عمران خان نے عوامی عہدہ رکھنے سے پہلے چالیس سالہ کمائی کا حساب دیا ہزاروں ڈاکومنٹس دیے جن میں کوئی ٹرسٹ ڈیڈ اور کوئی قطری خط نہیں تھا فرخ حبیب کے ہاتھوں اپوزیشن کی زبردست چھترول,1
جو بھڑوے چھاتیاں پیٹ کر کپڑے پھاڑ کر چلاتے تھے کہ آزادی اظہار پر پابندی ہے میڈیا پر سنسرشپ ہے وہ آج سندھ حکومت کی سرپرستی میں اے آر وائی کے خلاف جاری مہم کا دفاع کر رہے ہیں ایسے کیسے حرامیوں ایسے کیسے,1
بائو جی کی یہ لاڈلی عجوبہ بے روزگار فتنہ بدنام کردار ایسے لوگوں پر تعلیم نہیں تربیت اثر کرتی ہے,1
آپ پی پی سے ہو یا نلیگ سے شہلا رضا کیا کتے والی زندگی گزار رہے ہو پی ٹی آئ کے بغیر ہر سیاسی جماعت اور سیاستدان کو ڈیفنڈ کرتی ہو کیا دور تھا جب ایک دوسرے کا پیٹ پھاڑا کرتے تھے ایک مولوی کہتا تھا تو دوسرا کرپٹ زرداری ہوا کے اک جھونکے نے سارا پول کھول دیا ان ننگ چھپارہےہیں,1
ٹھیک ایک سال پہلے سب بستر مرگ پہ تھے,1
کی تاریخ میں پہلی بار سٹنٹنگ کی روک تھام کیلئےحکومت کا پروگرام احساس نشو ونما صارف خواتین کو سہ ماہی نشو و نما کیش وظائف بھی دیئے جائیں گے بچی کی پیدائش پر ہزار اور بچے کی پیدائش پر سو روپے شکریہ عمران خان,1
بھگوڑا باہر بیٹھ کے بکواس کرتا رہتا ہے ملک میں آؤ عدالت میں جواب دو,1
آجکل اس کو اپنے ہینڈلر بڑے یاد آ رہے ہیں زیادہ ٹیں ٹیں کی تو ہینڈلر آپ کو بھی اسی پنجرے میں پہنچا دیں گے جہاں آپ کے اس ٹٹو کو رکھا تھا اور جہاں مخالفوں کو رکھ کر آپ خوش ہوا کرتے تھے ویسے آپ کی منافقت کو ماننا پڑے گا,0
جس کو اس کا باپ اپنی گود میں بٹھا کر لایا اسی کو اس اژدھے نیازی نے ڈس لیا,1
ھھھھھ عمران خان صاحب کا شکریہ دو,0
اے راہ کنجر خانے کے سپوتو تمہیں لداخ کی فضائیں در فٹے منہ کہتی ہیں,1
کوئی پتھر سے نہ مارے میرے دیوانے کو,0
سمجھ میں نہیں آتا کہ سارے پٹوار خانے کو ہی الرجی ہو گئی ہےاوئے کھوتی دے بچیو صاف صاف بول دو میں بھی اپنے قائد موترم حرامخور فراڈئیے کے پاس لندن چلا جاتا ہوں,1
سب کچھ نیوٹرل کے ہاتھ میں ہے جب پہر ہار کیسی,0
تمھارا ظلم تم پر ہی قہر بن کر نہ برس جائے اس سے پہلے بدبخت نقارہ خلقت خدا سن لے,0
کاش اعجاز چوہدری میں شرم کا کچھ مادہ ہوتا تو آج معافی ضرور مانگتا,0
چکی آٹا ایسوسی ایشن پنجاب کے چیئرمین لیاقت ملک نے اس بحران کی وجہ بجلی کے بل اور گندم کی قیمتوں میں اضافہ قرار دیا ہے,0
پہ اچھل کود کرتے پٹواری ایک دفعہ شوباز کی سٹیٹمینٹ پڑھ لیں ہر مسئلہ کا حل جنگ نہیں عوام کو اب اس دہشت گردی سے سکھ کا سانس چاہئیے,1
اس کتے کو ادھر ہی مار کے دب دینا چاہیے,1
فوج کھا گٸ ہے ملک کو مولوی فضلو کے بھاٸ مولوی عطا الرحمان کا سینیٹ سے خطاب,1
صحافتی طوائفوں میں بغض عمران کی انتہا چیک کریں کہ اج ملک بھر میں جاری شجر کاری مہم میں کسی صحافتی طوائف نے عملی طور پر حصہ تو دور ٹویٹ تک کرنے کی زخمت نہ کی ان مفاد پرستوں کا کام صرف حکومت کے خلاف سارا دن بھونکنا ہے,1
یہ سب کا کیا دھرا ہے یہاں کسی کی نہ عزت محفوظ نہ آزادی اظہار کا آئینی حق محفوظ,1
پنجاب میں ہمارا وزیراعلی آنے والا ہے پھر ہم اسمبلیاں توڑیں گے اسد عمر ان شاء الله خان کے شیر سپاہی,0
پی ٹی آئی کے یو ٹرن کے تو سب عادی ہیں سوال تو پھر یہ اٹھتا ہے کہ نون لیگ اس وقت کیا کرنا چاہ رہی تھی کیا مزاری صاحبہ کے الزامات درست تھے,0
چڑتے سورج کو باطل نہ ہرا پایا مگر میں بطور پاکستانی باجوا ہ پے لعنت بھجتا ہو ں,1
اپوزیشن کو کوئی خوشی نہیں کہ شرع نمو فی صد ہے انکو یقین تھا کہ ملک برباد کر دیا ہے انہوں نے اور یہاں معاشی ترقی نہیں ہو سکتی اس لیے وہ اب بھی ناامیدی پھیلا رہے ہیں,1
اسیمبلی تو پھر بھی نہیں کرے گا ڈزالو وہ تو آج کی ملاقات سے ہی پتہ چلتا ہے,0
شاندار انگریزی کی ٹویٹ کو ڈیلیٹ مار کہ بھاگ گئے سابقہ وزیر خزانہ صاحب,0
پاکستان رئیل اسٹیٹ ٹائیکون کوملین پاؤنڈجرمانہ کی خبرشریف فیملی کےلئےکلینچٹ ہےانکی برطانیہ میں تمام جائیدادیں قانونی ہیں یہاں کسی کےساتھ رعایت نہیں ہوتی نیزاسحاق ڈارکےریڈوارنٹ کی معطلی سےیہ عیاں ہےیہاں سیاسی بنیادوں پہ بنائےگئےکیسزکوسنجیدہ نہیں لیاجاتا,1
ہمت ہے تو کر کے دکھاؤ گرفتار,0
حرام کی کمائی پر پلنے والی کاکام بس دن رات عمران خان پر بھونکنا ہے اسکے علاوہ اس بدکردرا بدزبان کرپٹ مکار فراڈن گھٹیا عورت کی کوئی قابلیت نہیں,1
مالشیوں پالشیوں کی مالشیاں نامنظور نامنظور,0
یہ طریقے طریقے سے نبوت کا اعلان کیا جا رہا ہے صاف الفاظ میں کہا تو بلاسفیمی لگنے کا ڈر ہے لہذا علم اتنا زیادہ ہے کہ حدیبیہ کا نام نہیں پتہ,0
خدا میرے ملک کو اس نہج پر پہچانے والے جرنیلوں کو برباد کرےآمین,0
جناب چیف جسٹس گلزار احمد یہ ہے وہ بلین ٹری سونامی کے بین الاقوامی اثرات آپ تو اس پروجیکٹ پر بھانڈ پنا کرنے سے باز نہیں آتے,1
ایک ماں کی نیوٹرلز سے دسبستہ فریاد,0
تمہاری شکل تمہارے باقی بہن بھائیوں سے نہیں ملتی نہ ہی ماں اور باپ سے نہ ہی تمہارا خون باقی گھر والوں سے ملتا ہے تو ثبوت کا بار تمہاری ماں ک ہے نہ کے باپ کا,1
اچھا آپ نے بہن دی ہوئی ہے عابد شیر علی کو پھر تو آپ کی عزت کرنا بنتی ہے,1
پہاڑی کھوتےن لیگ میں شامل ہو کر چوری فراڈقتلاور لوگوں کی بیہودہ وڈیو بنانے کو دل کرتا ہے دو,1
شکریہ سمجھ پھر بھی نہیں آئی,0
کونسی ففتھ جنریشن وار سب بکواس ہے کیا کو پتہ نہیں تھا کہ رجیم چینج آپریشن کرنے سے ملک کہاں پہنچ جائے گا کیا اب عاصم منیر صاحب کو پتہ نہیں ہے کہ یہ قوم زرداری لیگ پر تھوک رہی ہے وہ پھر بھی اپنے کو ہم پر تھوپنا چاہتا ہے ایسا نہیں ہو گا اب,0
مورخ بندے کا پتر ہی تھا اور دیکھ اس نے بروقت لکھ بھی دیا تھا لیکن تم لوگ ہو کہ مانتے ہی نہیں,1
غلیظہ فاروقی کیلیے خاتون اول بارے بھونکنا یا وفاقی وزراء پر گھٹیا بہتان لگانا آزادی صحافت ہے,1
اس شخص کو دیکھیں جو مہنگائی کی وجہ سے عمران خان کو چھوڑ کے گیا تھا جب پیٹرول تھا آج دیکھیں بے غیرت کی طرح کھڑا ہے پوری مہاجر قوم کی ناک کٹوا دی ان غداروں نے لعنت بار لعنت,0
یہ وزیراعظم کا سپنا دیکھنے والی چڑیل شرم تو تمہیں آتی نہیں گھٹیا عورت عورت کے نام پر تم دبہ ہو تم جیسی عورت کو تو کوئی گھر میں کام والی ماسی بھی نہ رکھے کلیجا چبانے والی چڑیل,0
خطرہ ہے کہ جس طرح ہماری معیشت گر رہی ہے ہمارے چار ارب ڈالر کے ذخائر رہ گئے ہیں بندرگاہ پر چار ارب کی چیزیں پڑی ہیں جو اٹھا نہیں رہے چیزیں مہنگی ہو رہی ہیں بے روزگاری فیکٹریاں بند ہو رہی ہیں,0
جیو نیوز پر بیٹھ کر جیو نیوز کی کتوں سے بدتر یعنی نواز شریف والی کرنے پر ہم بیرسٹر سیف کو خراج تحسین پیش کرتے ہیں,1
اس ایک گھٹیا آدمی کی انا کی پوری قوم قیمت ادا کررہی ہے اس کے نیچے بھی سب کھسی ہیں جو اس سے پوچھ نہیں سکتے,1
کوئی ہے مرد مجاہد ہماری پاک آرمی میں جو غدار کو گولی مار دے,0
رب تعالی نے ان چہروں پہ دائمی نحوست مسلط کر دی ہے ہے کوئی جو ان پہ مسلط نحوست کو ختم کر پائے,1
ایسے کیسے حرامیوں ایسے کیسے کنجر ایسے کیسے,1
سر پائے پکوا لو پلاؤ پکوا لو کڑاھی سیخ کباب ورنہ سٹیک سنٹر فائز تسی فرمائش تے کرو,0
باجوے کا سسر قادیانی ہے اعلان ختم ہوا,0
شاہین غوری غزنوی ابدالی اور نصر کو بھی ایک دفعہ چیک کر لیا جائے کہیں وقت پڑنے پر یہ بھی نیوٹرل نہ ہو جائیں,0
قتا چاجواہقتا باجواہ ہاے ہاے کتا باجواہ ہاے,1
الو کے پٹھو پر مشتمل ٹبر جن کی صلاح بھی آپس میں نہیں ملتی,1
باجوہ غدار کو پھانسی دو ایک کو پھانسی ہو گی پھر کوئی یہ بےغیرتی نہیں کرے گا دو,1
اس خدمت سے ارب کی پراپرٹیز بنی مشکور ہونا بھی چاہیے,0
مریم صفدر کے بہاولپور جلسے میں گلی گلی میں شور ہے سارا ٹبر چور ہے کے نعرے,0
سلمان شہباز بزنس پارٹنر ھے سولر پلانٹس کمپانی کا,0
سالے ہیں پیار سے پلیز نہیں تو بہنوں سے شکائت کریں حرامی پٹواری اور اسی نالائق کی حرامی اولاد ھے جو بلکل اپنی بھگوڑی ماں پر گیا ہے,1
مہنگے کپڑے پہنے سے کوئی انسان بڑا نہیں ہوتا انسان بڑا تب ہوتا ہے جب اس کے پرانے کپڑے چھوٹے ہو جائیں,0
محترمہ بیگم شریفہ نواز پٹواریوں کی ممی,1
ان دلوں کا وہ حال کریں گے ساری زندگی یاد رکھیں گے یہ امریکہ کے دلال,1
لگتا ہے کنجر لفافے کو نئئ نئئ چابی دی گئ ہے,1
آج جمعہ ہے شوباز کو نیب نے بلوایا ہے بس ایہہ ای دسنا سی,1
سندھ میں لوگوں کو راشن نہیں مل رہا مجبورا لوگوں نے اپنے شناختی کارڈ تک جلادیۓ تاکہ مستقبل میں ووٹ کا حق بھی استعمال نہ کرسکیں حکومت سندھ لوگوں کو ریلیف دینے میں مکمل طورپر ناکام ہے لوگوں کو ریلیف دینے کے بجاۓ حکومت سندھ کے وزرا وفاق پر تنقید کرنے میں اپنا وقت ضاٸع کررہے ہیں,1
مرشد ٹکا ٹکا کہ نیوٹلرز کو ایکسپوز کیا ھے,0
اس بھائی نے امپورٹڈ ناجائز مسلط فاشسٹ سرکار اور اسکے ہینڈلرز کی جئی تئی پھیر دی سنیے,1
نون لیگ میں کنفیوزن ہےنواز شریف اور مریم پاکستان اور فوج مخالف بیانیہ چلانا چاہ رہا تھا اسی لیے اسنے پاکستان کو گالی دینے والے افغان ایڈوائزر سے ملاقات کی کشمیری اور پاکستانی عوام نواز شریف کو کشمیر کا قاتل اور سوداگر سمجھتے ہیں اسی لیے نون لیگ کو بدترین شکست ہوئی,1
ہم انٹرنیشنل میڈیا کو پٹواریوں کو تتے توے پر بٹھانے پر خراج تحسین پیش کرتے ہیں,1
ان ڈالروں کے ساتھ بھی ڈیم فنڈ والی ہونی ہے,0
آج کی سب سے بڑی خبر انگلش کھلاڑی کیون پیٹرسن کا پرائم منسٹر ریلیف فنڈ میں اوورسیز پاکستانیوں سے حصہ ملانے کی اپیل لفافو ٹی شرٹ دیکھ کر ڈوب کے مرجاو,1
او بیغیرت وطن فروش باجوے جواب دے اپنے اس پیو کو,1
پہلے وزیر اطلاعات فردوس عاشق اعوان کو کمیشن لینے پر عہدے سے نکالا اب وزیر اطلاعات خیبرپختنخواہ اجمل وزیر کو عہدے سے ہٹا دیا گیا ہے کوئی پٹواری کوئی جیالا ایک مثال دیکھا دے کہ انکے لیڈر نے کرپشن الزامات پر اپنے وزراء نکالے ہو صادق اور امین عمران خان نا کھاتا ہے نا کھانے دیتا ہے,1
گئے ماہی گیر اس نے نوٹس لے لیا ہے,0
جو نو اور دس اپریل کی رات وزیراعظم ہاؤس میں ہیلی کاپٹر پر آیا اور وزیراعظم ہاؤس کے باہر پرزن وینز بھیجوانے کی جرآت کی,0
اس کا عنوان عدم اعتماد تھا,0
چیئرمین پاکستان تحریک انصاف عمران خان کا قوم سے خطاب کا فیصلہ عمران خان آج شام بجے قوم سے اہم ترین خطاب کریں گے,0
الککشن کمیشن کا نامزد چور ہے یہ نیازی فتنہ,1
اس نے ٹھیک ہی کہا ہے واقعہ مسجد نبوی اور مارکیٹ کے درمیان میں واقع ہوا ہے اور باقی گالی وہی دیتا ہے جس کی تربیت میں گالی شامل ہو,1
پی ڈی ایم اسٹیبلشمنٹ کی منتیں کررہی ہے کہ عمران خان کو نااہل کرے تو پھر ہم الیکشن میں چلے جاتے ہیں اعجاز الحق,0
میڈیا کی ازادی میڈیا کی ازادی میڈیا کی ازادی میڈیا کی ازادی میڈیا کی ازادی میڈیا کی ازادی میڈیا کی ازادی کدھر ھے سلیم صافی حامد میر اور میڈیا کی ازادی والے ابھی کب اس ثھیکیدار کی بیٹی پر پروگرام کرو گے لعنت ھو تماماینکرزپر,1
شرم کرلو اب تو کینیڈا والے بھی ذلیل کر رہے ہیں اور لیٹوں امریکہ کے نیچے,1
فروری ء فروری ء یوم قومی زبان اردو زبان سے محبت پاکستان سے محبت ہے,0
شہباز شریف تو کورونا ختم کرنے آیا تھا جب سے نیب نے بلایا ہے گیدڑ گھر میں چھپ کر بیٹھ گیا ہے بھتیجی شاہد خاقان عباسی کو پارٹی صدر بنانے پر تلی ہے بھائی باہر مزے کررہا ہے اور قسمت اتنی بری ہے کہ نیب کا سربراہ بھی واجد ضیاء ہے وہی واجد ضیاء جس نے انکی چوری دنیا کے سامنے ثابت کی,1
کیا کسی کو معلوم ہے کہ شہباز شریف صاحب کل بار بار بہتر سال کیوں کہتے رہے دو سال کیوں کھا گئے,0
کیونکہ وہ پاکستان کے ساتھ بڑا ہوا ہے اور ہمیشہ اپنے ملک کا قد خود کے قد سے زیادہ دیکھنا چاہتا ہے جو عقل رکھتے ہیں وہ سمجھ جائیں گے جو نا سمجھے وہ سب پٹواری کہلائیں گے,0
لو جی پچھلے چند گھنٹوں میں میرے ایک ہزار سجنوں کو بھائی جیک نے لمیا پا لیا ہے اب ہمسایہ کے کسان معاملے میں کوئی ری ٹویٹ نہیں کرنی اگلا نمبر اپنا ہی نا ہو جلتو جلالتو آئی جیک کو ٹال تو,1
بیگم نصرت بھٹو چاہتی تھیں کہ پیپل پارٹی کو آصف علی زرداری کے چنگل سے آزاد کروایا جائے حکومت میں سے کرپشن کا خاتمہ کیا جائے اور پیپل پارٹی میں الیکشن کروائے جائیں,1
کیوں ب کتے اب بول مزید نمبرز چاہئیں کیا یہ رہے تیرے چند پالتو کتوروں کے نمبرز اسکو کہتے ہیں اندر گھس کر مارنا,1
میں سے غداری کرنے والوں کی بڑی تعداد دیکھ کر ایک نے غصے سے بولا جب تم سب نے یہیں آنا تھا تو ہمیں وہاں سے,0
کیوں ان کے ذاتی خرچ پہ قید ہیں,0
فضل الرحمان کو ڈیزل کا خطاب خواجہ آصف نے دیا رفیق تارڑ کو بریف کیس مولوی زرداری نے کہا بنگالیوں کو سور کا بچ بھٹو نے کہا بے نظیر کو پیلی ٹیکسی ن لیگ نے کہا نصرت بھٹو کو کشتی نون لیگ نے کہا شیرین مزاریں کو ٹریکٹر ٹرالی خواجہ اصف,1
سندھ میں ٹڈی دل کے نام پر قومی خزانے اور سندھ کے غریبون کو کروڑ کا ٹیکا اس طرح کے کام تو انکا بھٹو کرتا ہے نہ کے ٹڈی دل کا اسپرے بھی ہوگیا اور کسی کو پتا بھی نھی چلا لگتا ہے اس سندھ حکومت نے سوچ لیا ہے کہ یے لوگ کبھی بھی مرنے والے نھی ہے,1
اردوگان صاب ہم ذات کے غرل غرل ہیں میں گجرغرلپائیجان پرچغرل ہیں بھتیجی قطرغرلبھتیجے پپیتغرل گونگلغرل ہیں میرے اپنے بیٹے ککڑغرلفراڈغرل ہیں ابا جی گٹر ڈھکنغرل کے تاجر اور دادا جی مشہور دلغرل تھے دیو کش نام مولا اسیں مسکینغرل جے,1
نامنظور نامنظور سور کے بچے بھاڑ میں جاؤ,1
پوری قوم باجوہ کو کھلے عام گالیاں دے رہی ھے اور اسکے مجرم ہونے کا یہی ثبوت کافی ھے کہ ایک پریس کانفرس نہی کرسکا اپنے اور ادارے کی ساکھ بچانے کےلیے اتنا بغیرت اور بغلول انسان پاکستان کا چیف اف ارمی سٹاف ھے,1
باجوہ ڈاکٹرائن کی بیغرتی دیکھ کر پولیس پر ترس آنے لگا ہیں پولیس کمینی ہو یا نیوٹرل مگر سب کے لیے ہوتی ہیں اور چھپ کر ذلالت نہیں کرتی,1
اس کتے کا کورٹ مارشل کیا جائے,1
وہ پاکستانی یوٹیوبرز جنکے بکواس سارا سال ہمیں سننا پڑتا ہےلیکن جب پاکستان پہ کوئی کڑا وقت آتا ہے تو انکو انڈیا کے,0
جبکہ حقیقت میں پڈم والے جمہوری ہیں اور نہ اسٹیبلشمنٹ والے کرپشن مخالف یہ سب مل کر سال سے ہمیں بے وقوف بنا رہے ہیں,0
عمران نیازی اپنی چوریاں تسلیم کرتا ہے لیکن ججز کہتے ہیں نہیں مہاراج آپ چور نہیں,1
اس بے غیرت کی شکل یاد رکھیں یہ فیصل آباد کا رجب علی بلوچ ہے یہ نام کا بلوچ ہے یہ اپنے گھر کے ایک کمرے میں ہوتا تھا اور اس کہ بیٹی عائشہ رجب علی طلال چوہدری کے ساتھ دوسرے کمرے میں تنظیم سازی کر رہی ہوتی تھی,1
ساڑھے تین سال اقتدار میں رہنے کے بعد جب وہ اترا تو اس کے پاس جلسہ کرنے کے پیسے بھی نہیں تھے ایسا ہے ہمارا لیڈر ہمیں اپنے لیڈر کی فقیری پہ فخر ہے,1
مریم نواز کو پیار سے جنرل صاحب شاید پیشہ ورانہ ذمہ داریاں کہتے ہوں,0
ممکنہ گرفتاری سے بچنے کیلیے آج مارچ کو مریم کی دائرکردہ درخواست آج ہی سماعت کیلیے مقرر کرنے والی لاھور ہارئی کورٹ کو چاہیے کہ وہ ایک ہی بار یہ حکم جاری کر دے کہ تمام ادارے ایسی تمام تحقیقات بند کریں جن میں شریف خاندان کا ذکر ہو اور آئندہ کوئی ادارہ ان میں سے کسی کو نہ بلائے,1
شکائت کا کوئی فائدہ نہیں جب نوبت شکائت پہ آ جائے تو سمجھ جائیں بات ختم ہو چکی سلام دیں اور آگے بڑھ جائیں,0
باجوہ کتے کے دائرہ اختیار میں ہے,1
ہر طرف آگ لگائی ہوئی ہے آج پھر سرکند سندھ میں آٹھ افراد اغوا کر لیے پر امن احتجاج پہ سب اس دہشتگرد ادارے سے نجات چاہتے ہیں,0
لیڈر تمہارا بیمار بن کر بھاگا ہوا ہے لوگوں کو پکڑنے سے تمہاری حکومت بھاگ رہی ہے ابھی تک ہر شہر میں تاریخی اجتماعات ہوئے لیکن تم لوگوں کے پاس گرفتار کرنے کے لئے نفری اور گاڑیاں نہیں ہیں اور تم انتہائی ڈھٹائی سے بکواس لکھ رہے ہو شرم کرو,0
اوورسیز بیٹھے غنڈے اور چورپہ زبردستی حکومت کر سکتے ہیں لیکن ملکی سرمائے میں اضافہ کرنے والے اوورسیز پاکستانی ووٹ نہیں دے سکتے سرعام ظلم اور ناانصافی کے خلاف جہاد لازم ہے,1
یہ ھے وہ مقام جو آج کے ذہنوں میں ڈال دیا ھے اور اس کی ٹیم نے تم لوگوں کے بچے اور دیگر فیملی ممبران کچھ بھی نہیں کہتے احساس مر گیا ھے یا حرام کی کمائی سارے خاندان کی رگوں میں سرائیت کر چکی ھے,1
قرضوں میں تیز تر اضافہ معاشیت تباہ مہنگائی بلند ترین ستح پر شدید بیروزگاری غریب عوام پر ٹیکسوں کا مزید بوجھ اور اوپر سے کی بدمعاشی عدلیہ پر اثر انداز ہونا سیاسی مخالفوں کو قیدوبند کرنا,1
نیو اسلام آباد ائیر پورٹ کا ٹھیکہ مریم کے سمدی کو دے کر برباد کرنے کا خواب بھی میاں صاحب نے ہی دیکھا تھا,1
بھوسڑی کا کوئ ایک انسان نہیں ان میں جانور ہی ہیں,1
عالمی ادارے کی رپورٹنگ کے مطابق ڈیٹا سے آگے کا نہیں جن پٹواریوں اور لفافوں نے آج ٹرانسپیرنسی انٹرنیشنل کی رپورٹ پہ مٹھائیاں کھائی تھیں یقینا اب وہ الٹیاں کر رہے ہونگے,1
سالگرہ مبارک میری بہن امپورٹڈ ناجائز فاشسٹ حکومت کے خلاف جنگ مین ہماری ساتھی,1
یہ سیاست میں بہن پیش کیوں کر رہا ہے اور تم لوگ اپنی لڑکیوں کے رشتے دیکھنے کے لیے پریس کانفرنس کرتے ہو کمینوں,1
میں تو دیکھ کر حیران ہوں کہ ہر چھ ماہ بعد نواز شریف کی جائیداد ضبطگی کا اعلان ہوتا ہے لیکن وہ پھر بھی اسی جاتی عمرا میں رہ رہے ہوتے ہیں انہی گاڑیوں میں گھوم رہے ہوتے ہیں یہ کیا مذاق ہے,1
عمران خان نے سینیٹ میں اکثریت نا ملنے کی صورت میں اسیمبلیاں توڑنے کی دھمکی لگا دی ہے اپنے اور کو خاص طور پر اگر گیلانی جیتے تو نو کانفیڈینس میں عمران خان اڑ جائے گا سو ہم تو ڈوبے سنم تم کو بھی لے ڈوبیں گے,0
یا تو جسٹس صاحب کی زوجہ کا اپنا بیوٹی پارلر ہے یا پھر جسٹس صاحب اپنی زوجہ کو پہچان نہیں پا رہے تبھی اتنے زور و شور سے وکالت کر رہے ہیں,1
تیری بہن تو نکال کر میں کب کا لے گیا بہنوئی کو اب ایسے نہیں بولتے گانڈو,1
آپکی مہربانی کہ آپنے اس قابل سمجھا میری مانیں تو دو کام فلفور کریں کرپشن کی ایک ایک پائی واپس کریں کسے ایسے ملک دفعہ ہو جائیں کہ آپکی مکروہ شکل نظر نا آئے عین نوازش ہوگی شکریہ,1
جو کام پاکستان آرمی کو کرنا چاہیے تھا یعنی کہ ملک کو چوروں سے آزاد کروانا وہ عمران خان کر رہا ہے اور تکلیف بھی نیوٹرلز کو ہو رہی ہے,1
بیرون ملک پاکستانی مشنز میں ملازمین کیلیے تنخواہ کے پیسے نہیں ہیں اور یہ احمق فرزند مسٹر پرسینٹ بیرونی دوروں پر پونے دو ارب روپے خاکستر کر چکا یے,1
کیوں جی باجوہ تہاڈا ذاتی ملازم اے اخے استعفی دو تمہیں لتر مارنے چاہیئں,1
ہماری زندگی میں اتنی لعنتیں سمیٹ کر جانے والا یہ پہلا آرمی چیف ہے جس پر پوری قوم اجتماعی طور پر لعنتوں کے ڈونگرے برسا رہی ہے ہم بھی دل کی اتھاہ گہراٸیوں سے کہتے ہیں,1
عجیب ملک ہے مجرم سے زیادہ منصف سے خطرہ بیماری سے زیادہ ڈاکٹر سے خطرہ چور سے زیادہ محافظ سے خطرہ,0
دوسری جنگ عظیم میں امریکیبرطانوی افواج کو سب سے زیادہ کاری نقصان پہنچانے والا جرمن جنرل رومیل تھا مگر امریکیبرطانوی افواج کے تمام افراد اور جرنیل اس کی بےحد عزت کرتے ہیں دوسری طرف یہاں کیانی راحیل اور ہیں جن کی دنیا تو کیا پاکستان میں کوئی عزت نہیں,0
کی سیاسی کی کہانی اس کی اپنی زبانی,0
آج اس خبر کو دوبارہ پڑھنے کا وقت ہوا چاہتا ہے,0
شریف فیملی بینظیر بھٹو اور زرادی کی منی لانڈرنگ ثابت ہو چکی ہے شریف فیملی بینظیر اور ا صف زرادی کی کرپشن الزام نہیں ثابت ہو چکی یے,1
تمہیں لفافہ ملا کہ نہیں یہ بتاؤ میر صاحب,0
کرپٹ مافیا کو ننگا کرنے کی سزار ہمارے بھائی نے اپنی جان دے کر ادا کی شہید کبھی مرتا نہیں بلکہ ہمیشہ زندہ رہتا ہے,1
گل ساب ساڈے لائک کوئی ہور خدمت,0
اب اس سارے استعارے میں والد کون ہیں,0
اونٹ جتنا قد ہے عہدہ سپہ سالار کا مگر شکل اور پریزنٹیشن غلاموں والی پھر کیوں نہ لعنت دی جائے ایسے پراپرٹی ڈیلر باجوے کو,1
ہم عظیم مطمئن اور بغیرت غلام بل دیں گے ضرور یہ احتجاج وغیرہ عمران خان اکیلا ہی دیکھ لے گا,1
جاگ قوم بچا اپنا ملک اپنی پیہچان اپنا پاکستان,0
ریاست کو اس بے لگام میڈیا کو کنٹرول کرنا ہوگا کیونکہ ہماری نظریاتی اساس اور افواج پاکستان ہماری بقاء کی ضامن ہیںاور یہ میڈیا اسی پہ ہی حملہ آور ہوچکا ہے,0
مرشد کا تو نیکسٹ لیول ھے,0
ان ساروں نے کیا پٹ لینا ہے یہاں پر باوے قادرے کا لن,1
جو مرضی کہے ہم سوئی ہوئی قوم ہے ہمیں اس سے کیا,0
مئی کو جب نواز شریف کی لندن میں ہارٹ سرجری ہوئی تو مریم صفدر موقعہ کا فائدہ اٹھاتے ہوئے پاکستان میں رہی اور قائم مقائم وزیر اعظم کےطور پر مزے کرتی رہی اور جب میڈیا نے ناجانےکا پوچھاتو کہا اپنےباپ کو بیماری کی حالت میں نہیں دیکھ سکتی,1
واہ واہ اپجیسا انداز بیاں اور کسی کا نہیں کم الفاظ میں لارج سائز چھترول,0
گانڈو نیوز نیٹورک جی این این پر جانے کے بعد عارف حمید ٹٹی کا دماغی توازن خراب,1
شہید ارشد شریف کے گھر کے باہر نعرے سنیں ڈرٹی ہیری کو اصل ڈر ان نعروں کا یے حیدر,1
تجھ جیسے بیغرت جب ملک بیچنے کے پیسے لو گے تو یہی ہوتا رہے گا,1
کپتان نے دو صوبوں کی حکومت قربان کر دى زرداری اور شریف خاندان کے ساتھ نہیں بیٹھا سراج الحق نے صرف ایک میئر کی سیٹ کی خاطر زرداری سے اتحاد کر لیا,0
حضرت علامہ اقبال آج اگر حیات ھوتے تو خان صاحب کو دیکھ کر کہتے کہ خودی کا جو سبق میں امت مسلمہ کو دینا چاھتا تھا جو شاھین میں دیکھنا چاھتا تھا آج وہ دیکھ لیا,0
سنا ہے چالیس لوگ آمین بولیں تو دعا قبول ہو جاتی اے میرے پروردگار غریب کا نوالہ چھیننے والوں کی اولادوں پر قہر نازل فرما اور پاکستان کی یہ حالت کرنے والوں کو تباہ و برباد کر دے مولا آمین,0
اپنی گانڈ میں لے لو اسے شاہد کچھ تمھاری گانڈ کا کیڑا کچھ ٹائم کے لئے پر سکون ہو جائے,1
بغض عمران میں نفسیاتی مریضہ بننے والی عاسمہ شیرازی المعروف سرکاری حاجن آج مدد کے لیے وقاص گورایہ نامی ایک مرتد کی ہمجولی بن گئی زرا وقاص گورایہ کے اسلام اور خواتین بارے خیالات نوٹ کریں,1
بناو بھی اور انٹرنیٹ کے چاجز کےلیے گیراج سے رجوع کریں,0
بھائی صرف یہ مسئلہ نہیں ملکی حالات آپ کے سامنے ہیں لوگ فرسٹریٹڑ ہیں,0
اسٹیبلشمینٹ اس وقت سندھی اور پنجابیوں سے بھری ہے اور دونوں ہی پھٹان کے خلاف ہیں اللہ رحم اور حفاظت فرمائے بس اتنا کہوں گا یہ مصر نہیں ہے اور یہاں پھٹان ہیں کوئی اور نہیں یہ یاد رکھنا,1
عورت اگر محفل میں ناچے تو مجرا گورنمنٹ کے کہنے پر ناچے تو یوتھ فیسٹول ٹی وی چینلز پر ناچیں تو مورننگ شو فلموں میں ناچے تو اسٹار اور ٹک ٹاک پر ناچے تو ٹیلنٹ نام بدلنے سے غلط صحیح نہیں ہوتا,0
کل ہم اوورسیز پاکستانی خان صاحب کی ٹیلی تھون میں ریکارڈ ڈونیشنز کر کے ایک بار پھر خان صاحب پر اپنے اعتماد کا اظہار کریں گے امپورٹدڈ کرمنل سرکار کو ایک پیسہ نہیں ملے گا,1
لٹ کے کھا گئے پاکستان پنکی گوگی اور کپتان,1
اس وقت بے نقاب تے ہوئے آں رج کے ذلیل وی ہو لئے والے فارمولے پہ عمل کر رہی ہے,1
کل شب قدر کی رات تھی نے کیڑے پاسے لا دتا ساریاں نوں,0
مانا کہ کشمیری عوام کمزور ھے لیکن عنقریب ظالم عبرت کا نشان بنیں گے,0
جس شخص نے رابطہ کیا آصف زرداری اس کا نام بتائیں دفاعی ذرائع اور جب نام لئیے جاتے ہیں تو منتوں والے میسیج آتے ہیں کہ ہمارے نام نہ لیں یعنی چت بھی میری پت بھی میری,0
اسلامی جمہوریہ پاکستان مذاق بن کے رہ گیا ہے یونیورسٹی سے نکلنے والے نوجوان رکشہ چلا رہے ہیں اور جیل سے نکلنے والے ملک چلا رہے ہیں,0
مینگل صاحب کی تجویز میں نے نوٹ کر لی ہے آئندہ نہ بریانی نہ قیمے والے نان جنرل عاصم سلیم باجوہ کے پیزا سے آپ کی تواضع کی جائے گی وہ بھی آپ ہی کے پیسوں کے ہیں مفت کھانا مریم نواز,0
مجرمہ مریم نوازشریف نے جیل کے کمرے اور واش روم میں کیمروں کا انکشاف کردیا حکومت نے شاید اس ناپاک عورت کو اسی وجہ سے جیل سے رھا کردیا تھا کہ یہ طوائف زادی کسی بھی وقت اپنے کپڑے پھاڑ کر جیل حکام پر زنا کا الزام لگا دیتی,1
شرم آنی چاہیے ایسے ٹرینڈ چلانے والوں کو کینیڈا کا کوئی جاہل الزام لگا ہمارے آرمی چیف پر تو اس پر خوشی کی بجائے غیرت آنی چاہیے,1
یہ منصور کیا کہ رہا یے,0
ان کی طبیعت صاف کر دونگا حرامیوں کی,1
امریکی پٹواریوں پاکستانی پٹواریوں کی مادر ملت کی مادر ملت,1
اپنی بوٹی کےلئیے پورا بکرا نہ ذبح کرو,0
شہباز شریف اور حمزہ شہباز کے سابق سیکیورٹی چیف کے خاندان شریفاں بارے تاثرات,0
کے گن گانے کہ بعد تھوڑا دھیان یہاں بھی ہو جائے مسلسل اس بارے میں شکایات بڑا رہی ہیں بڑے سیاسی مافیا کو تو نہیں پکڑ پارہے ان آٹا چوروں کو ہی کنٹرول کرلیں,0
اینکرز ریٹنگ کے چکر میں اپنے اپنے سیاسی ٹاک شوز میں سیاستدانوں کو زبان کے جوہر دکھانے پر اکساتے ہیں ـمیرا سوال ہے کہ صحافت کیا ہےاور اس کے معنی و مفہوم اور مقاصد کیا ہیںکیا یہ قائد کی صحافت ہے,0
ساڈے لئی کوئی لاک ڈاؤن نئی روز کم تے جانے آں سوچدی پی آں پتر نوں پروفیسر پرا دے کار پیج چھڈاں,0
لخ دی لعنت تیرے منہ تے,1
کاشف بتاتے ہوئے میں خود دیکھا پانامہ کیس میں کیسے ن لیگ نے میڈیا سے جھوٹ بلوائےرپورٹرز کو ٹکرز دیئےجاتے تھے کہ یہ اپنے چینل پر چلائیں جیسے کے وکیل خواجہ حارث نے واجد ضیاح کو ہلا دیا,1
ادھر گند اودھر گند باجوا باجوہ,1
شہباز شریف اور زرداری نے ہمیشہ اس ملک کو لوٹا اور آج بھی یہی کر رہے ہیں اور اس بار جنرل باجوہ اور جنرل ندیم بھی ان کے اس ناپاک کھیل میں شامل ہیں ان سب کو چاہیے استعفی دیے اور گھر جائیں,1
مختاریا وڑ جانی دیا گل ڈھیر ساری ودھ گئ ای گورنمنٹ دسدی نہیں پئ تے نہ ای بندے سمجھدے پے نی,1
یوتھیوں کا لیڈر چور نیازی گو نیازی گو نیازی,1
سازش نہیں تھی خارش تھی خارش,0
دولہے کے ساتھ اسکی والدہ ماجدہ کھڑی ہیں,0
وڑھ جانی دیا ہزاریاں بندے مردے پئے گورمنٹ دسدی نی پئی,0
کمپنی میں رانگ نمبرز کی خالی آسامیوں کیلئے لفافے مطلوب ہیں شرائط جھوٹ بولنے لکھنے میں ماہر ہوں ذاتی کریڈیبیلیٹی زیرو ہو ضمیر مردہ ہو بغض عمران میں اندھے ہوں,0
اب تک کے نتائج سے لگتا ہے جنوبی پنجاب سے بھی کا ہونے والا ہے,0
عمران خان کہتے تھے الیکشن کے تاریخ دو ہم اسمبلی میں آنے کے لیے تیار ہیں آنکھیں پوری کھولو بلنگرو,0
ایک عمران ریاض خان نہیں سنبھل رہا تو یہ ہاری چور شکلیں عمران خان کیسے سنبھالیں گی,1
عمران خان صاحب ان غداروں کو سزا دیجئے,0
کپتان سے ملنے سے پہلے کی مسکراہٹیں,0
جو کہتے تھے نیازی تم سدا ایسے ہی سڑکوں اور کنٹینر پر پھرتے رہو گے الحمدللہ آج وہ خود کھجل ہونے کےلیے سڑکوں کا سہارا لے رہے ہیں واہ میرے مولا تیری شان,1
آجا پاکستان چور چوروں کی حکومت ہے تو بھی ہاتھ مار لے,1
لاہوریوں کو اب کوئی کھوتا بریانی کا طعنہ مت دے اب یہ سدھر چکے ہیں یقین نہیں آتا تو دیکھ لیجئے,1
ہے تو یہ سیاست کا بادشاہ مگر عوام کا شہزادہ ہے اتنا دلار کسی سیاستدان کے نصیب میں نہیں آیا اور اسی بات کی جلن مخالفین کو سونے نہیں دیتی,0
اگر اب بھی کوئی سمجھتا ہے کہ پی ٹی ائی کو غیر آئینی اور ننگے طریقے سے رخصت کرنے والے اور جانے مانے چوروں کو جبرا قوم پر مسلط کرنے والے صاف ستھرے انخابات کروا کے قوم کو اس کا حق حکمرانی واپس کر دیں گے تو وہ اپنا دماغی علاج کروا لےانکی موجودگی میں یہ نہی ہو سکتا,1
آپ کے منہ میں گھی شکر,0
تلخ حقیقت پاکستان کا سب سے بڑا ذریعہ آمدنی قدرتی آفات ہیں,0
حق اور باطل کے جنگ میں شکست ہمیشہ باطل کا مقدر رہا ہے والوں کا انجام بھی وہی ہے,0
جب میں جیل تھی تو فیض کی لگائی گئی آگ کم کرنے کے لئے باجوہ کا اے سی استعمال کرتی تھی نانی فراڈن,1
کہاں ہیں آزادی صحافت کا رونا رونے والے اگر پی ٹی آئی یہ حرکت کرتی تو آج لفافہ صحافی سڑکوں پر کپڑے پھاڑ کر احتجاج کر رہے ہوتے اپنے آقاؤں کی اس حرکت پر خاموش ہیں,1
ہمیں دہشتگرد قبول ہیں دل سے طالبان بھی جرنیلوں سے اچھے ہیں ننگا تو نہیں کرتے اعظم سواتی جیسوں کو جو ان کتے جرنیلوں سے سوال پوچھیں,1
میرا کپتان راحق کی آواز ہے جو کرڑو قوم کی امنگوں کی ترجمانی کر رہا ہےآرہا ھے عوام کی پرزور فرمائش پر اب خان کو روکنا مشکل نہیں ناممکن ہے ظالموں,0
بےغیرت حکومت نا منظور بےغیرت باجوہ صاحب یہ سب تمہارا کیا ہوا ہے امریکہ کے کتے غلام بوٹ چاٹ حرامی چیری بلوسم استعفی دو,1
ایے کتی بس کر دو اب جتنی گالیاں تمہیں ٹویٹر پر پڑتی ہے یہ تمھارے غلط ہونے کا منہ بولتا ثبوت ہے,1
آج تین دن گزر گئے باجوہ صاحب کو ابھی تک سانپ سونگھا ہوا ہے کوئی جواب,0
ان شاءاللہ اعلان ہونے کی ہی صورت میں ہی امپوٹڈ مافیا کی عافیت ہے اؤ مجھ پرجو زیادتیاں کئی ہیں معاف کرسکتا ہوں مغر ملک کے ساتھ جو کیا وہ میں نہیں کرسکتا میں اللہ کو کیا جواب دوں گا عمران خان,0
فیصل نے پھر مطیع اللہ سے سی نکالے جانے کی تاریخ اور وجہ پوجھ لی کیا وجہ ہے کہ مطیع اللہ وجوہات بتانے سے کتراتا یے,1
اس پالتو کا کام ہی یہی ہے پہلے یہ فیک تصویر یا فیک نیوز شئیر کرتا ہے پھر پکڑا جانے پر معزرت کر لیتا ہے ان بیشرموں کو میڈیا ریگولیٹری اتھارٹی بل سے تکلیف ہی یہی ہے کہ اس قانون کے بننے کے بعد فیک نیوز شئیر کرنے سے جرمانہ ہو گا,1
نہ جی نہ یہ ہی تو جادو ہے اسکے پاس اور کونسا یہ جلبیاں گول نکالتی ہے,0
ابھی تو تمہاری گانڈ بھی بند ہو گی,1
آج گجرات میں حمزہ ککڑی اور مریم کیلیبری نے خالی کرسیوں کے ٹھاٹھیں مارتے سمندر سے خطاب کیا,1
نیب شہباز شریف کو ماڈل ٹاؤن سے گرفتار کرنے پہنچی دوران گرفتاری شہباز شریف کو کورونا کا جراثیم نظر آ گیا بس فیر شہباز سپیڈ دیاں سپیڈاں,1
عمران خان کی یہ بھی بڑی کامیابی ہے کہ انہوں نے فوج کو پچھلے قدموں پہ جانے پہ مجبور کردیا ہے امتیاز عالم جنگ اخبار,0
بھکاری نے غلط قوم سے پنگا لیا,0
اور لندن میں ٹیپو سلطان منہ پر ماسک لگا کر بیٹھا ہے,1
آج تو فضل الرحمن بھی کوئی فتوی دیتا نظر نہیں آیا اگر طلال چوہدری کی جگہ کوئی تحریک انصاف کا اس لیول کا لیڈر ہوتا تو فضل الرحمن نے کہنا تھا ہم نے پہلے ہی کہا تھا کہ تحریک انصاف عیاش لوگوں کا ٹولہ ہے,1
ایسے ہی لوگوں نے خان کو یہاں تک پہنچا دیا ہے بیشرم بیغیرت,1
پاکستانی لفافوں کو درکار ہے ایک ضرب عذاب,1
مظہر عباس ارشد شریف اور سری لنکن صحافی لسانتھا وکرماٹنگا کا موازنہ کر رہے ہیں دونون کو انکی فوج کے ڈیتھ سکواڈز نے قتل کیا اور دونوں نے اپنے قتل کی پشین گوئی کر دی تھی اور کہ دیا تھا کہ کسی بھی حکومتی کمیشن کا کوئی نتیجہ نہیں نکلے گا,1
میرا خیال ہے آج کل ڈیوڈ جونز اور بلو وکھرا نشہ کر رہے ہیں,1
جی آیا نوں مطیع اللہ جان ہم سب کی جان مبارک ہو,0
ویڈیو لنک کے ذریعے سیمینار سے خطاب کرتے ہوئے عمران خان نے کہا کہ ہماری پولیس کے پاس جیسے ہتھیار ہیں اس سے دہشت گردوں کا مقابلہ نہیں کیا جا سکتا دہشت گردوں کے پاس امریکا کے چھوڑے گئے جدید ہتھیار ہیں,0
اچہا نہیں کیا تم لوگوں نےباجوہ قاتل تہاہےاور رہے گا,0
تحریک انصاف کی غیر ملکی فنڈنگ کی جانچ پڑتال کے لیےالیکشن کمیشن کی اسکرونٹی کمیٹی کا اجلاس ڈائریکٹر جنرل لاء کی ذاتی مصروفیات کی بناء پر بغیر سماعت کے دسمبر تک ملتوی ہو گیا کیوں اس کو تاریخ پے تاریخ دے کر تاخیر کرتا ہے,0
کہاں ہے فتنی مريم جو ۲ مہينے سے مجرا کر کے کہ رہی تھی کے عمران خان مہنگائ کرکے گيا بيغرت نسل کہاں ہے بھاڑے کے امريکی ٹٹو جو بھونک رہے تھے ک عمران خان کر کے گيا تھا,1
کراچی کی فاطمہ کاکہنا ہےکہ اسکامینیجرعبدالحئیانچارج شاہنواز اوراسرار اسےجنسی طور پر ہراساں کرتےرہتےہیں,1
یقینا یہ آپ نے سولئینز کو نہیں دی,0
سترہ آدمی اور ایک گلالئی اسماعیل گلالئی کو امریکہ سے خاص ٹریننگ دی خے جانی سن نے,1
سوچ کر منہ کھولا کریں کہہ کیا رہے ہیں یعنی عمران نیازی نیب کو کنٹرول کر رہا ہے,0
جیسا حرامی باپ ویسا ہی حرامی بیٹا,1
جب مولانا طارق جمیل صاحب بول رہے تھے ان میڈیا کے دلالوں کی حالت کیسی تھی ان کی بےچینی بتا رہی تھی ان سے ہضم نہیں ہو رہی مولانا طارق جمیل صاحب کی باتیں,1
لاتوں کے بھوت باتوں سے نہیں مانتےہمیں ابھی تک یہ پتہ نہیں تھا کہ آپ کیوں شریف خاندان کے اتنا دفا کرتے ہو باجوہ صاحب,0
استغفراللہ العظیم یااللہ بےبس کشمیری اور انڈیا میں رہنے والے مسلمانوں کی حفاظت فرما,0
سارا دن روتا رہتا ہے کہ ملک میں طاقتور کے لیے نظام عدل مختلف ہے اور خود بے شرم گاڑی ہائی کورٹ کے اندر داخل کروانا چاہتا ہے منافق,1
کسی کو حق نہیں کہ اس چور آئین شکن غاصب کو معاف کرے یہ اس قوم کا مجرم ہے اور چوہے دوسروں کو کہہ رہا تھا جو اپنی کابینہ سپیکر صدر کو ڈوبتی کشتی میں چھوڑ کر بھاگ رہا ہے,0
تحریک انصافی لوٹے راجہ ریاض نے کہا ہے میں اس بار تحریک انصاف کے ٹکٹ پر الیکشن نہیں لڑوں گا کیا تحریک انصاف یہ صدمہ سہہ پاۓ گی,0
پتہ کرو کے نانی کا کیا حال یے,1
اس حرامخور کا پنجاب میں کوئی کارکن نہیں مگر یہ کہہ رہا ہے میرے کارکنان کو گرفتار کیا گیا,1
سیاستدانوں اور اداروں نے عوام کو صرف اپنی عیاشی کیلئے پیسے کمانے کیلئے رکھا ہوا ہے ھم سے ہی دولت اکٹھا کر کے ھم پہ ہی بیٹھ کے حکمرانی کرتے ہیں,0
ھن ڈلیٹ نہ کر اس طرح ہم نہیں کرنے دیتے,1
میاں صاحب ہم آپ کا علاج کرنے سے قاصر ہیں کیونکہ بیغیرتی کا علاج دریافت نہیں ہوا,1
صحافتی ادارے اخلاقی معاونت کے نام پر ایک دوسرے پر خوب کیچڑ اچھالتے دکھائی دیتے ہیں نہ انداز اصولی ہے نہ رویہ مناسب اور چلے ہیں ملک میں شعور بیدار کرنے افسوس ہے ایسے لفافہ صحافیوں پر,0
بہت اچھی بات لیکن آپ نے کرنا ہے کو کوئی ٹیکس نہیں ملے گا,0
نواز شریف نے بطور وزیراعظم زرداری پر مہربانی کرتے ہوئے پیپلز پارٹی کے نام عذیر بلوچ سے نکلوا دیے چوہدری نثار نے اعتراض کیا تو انہیں سائیڈلائن کر دیا,1
جناب جتنے مرضی مقدمے درج کر لیجیے عدالتوں میں بیٹھے عمران زادے جج ضمانت دینے میں پلک جھپکنے کی دیر نہیں لگائیں گے,1
اسرائیل نے پاکستان کو آفر دی تھی کہ ہم پر ہاتھ ہولا رکھیں تو آپکو لسٹ سے نکال دیا جائیگا جس پر عمران خان نامی یہودی ایجنٹ نے انکار کر دیا تیری راتی کوئی نہیں جمیا نیازی,1
شیرررر شیر راستے کھلوا رہے ہیں,0
بکواس بند تیس سال سے ملک کو کھا رہے ہو حرامی اور ابھی تک کچھ نہیں کر سکے بھگوڑے انسان,1
یہاں اور بھی کسی کو لگا کہ مراد کہنے والا تھا کہ پرانے حکمران باہر جا کر ان کے کتے نہلاتے تھے ویسے کہہ بھی دیتا تو کیا ٹھیک ہی کہنا تھا,1
چند ہزار طاقتور لوگوں کو اتنی شدید نفرت ہے کروڑ غلاموں سے کتنی گھٹیا کردار کی قوم ہیں ہم,1
رنڈی کے بچے یہ تیرا اور تیرے لندن والوں کا کام ہے تیری گانڈ ماری ہے کیا مصط,1
مارخور کی اندرونی کہانی سال میں ارب یعنی ہر سال اربہر مہینے کروڑ اور ہر روز لاکھ کی دیہاڑی لگاتا رہا اور ہم سمجھے ہماری حفاظت کر رہا ہے,0
بیچارے نکے کو آرڈر کیا ملے ہیں ذرا سنیں,0
بلاول کے کتوں کا کھانا بھی امریکہ سے آئے اور یہ سندھ دادو کے غریب موت کے سائے میں جئیں اس نظام کو موت نا آئی تو پوری قوم بے موت مرے گی,1
جس طرح سری لنکا کے لوگوں نے صدر اور وزیراعظم ہاؤس پر حملہ کردیا پاکستان کی عوام کو بھی ایسا کرنا چاہیے لیکن جگہ صدر اور وزیراعظم ہاؤس نہیں بلکہ ہونا چاہیے,0
کاش کے دل چیر کے دکھا سکتے کتنا پیار اور عزت ھے خان صاب کے لۓ,0
اوئے پٹواریوں کدی مریم نواز کنجری دے فیک اکاؤنٹس ھیکڈ کر کے چیک کرنا کینوں کینوں ویکھ کبری خانم انگلیاں لیندی ھے غدار بھکاری پٹواری غدار نامنظور امپورٹڈحکومتنامنظور,1
راجن پور الیکشن کا نتیجہ بتا رہا ہے کہ پلاسٹک منہ بنانے اور کتی جیسے چیخنے سے عوام میں مقبولیت نہیں بڑھتی,1
اور عمران خان صاحب کے قتل کروانے کے بعد نے فیض کو آرمی چیف بنانے کا منصوبہ بنایا ہوا تھا ڈیل تھی کہ وہ عوام کو کنٹرول کریں گے,0
بڑے چوروں کو عمران خان کی کدو جہد نے جیل میں بند کرا دیا رانا سلیم خانیوال سے نون لیگ کا متوقع امیدوار اور جن لوگوں نے گالیاں دینے اور فوجی سیٹ اپ کے فوائد اٹھانے کی بجائے مشکلات جھیلیں ان کا کیا کرنا ہے,0
سابقہ ابو کی ایکسٹینش کش نے کی تھی یوتھیوں ہن بولو تے سہی,1
عوام کے حق پہ ڈاکا ڈالنے والوں کو پھانسی دو غدار بھکاری پٹواری غدار نامنظور امپورٹڈحکومتنامنظور,1
توشہ خانہ کی سماعت ہوئ وفاقی حکومت نے مؤقف اختیار کیا کہ اگرتوشہ خانہ کا ریکارڈ پبلک کیا گیا تو خارجہ تعلقات شدید متاثر ہوں گے ہفتے پہلے توشہ خانہ کی گھڑی حکومت کا ٹاپ ایجنڈا تھا اب اس مؤقف سے فراراس لئے کہ اپنا کچا چٹھہ کھلے گا,1
پاکستانی اسی لیے شعیب اختر سے محبت کرتے ہیں کہ جب بھی موقع ملا پاکستان کی نمائندگی بھرپور انداز میں کی اور ہمسایوں کو تتے توے پر رکھا,1
خان تیرے جانثار ہمیشہ ہمیشہ بے شمار,0
بے شرم ہونا چاہئیے عزت آنی جانی چیز ہے,0
محترمہ یہ بندیال باجوہ کا غلام ہے ویسی ہی جیسے الیکشن کمیشنر یہ غدار اپنے باس غدار کی خوشنودی والے فیصلے دیتا ہے,1
جس عورت کو کیلیبری فونٹ قطری خط جعلی ٹرسٹ ڈیڈز جعلی آڈیوز میری لندن تو کیا پاکستان میں بھی کوئی جاہیداد نہیں سے میرے کوئی ایک ارب کے اثاثے ہیں پر شرم نا آئی اسے فواد چوہدری صحافیوں کو کتا کہنے پر شرم دلانے کی کوشش کر رہے ہیں,1
مسلمانوں کے ساتھ ساتھ سب بےغیرتوں کو بھی عید مبارک,1
بھائ پنجابیوں کے ساتھ بھی ۲۵ مئ کو ان پولیس والوں نے کوئ اچھا سلوک نہیں کیا تھا کی شہ پر جرم کر رہے ہیں یہ کرپٹ پولیس والے,0
تیرا باپ خرامزادے سارے ایسی باتیں کررہے ہیں,1
ملک کا چوکیدار اربوں کے بجٹ کو حرام کر کے ملک دشمن اور غداروں کے ساتھ مل کر ملک اور قوم کو تباہ کر گیا یہ ہی فصاد کی جڑ ہے عوام اور محب وطن فوجی مل کر اس غدار کو بیرک سے نکال کر پھانسی پر چڑھایں بھرے چوک پر,1
وطن عزیز میں جمہوریت ہے اور جب بادشاہت ہوتی تھی تو ماڈل ٹاؤن میں احتجاج پر چودہ لوگ قتل اور سینکڑوں زخمی ہوئے تھے,1
اب تو ملک ریاض جو خریدا کرتا تھا وہ بیچنےکیلئےمارکیٹ میں بیٹی کو لے آیا مکافات عمل شروع ھوگیا ٹھیکیدار کے ساتھ,1
جہالت کا کوئی علاج نہیں لیکن مجھے بہت خوف آ رہا ہے اس سے,0
ان خاندانی کنجروں پر نواز شریف بیھج ديں شکریہ,1
سونے جا رہی تھی تو یاد آیا لعنت تو بھیجی نہی,1
عمران خان کو دنیا پڑھتے ہیں اور ہم بہت خوش نصیب ہیں کہ ہمیں عمران خان جیسا لیڈر ملا ہے شکر الحمداللہ,0
یہ نوازشریف اور آصف زرداری کی حکومتی پالیسی کی وجہ سے آج ہم اس مقام پر کھڑے ہیں کہ انڈیا جیسا ملک ہم کو دھمکی دیت,0
عدت میں نکاح کرنے والا حرامی,1
ایک نانی تھی دیوانی سی فوجیوں پہ وہ مرتی تھی نظریں جھکا کر شرما کے تقریریں کیا کرتی تھی چوری چوری چپکے چپکے باجوہ سے ملا کرتی تھی کچھ لینا تھا شاید اس کو جانے کس سے ڈرتی تھی ووت کی عزت کے بہانے لگا کر وہ این آر او مانگا کرتی تھی,1
مولانا ڈیزل وہ خطرناک ڈرائیو ہے جس نے ڈیزلوں سے جنت کا کرایہ لے کر گاڑی جہنم کی طرف موڑ دی ہے,0
بہتر گھنٹے پورے ہو گئے ہیں کوئی چابی والے کھلونے کو بتا دے اور کہہ دے کہ آگر تھوڑا وقت ہے تو شرم سے ڈوب مرے اعلان ختم ہوا,1
نو اپریل کی رات ہیلی کی آمد قوم منتظر ھے اس بات کو جاننے کی کہ آخر نو اپریل کی رات جو ہیلی آیا تھا اس میں اور کیا کرنے اور کہنے آیا تھا ملک کو اس دلدل میں پھینکنے والے غدار کو سر عام پھانسی دو جس دن یہ عقدہ کھلا سوچو پھر کالیا تیرا کیا ھو گا,0
کی بھی نہیں آج خاوند نے بتایا کہ اصل میں یہ کی تھی,0
ملاحظہ فرمائیں پٹواریوں کی منافقت اور دوغلا پن ارسطو احسن اقبال نے اپنے بیٹے کو امریکہ سے پاکستان بلوا کر ضلع کونسل نارووال کا چئیرمین لگوایانوازشریف اور اسکے بیٹےاسحاق ڈار اور اسکے بیٹے پاکستان کی سیاست میں حصہ لے سکتے ہیں لیکن اوورسیز پاکستانی پاکستان میں ووٹ نہیں ڈال سکتے,1
یہ یے فرخ سلیم یہ بچارا ایک خود ساختہ معاشی تجزیہ کار ہے صدر پیوٹن وزیراعظم عمران خان کی دورے کا بیتابی سے انتظار کر رہے ہیں اور یہ کند زہن اپنا بھانڈ پن ظاہر کر رہا ہے اور دورے کے خلاف پروپیگنڈہ کر رہا یے,1
اس عورت نے نواز شریف کا پتہ بھی جوکر بنایا ہے,0
وہ باجوہ جی سے پوچھنا تھا کہ اگر کوئی عام شہری سلیم صافی جیسی ٹویٹ کرے تو وہ ہیڈکوارٹر میں ساری رات جوتے کھاتا ہے لیکن سلیم صافی سے امتیازی سلوک کیوں,1
دنيا کا دوسرا بڑا بغيرت نواز شریف ہے اور پہلا بغیرت وہ کتے کا بچہ ہے جو اسکو سپورٹ کرتا ہے,1
توشہ خانہ کیس میں امپورٹڈ خود بری طرح پھنس گئے جو مرضی کریں خان تو آئے گا,0
اٹھا رہے ہیں جو فتنے میری زمینوں میں وہ سانپ ہم نے ہی پالے ہیں آستینوں میں مجھے ہے حکم ازاں لا الہ الا اللہ,1
سر ہمت کریں حمید ہارون کر خلاف ثبوتوں کے ساتھ آواز اٹھائیں خالی دہائیاں دینے سے بات نہیں بنے گی,1
مرن توں پہلاں کوئی کم تے چنگا کر جا انی دیا رب نوں کی جواب دی سیں,0
ایک ہزار کا پٹرول ڈلوا کر کار کے گیج کی سوئی اتنی ھی اٹھتی ھے جتنی سال کے بابے کی اٹھتی ھے ماروی سرمد گل بخاری غریدہ فاروقی,1
چور چور کی گردان کرنے والا خود چور نکلا جس کا باپ کرپشن کے کیس پر نکالا گیا ایسی حرام کی کمائی پر پلنے والی اولاد کیسے صادق اور امین ہو سکتی ہے,1
خبیث اعظم خائن چور سلیکٹڈ ملک لوٹنے آیا تھا ملک کا وفادار نہیں تھا,1
نانی صرف پٹواریوں کیلیے خان صاحب پر تنقید کرتی ہے لیکن اندر اندر سے فریفتہ ہے خان صاحب پر,1
اتنی کم میں انکی تعریف نہیں بیان ہو سکتی ویسے یہ آلو کے پٹھے حرام خورراتب اور کھوتا خور حرام زادےکتے کے بچے دلے قبضہ مافیا راشی رسہ گیر ریپسٹس ہیں انکو دنیا جہان کی گالیاں لگیں اللہ کرے,1
تیل لینے گئی چور اپوزیشن اب ہماری حکومت اتنی بھی کمزور نہیں نمک حرام افغانستان سے موازنہ کر لو محترمہ اپنے کھسرے بلو رانی سے کہو نا کہ لات مار کر حکومت گرا دے بند کرو یہ تماشا سندھ کے مجرم تھر کے بچوں کے قاتلوں تمھاری زمین تنگ ہونے لگی ہے ان شاءاللہ,1
علیم خان کی ارب روپے کی زمین میں کتنی کرپشن کے پیسے کی ہے اسکا جواب مل جائے قاسم علی شاہ صاحب تو آپکو آپکے سوال کا جواب مل جائے گا کہ کیوں عمران خان کو چھوڑا علیم خان نے کیوں کے اسکو عمران خان کرپشن پہ معاف نہیں کر رہا تھا,0
اے پتر نوٹاں تے وک گیا ای,0
اب میں خطاب کے دوران مائیک کی جگہ فرائنگ پین رکھا کرو گی مریم نواز,0
اس لطیفہ کا پاکستان میں حکومت کی تبدیلی سے مماثلت محظ اتفاق سمجھا جائے,0
مریم نانی اور اسکی ماں پر رانا ثناءاللہ کے شرمناک الزامات صفدر ڈبل شفٹ لگاتا ہے,0
امریکہ کے کتے تم نے تو رٹائرمنٹ کے بعد بیلجیئم کینیڈا یا امریکہ چلے جانا ہے اس ملک اور قوم کا مستقبل کیوں تباہ کر رہے ہو بےغیرت انسان,1
پاکستانیو سازش نہیں وہم تھا گمان تھا مگر مداخلت نہیں تھی میں اخری بار کہہ رہاہوںبتاو تو کون,0
ابھی بہت سے کارڈ باقی ہیں میں جب کھیلوں گا تو کے ہوش اڑ جائیں گے عمران خان,0
اگر کامران خان صاحب کہہ رہے ہیں کہ یہ باتیں ڈی جی آئی ایس آئی نے کہی ہوں گی تو یقینا انہوں نے یہی باتیں کی ہیں,0
بندوق کے زور پر نہ کوئی عزت کروا سکتا ھے اور نہ برقرار رکھ سکتا ھے ایسا سوچنے والے جاہل اور گنوار ہیں عوام چوروں لٹیروں اور ان کے رکھوالوں پر صبح شام لعنتی بھیجتی رھے گی,1
اپنی ملک کا بیڑا غرق کرکے پاکستان کو برباد تباہ کرکے اب قوم کو کرکیٹ کے خبریں بتا رہی ہو چوروں کا ساتھ دیکے امریکی غلام بنکر اپنی لوگوں پی تشدد کرکے صافی ارشد شریف کو کسنی مروایا عمران خان کا قاتل کون ہی اس ڈرتی ہیری فیصل نصیر کا کیوں کورٹ مارشل نہیں ہو رہا,1
حکومت نے قرضے معاف کروانے والوں کی لسٹ سینٹ میں پیش کر دی سے تک کھرب ارب روپے کے قرضے معاف ہوئے اور پٹواریوں کے ابا حضور چھوٹے میاں ساب کا لاٹری میں نام سرفہرست ہے پھر جمہوریت خطرے میں پڑنے کا امکان,1
ان کی غیر موجودگی میں آپ انہیں گالیاں دے رہے ہیں,0
طلعت حسین کے ساتھ انٹرویومیں جو اسحاق ڈار صاحب نے جنرل باجوہ کے ساتھ کی ہے وہ شائدکبھی کسی نے نہ کی ہو بیہودہ جاہل اپنا کام کرنا نہیں ڈاکٹرینیں چلانا صلاحیت کون کس کو سر کہتا تھا جھوٹا میٹرو ہے ہی صوبائی سبجیکٹ,1
اپنی ٹانگوں پہ گولی کھاتے ہوئے عمران خان نے دوسروں کی ٹانگیں کانپوا دی خان صاحب اب اللہ کی مرضی سے ٹھیک ہونے والے ہیں پھر سے خان صاحب نکلے گا اور ان چوروں کو نہیں چھوڑے گا,0
لعنت ہو مودی کتے پی,1
میں یہ نہیں کہتا کہ میرا سر نہ ملے گا لیکن میری آنکھوں میں تجھے ڈر نہ ملے گا عمران خان ہمیشہ ذندہ باد,0
خیرات میں دے ایا ہوں جیتی ہوٸی بازی دنیا سمجھ رہی ہیں میں ہار گیا ہوں,0
تبدیلی کی برسی نہیں چوروں کی برسی جو ملک کو بھی کھا گۓ لوٹ کر اور اس کی فوج کے خلاف بکواس کرتے ہیں سستے لونڈے تے لونڈیاں,0
گرفتار کرو اس بہن چود کنجر چور زانی اور فارن فنڈڈ دلے کو,1
انویسٹمنٹ سوال ہی پیدا نہیں ہوتا ہمارا تو دل نہیں کرتا پاکستان پیسے بھیجے جو حالات کر دیئے ہوئے امپورٹڈ حکومت اور نیوٹرلز نے اور کرپٹ لیگی انویسٹمنٹ کی بات کرتے کمینے لعنتی,1
یوتھیوں اور نیازی نے اپنے ھر محسن کی بےعزتی کرلیاب عدلیہ کے اندر موجود سھولتکار کالی بھیڑوں کی باری ھےوہ بھی تیار ھوجائیں,1
یعنی میڈیا کو اندر آنے پہ پابندی لگا کر جو مرضی کرتے پھریں یعنی آپ کے کرتوت بھی پس پردہ رہیں,0
آمین اللہ اور اس کے چور ڈاکو ٹولے کا غارت کرے میں تو ہر نماز کے بعد یہی دعا کرتا ہوں,0
پاکستان تباہی کی طرف دن بدن جا رہا ہے جبکہ پوری پی ڈی ایم اور حافظ صاحب کی کمپنی عیش و عشرت میں لگے ہوئے ہیں,0
خان صاحب نے ٹھیک کہا تھا کہ کی سب بڑی پرابلم یہ ہے کہ یہ جاہل ہے اسے کے پاس کوئی علم نہیں اور یہ کوشش بھی نہیں کرتی علم حاصل کرنے کی,0
انصافینز نے جن اداروں کے حق میں اس وقت آواز اٹھائی جب نوازشریف اور مریم صفدر نام لے کر گالم گلوچ کرتے تھے وہی ادارے نوازشریف کے ساتھ مل کر خان صاحب کو تنہا چھوڑنے کی کوشش کر رہے ہیں لیکن یہ سوشل میڈیا کا زمانہ ہے یہ نہیں ہے جناب,1
آج رات بھارتی چوکی تباہ ہونے والی ہے پاکستان کے شاہین سے,0
میرے نوجوان آزاد ہوں عمران خان,0
اے حراامیجنرلوپاکستان کے دشمنو لعنتیو بے غیرتو,1
ابھی تو مزا آنا شروع ہوا تھا اتنی جلدی معافی بھی مانگ لی,0
پوری طرح اب قوم جنرل عاصم منیر صاحب کی طرف دیکھ رہی ہے اگر وہ بھی باقیات سے بلیک میل اور پریشرائز ہو کر کسی قسم کا کوئی بلنڈر کیا تو وہ دن دور نہیں جب یہ ملک سری لنکا بن جائے گا اور وردی والے سپاہی سے لے کر جرنیلوں تک جی ایچ کیو راولپنڈی میں بھی چھپنے,0
پاکستان خود مختار ملک نہیں ہے ماہ میں یہ بات ثابت ہو گئی ہے اسٹیبلشمنٹ اور مافیاز کا قبضہ ہے یہاں جو بھی ان کے خلاف آواز بلند کرتا ہے وہ مروا دیا جاتا ہے یا اٹھوا لیا جاتا ہے جعلی کیس میں,0
بیانیہ بنا رہے کہ باجوے کو بلی کا کھوتا بنا کر دوبارہ انقلابی بننے کی ایکٹنگ کر رہے تم جنرل ضیاء کی اولاد ہو تم جنرل جیلانی کے لےپالک ہو تم جنرل مشرف کےکی باقیات ہو تم جنرل باجوےکی سازش کےمہرےہو تم جنرل ڈرٹی ہیری کی سازش کےمعمارہو تم لندن فلیٹ کےمکین ہو,1
کیسی گھٹیا اور بےشرم عورت ہے یہ ایسے بے غیرت موت سے بھی نہیں ڈرتے,1
سانوں گریجی نئیں آندی مرشد پر ہو کی ریا اے سب سمجھ آندی اے,0
کون سےکشمیر کی آزادی جس کا سودا نیازی کتے نے امریکہ جا کر کیا,1
الیکشنکراوملکبچاو مقصود چپڑاسی دنیا سے چلا گیا اور ن لیگ کے بہت سے کرپشن کے راز راز ہی رہ گئے کیسے ٹشو پیپر کی طرح یوز کرتے ہیں انسان کو یہ دو گنجے بھائی اخ تھو انکی نسلوں پر,1
اپریل کو پاکستانیوں کو پتہ چلا کہ پاکستان کی تباہی کے کینسر کا پھوڑا کون ہیں سالہ کینسر کے پھوڑے ایکسپوز ہوگئے اگر غدار بغلول باجوہ چور نہ لاتا تو ہم کبھی سمجھ ہی نہ پاتے کہ چوروں کے ہینڈلرپالنے والے کون ہیں,1
آزادی اظہار رائے کے دعویدار بھارت کے منہ پر زور دار طمانچہ بھارت نے مقبوضہ کشمیر میں دو فوٹو جرنلسٹ شہید کر دیئے,0
اور وطن کا ہر غدار اپنی ماں بہن بہو بیٹی کا بلاد کار ہے با جو ے دی بےبے دا پھد ا,1
چندہ چور زکات چور فارن فنڈڈ گھڑی چور فتنہ,1
کیونکہ ان کا ابا مر گیا ہے,1
اس گٹر جج کی دشنام اندازی ملاحظہ کریں پہلے پاکستان کو گٹر کہا پھر اپنے برادر ججوں پر تنقید کرتا ہے کبھی حکومت پر لفظی گولہ باری کرتا ہے اب کہتا ہے کہ لندن میں رہائش اختیار کروں گا یہ نوازشریف کا چیلا نواز شریف کے نقش قدم پر چل رہا ہے رسیدیں اس نے بھی نہیں دینی,1
ھیلو صاحب والے بابو ذرا گانا بجا دو کیونکہ کو پسند ہے بہت روکا سمجھایا لیکن لکھنا ہی پڑ گیا کہ دو آپ ہیں مہربانی کر کے شروع کریں,0
اوریجینل خبر بڈھی دی سی تے گولی وی اکو ای سی ہن افوواں کتیاں دی لڑائی دی وی ہیں تے گولیاں پر وچارہ ہسپتال اچ,1
نواز شریف بمقابلہ باجوہ زیادہ ذلالت کس کے حصے میں آئی رنومبر,1
نوازشریف کا استقبال جج سے بڑا کام ہے راناثناء اور یہ ملعون اور اس کی مالکن خان صاحب پر فتوے لگا رہے ہیں,1
صحت انصاف پروگرام کے حوالے سے کی کیا ایس و پیز ہیں کل بلال ہسپتال صادق آباد راولپنڈی میں ایک منظر دیکھنے کو ملا ڈاکٹر صاحب کی طرف سے مریض کو آئی سی یو میں ایڈمٹ کیا لیکن صحت کارڈ کاؤنٹر پر موجود,0
کتنی فکر ہے ادارے کی جب مریم اور اس کا بگوڑا باپ ادارے کے جرنیلوں پر نام لے لے کر حملہ آور ہوتے تھے تو جناب کی زبان پر لقنت آ جاتی تھی,1
یہ تصویر کی ہے جب کراچی ائیرپورٹ پر مسافروں کا سامان چوری کرنے پر گرفتار کیا گیا تھا موصوف پہلے ایک قلی پورٹر تھے اس واقعے کے بعد اس ہیرے پر نوازشریف کی نظر پڑی,1
آج وزیراعظم ہاؤس میں پیٹ بھر کر کھانا کھایا یے حامد خنزیر میر احساس کوئی بھوکا نہ سوئے پروگرام بند اور پالتو صحافیوں کیلیے عشائیے شروع,1
شاباش عمران خان آپ نے اپنے دانشمندی دلیری اور مخلصانہ کوششوں سے کشمیر کا مسئلہ عالمی مسئلہ بنا دیا,0
ہاہاہا کانپے ٹانگنے کے بعد پیش خدمت ہے,0
آپ منہ بند کروانے کا گلہ کر رہے قوم تو ان چوروں کے بند ہونے کا انتظار کر رہی,0
ان کا مزید کہنا ہے کہ سندھ نے فاٹا کے پیسے دینے سے صاف انکار کر دیا ن لیگ کی حکومت نے خیبرپختونخوا کے فنڈ روک لیے نیشنل سیکیورٹی کونسل میٹنگ میں فاٹا پر فنڈ رکھنے کا فیصلہ کیا,0
عوام جان چکی ہے ان جعلسازوں کو پہچان چکی ان دشمنوں کو اب اگلا ووٹ صرف خان کا,0
پیپلز پارٹی سندھ کو دیمک کی طرح کھا رہی ہے خرم شیر زمان,0
یہ حالت ہو گئی ہے ان کنجروں کی کہ عید نماز بھی اپنے گھر میں ہی پڑھ رہا ہے,1
زانیہ کی ہر بات ابو مان لیتا ہے منہ کالا کرتیاپنی ماں کے کیارصفدر کیساتھ گیراج سے قابل اعتراض حالت میں پکڑی گئ کو بےغیرت باپ نے معاف کردیا کوئ اورہوتا تو ہڈیاں توڑ دیتا وہ اای پہ خوش تھا کہ کم از کم کلثوم کے ٹھوکو سے جان چھوٹ گئ,1
دل گارڈن گارڈن ھو رھا ھے,0
شہباز شریف رات کے اندھیرے میں فرار ہونے کی کوشش کر رہا تھا یہ بھی اپنے بڑے بھائی کی طرح بگوڑہ بننے چلا تھا شہباز شریف کو جواب دنیا پڑے گا کہ اسکے اثاثے جو میں لاکھ تھے وہ میں کروڑ کیسے ہو گئے,1
پاکستانی صحافت کے وہ جن کی صحافت کا محور یا تو سیاسی دو نمبر پیشینگوئیاں کرنا یا پھر سیاسی لیڈران کی کردارکشی کیلئے دائی والی خبریں ذرائع کا حوالہ دے کے چلانا ہے پوارا سال اپریل فول مناتے ہیں عوام کو الو بناتے,1
اس سے بڑا منافق ١ور کون ہو سکتا ہے جو دوسروں کو انصاف اور قانون کی تلقین کرے اور خود انصاف کا قتل کرتا ہے,1
ہیلیکاپٹر سے گرا وین میں اٹکا,0
مبارک ھو اب جتنی مرضی منی لانڈرنگ کرو کوئی نئیں پوچھے گا کیا بدقسمتی ہے اس ملک کی تم جیسے چور اس ملک کے حکمران ہیں یہ سب کیا دھرا کا ھے,1
یہ ہیش ٹیگ ابے کے نکے کے مریدین نے چلایا ہے,0
پاکستان سفارتکاروں کے بغیر آپ ان این ڈی ایس کے غیر ملکی کتوں کے ساتھ کیا کر رہے ہیں اس کا جواب دینگے,1
اگرچہ بت ہیں جماعت کی آستینوں میں تو مجھے ہے حکم آذاں لا الہ الا اللہ,0
لگتا ہے میاں سانپ لندن کو بری طرح پیارے ہو گئے ہیں,0
یی ججز کر کیا رہی ہی کل والا فیصلہ وئو آج تک لٹکا کے رکھا ہی اب پہر سے پی فیصلہ سنائنگی یی کیا تماشا لگاکی رکھا ہی ججوں نی اس لیئے نمبر پی پاکستانی عدالت ہی یی ججز کب سدرینگی,1
کبھی یہ قوم آپکی محبت میں ٹویٹس کرتی تھی لیکن آپ نے ان کی محبت کے بدلے انہیں گھٹیا ترین حکمران دے دیے اب یہ قوم آپ سے ناراض ہو گئی ہے اب محبت کی جگہ طنز یا مزاحیہ میمز بنتے کیونکہ کل تک آپکو اپنا محافظ اپنے ہیروز کہہ کر دفاع کرتے تھے,1
گل مادر چھود خان کو چھوڑ کر خود محفوظ ہوگیا ہے,1
ہمیں گولی مار دو یا خود کو گولی مار لو بے شرمو,1
اگر عمران ریاض پر نیوٹرل کا ستم ٹوٹا تو کیا غم ھے کہ خون صد ہزار انجم سے ہوتی ہے سحر پیدا ہزاروں سال نرگس اپنی بے نوری پہ روتی ہے بڑی مشکل سے ہوتا ہے پاکستان میں عمران ریاض پیدا,0
یا اللہ فرانس کو ایک عدد نواز شریف ایک عدد شہباز شریف دو عدد انکے گونگلو بیٹے ایک عدد سرجری والی نانی ایک عدد کیپٹن صفدر ایک عدد رانا باندری ایک عدد لوہے کے چنے سعد رفیق اور ایک حنا پرویز بٹ مریم اورنگزیب ڈڈو چارجز تے تنظیم ساز طلال عطا فرما تاکہ فرانس کابیڑا غرق ہوجائے,1
دماغ چل گیا ہے فوجیوں کا,0
نگران وزیر اعلی کے نام پر اپوزیشن اور حکومت متفق سابق چیف سیکرٹری اعظم خان کےنام پر اتفاق ہوااکرم درانی,0
ری کاونٹنگ میں ایک اور یوسی صفورہ ٹاون یوسی نے جماعت سے واپس چھین لی الحمدللہ,0
یوتھیو کی بات سمجھ سے باہر ھے سال ہم یہ کوشش کرتے رہے کہ فوج نیوٹرل ہو جائے بیرکس میں واپس چلی جائے اور گدھے کہ رہے فوج مارشل لاء لگاتی ارے اپنے آپ کو بلند کرو اپنے زور بازو پہ سیاست کرو کب تک انگلی پکڑ کے چلو گے,1
بیچارے لوٹے نا گھر کے نا گھاٹ کے,0
عمران خان کی قومی اسمبلی میں واپسی کا خوف پی ٹی آئی کے مزید ارکان کے استعفے منظور کرنے کی تیاریاں,0
بے غیرت جو ہوتا ہے اس کے لیے کوئی چیز معنی خیز نہیں ہوتی غدار وطن ہونے کے ساتھ ساتھ بے غیرت اور بھڑوا آدمی ہے اس بے غیرت کے بچے نے پوری قوم اپنے جیسا بے غیرت سمجھا ہوا تھا کاش کہ کبھی یہ بھڑوا بغیر سیکیورٹی کے پبلک پلیس میں نکلنے کی غلطی کرتا,1
عمران خان کےاثاثے وزیراعظم بنتےوقت کروڑ لاکھ تھے آج ڈھائی سال بعد کروڑ لاکھ کم ہوکر کروڑ رہ گئے پٹواری اور جیالےذرا اپنےآقاؤں نوازشہباز اور زرداری سےپوچھیں کہ انکےآقاؤں کے اثاثےاقتدار میں انے سے پہلے کتنے تھے اور آج کتنے ہیں لیکن ان ذہنی غلاموں کےدماغ ہو تو پوچھیں,1
اس شعر وچ شاعر کہ ریا جو کم دشمن نے کرنا سی اسی آپ کر دتا,0
باجوہ صاحب استعفی دے کر عمران خان کے ساتھ ایک بار الیکشن لڑ کے دیکھ ہی لو شاید جیت جاؤ پھر کھل کے بھڑاس نکالنے کا موقع مل جائے گا ایسے چھپ چھپ کے ہے سب کرنے کا کیا فائدہ,0
بلے بلے یہ کون صاحب ہیں,0
نون لیگ والے حکومت پہ ہنستے ہیں صرف بدلہ ان کو مار کر جیلوں میں ڈال کر لیا جاتا ہے,0
بریکنگ نیوز ہفتہ کے روز دن بجے ن لیگ کے پاکستان تحریک انصاف میں شمولیت کا اعلان کریں گے عمران خان,0
بس بھئی بس زیادہ بات نہیں چیف صاب بہت برداشت کر لیا اس قوم نے چوروں اور ڈاکووں کو اب مزید نہیں چلے گا اور یہ بات کو بھی پہنچا دو عوام چھوڑے گی نہیں,1
ماشاءاللہ ہمارا پرعزم اور پراعتماد کپتان اللہ اسے ہرقدم پہ کامیاب و کامران فرمائے آمین,0
خان صاحب اس بوڑھی عورت کیلئے الگ سے چندہ جمع کریں جس بیچاری کی لندن تو کیا پاکستان میں بھی کوئی پراپرٹی نہیں ہے,1
بلکہ اس نے فوج کو چوری کیا عدالت کو چوری کیا پارلیمنٹ کو چوری کیا کسی ادارے کو اس گھٹیا شخص اس قبل نہی چھوڑا کہ وہ اپنی آئینی زمہ داری پوری کر سکے,1
میں شریفوں اور زرداریوں کا تو بن بولا باپ تھا ہی آج سے مجھے اس ملک کے تمام کرپٹ مافیاز بشمول ترینوں کا بھی باپ سمجھا جائے,1
ریاست کا تصور میرے بغیر ممکن ہی نہیں پارلیمنٹ میں بیٹھنے کی اجازت دے دو میں اپنی کرسی خودلے آؤں گا عمران خان اس کنجرر کے بچے فضلانڈو حرامی پر بھی ترس کھا لو ھذا مولوی پکا پین یکن مفت خورن ولد الحرامن لونڈے بازن لسی خورن,1
نثارکھڑو آپ جاہل آپکی بلاولی جاہل آپکی پوری پی پی جاہل ہے آپ جاہلوں کی وجہ سے لوگ بھوک سے مر رہے ہیں میں ایک سندھی ہوگورنر سندھ نے جتنی عزت ہمیں دئی آپکی بلاولی نےآپ لوگون کو بھی نہیں دئی ہوگی,1
ڈونکی راجہ کر لو جو کرنا آپ کا دھڑا ہار چکا,1
یہ زمین مملکت خداداد ہمارے ان بزرگوں کی قربانیوں کا جیتا جاگتا ثبوت ہے جنہوں نے آزادی اور خودمختاری کے نام پر اپنا سب کچھ لٹا دیا آج یہ خطہ دوبارہ کچھ بیغیرت لٹیروں اور امریکہ کے غلاموں کے زیر سایہ ہے جن سے آزادی کی جنگ اب جہاد کی حیثیت رکھتی ہے,1
میرے خلاف باقاعدہ مہم چلانے کے بعد مجھ پر قاتلانہ حملہ کروایا گیا مجھے حملے میں ملوث افراد کے نام معلوم ہیں مگر کیونکہ اس میں ایجنسی کے بندے کا نام ہے اس لیے میری ایف آئی آر درج نہیں ہونے دی گئی چیئرمین پاکستان تحریک انصاف سابق وزیراعظم عمران خان,0
تم حریم نہیں ہرامی اور رنڈی ہوں سیاست دان کی بستر گرم کرنے والی مشین,1
عمران نیازی کمینوں کا کمینہ ہے نیازی چوروں کا علی بابا نیازی ذنا کار نیازی یہ بدکار نیازی قدرت کی ہے پھٹکار نیازی,1
ھاھاھاھاھاھا ایک کام کر شوبازے کو یا مریم گشتی کو عام پبلک مین بیج ایک دفع تم کو سب کچ معلوم اپنے اپ ھی معلوم ھو جاے گا گھوڑی عورت,1
سپریم کورٹ میں سائفر کی تحقیقات کیلئے دائر چیمبر اپیلیں سماعت کیلئے مقررجسٹس سردار طارق مسعود جنوری کو ان چیمبر سماعت کریں گے,0
شکل پے لعنت چھپ چکی ہے کتی کے بچے,1
اس کی توقح اللہ پر ھے,0
پٹواری کہتے تھے روپے فنڈ پر ڈیم نہیں بن سکتا اب کہتے ہیں یہ منصوبہ نوازشریف نے شروع کیا لنعت تواڈی ذلالت والی زندگی پر,1
نوازشریف اور اسٹیبلشمنٹ کی ڈیل فائینل مرحلے میں داخل,0
لگتا ہے پولیس کی ہوا نکل گئی,0
دانیال عزیز قوم کا اثاثہ ہے جنرل باجوہ یہ نااہل شخص بلجئیم والے بابے کا اثاثہ تو ہو سکتا ہے پر قوم کا نہیں,1
یہ حاجی نہیں ہے اور نہ یہ حج کرنے گیا ہے یہ حرامی ہے جو کسی کے ہاتھ بک گیا ویڈیو بنانے کے لیے,0
ٹیپو سلطان سے چیپو سلطان تک کا سفر,1
انھوں نے سر نڈر تب کیا جب بنگلہ دیش نے ان کو انہی کی زبان میں سبق سکھایا اورجنگی ویدی بنا کر واپس بھیجاہم نے ان پر تب بھی کوئی ایکشن نہیں لیا نہ کبھی انھوں نے معافی مانگنےکی ضرورت محسوس کی کہ اپنی ضدانا اور ظلم کی وجہ سے پاکستان دو لخت کردیا اب انہیں کیسے شرم آئیگی,0
کوئی حال نہیں ہے اس ارناب گوسوامی نامی مودی کے اینکر کا ٹڈی دل کو بھی سازش قرار دے کر آتنگ وادی گوشھت کر دیا ہے اس مودی کی کٹھ پتلی اینکر نے,1
پاکستان کا جو دنیا میں مقام ہے وہ اپنوں کی انہی حرکات کی وجہ سے ہے سپریم کورٹ کیا سو رہی ہے دو,1
نہی سجدے کیے ہم نے کبھی باطل کے چوکھٹ پر ہمیں جو بھی ضرورت ہوخدا سے مانگ لیتے ہیں,0
آپ کو پتہ ہونا چاہیے کہ فوج ایک ادارہ ہے جس میں اچھائیاں ہیں تو بہت ساری خامیاں بھی ہیں اور یہ خامیاں تنقید سے مبرہ نہیں آپ کا یہ جملہ بھی کا مرتکب ہے,1
یار کجھ حیاء نوں ہتھ مارو تسی وی اک دن مر جانا ہے,0
جتنے یوتھیے حرامزادے ہیں اوریا مقبول ان کا باپ مہا حرامزادہ ہے,1
روز روز ڈالر مانگنے کی بجاۓ ایک دفعہ چین سے جج مانگ لیں پھر کبھی کے پاس جانا نہیں پڑے گاآزمائش شرط ہے,0
کچھ راز نہیں سب کچھ لوگوں کو دوستوں کو صحافیوں کو پتہ ہے لیکن آپ سہی فرما رہے ہیں نا میں نے کبھی اس پہ انٹرویو کیا ہے اور نہ خود وڈیو بنائی ہے شائد بنا دوں,0
ان خوارجی دہشت گرد جہنم کے کیڑوں کی جرآت ملاحظہ کریں یہ ڈی ایس پی عمر ہیں جن پر ان خوارجیوں نے بدترین تشدد کیا,1
دن کی روشنی میں جلسہ ہوتا ہے رات جو جلوسڑی ہوتی ہے,1
سزاکی توثیق کر دی ہےلیفٹیننٹ جنرل ر جاویداقبال کو سال قید بامشقت کی سزا کاحکم دیا گیاہے آئی ایس پی آر کے مطابق بریگییڈئیر ریٹائرڈ راجہ رضوان کو سزائے موت جبکہ حساس ادارے کے سویلین افسر ڈاکٹر وسیم اکرم کو بھی سزائے موت کا حکم سنادیا گیا,1
یہ باجوے کا کوتا ھے باجوے نے جو کیا ھے اب یہ ایسی افایین پیلا کر باجوے کو پاک صاف کرنا چایتے ھین,1
انڈین کتوں کا بکواس کرنا سمجھ میں آتا ہے لیکن یہ پٹواری کیوں بھونک رہے ہیں پٹواریوں اور لفافہ صح,0
ایک بات ماننی پڑے گی پہلا وزیراعظم ہے جس کی ایک بھی تصویر کسی بھی امدای سامان یا تشہیر پر نہیں لگی ورنہ پہلے حکمران تو لیٹرین پر ٹنگے نظر آئے,1
پٹرول اگر ایک ہزار روپے لیٹر بھی کر دیں اور ہر لیٹر پر پانچ چھتر بھی ماریں تب بھی یہ قوم اپنے حق کیلیے نہیں نکلے گی,1
میری لندن میں تو کیا پاکستان میں بھی کوئی پراپرٹی نہیں مریم نواز میری ہمشیرہ مریم نواز اسے اون کرتی ہیں حسن نواز میوزک,0
بازاری زبان استعمال کرنا تم جیسے شخص سے امید نہیں تھا خیر ہے,0
سفر جاری اے اے آزادیاں تے سیراں ایوئی نئی بڑی محنت کرنی پیندی اے ہاتھ جوڑنے تے جتیاں پالش نئی چٹنیاں پیندیاں نے,0
فوج آج تک اتنی ذلیل نہیں ہوئی اتنی بے غیرت نہیں ہوئی اتنی گھٹیا نہیں ہوئی جتنی آج ہے چلو باجوہ تو بدذات ہے ہی کیا باقی سارے فوجی مر گئے ہیں کوئی بھی حلال زادہ نہیں ہے جس میں تھوڑی سے جرات اور غیرت ہو حرام زادے ہیں وہ جو چپ ہیں ملک تباہ ہو گیا بے غیرتو,1
پوری قوم کو اور کے دفع ہونے پر اور مبارک ہو,0
کی کارکردگی کرونا جیسی آفت کےباوجود یہ ھےوہ بھی ساڑھے تین سال کی دنیا کی ویں بڑی آئل ریفائنری کا قیام خیبر پی کے میں یتیم خانے اور اولڈ ہوم کا قیام سری لنکا کے مسلمانوں کو مرنے کے بعد جلائے جانے کے خلاف آواز اٹھائ,0
عمران خان اس دور کا عالم اسلام کا ارتغرل ہے اور شاہ محمود قریشی میں صدام حسین والہ جرآت اور دلیری ہے فلسطینی تجزیہ نگار,1
کپتان کے چھوٹے سے گھرمیں ٹوٹا پھوٹا فرنیچر ہےبزرگ خاتون کی جھولی اٹھا کرعمران خان کے حق میں دعائیں دو,0
اللہ تعالی عام عوام کو ظالموں کے شر سے محفوظ رکھے آمین ثم آمین یارب العالمین,0
خبردار ہوشیار وائرس سے بچیئے یہ وائرس امیرزادوںشہزادوں اور نوجوانوں پر اپنے پنچے پورے جوبن سے گاڑتا ہے لہذا غریب عوام بے فکر رہیں,1
کہیں آصف علی کے چکر میں اس شیر جوان کو نا بھول جاہیے گا,0
چڑیا گھر والو سرپرائز کیسا لگا,0
کبھی ڈاکے مارتے ہوئے دن اور رات میں تفریق رکھی نہیں نا,0
عوام کہہ رہی ہے جج کرپٹ ہیں نا صرف خود کرپٹ ہیں ان کے پورے ٹبر کرپٹ ہیں ان سے غریب کو انصاف نہیں ملتا امیر کو ایسے پروٹوکول ملتا ہے جیسے عزت دار گھرانے اپنے داماد کو پروٹوکول دیتے ہیں اگر فرعون نہیں دیکھا تو انکو دیکھ لو عوام کے ان الفاظ سے میں متفق نہیں سب ایک جیسے نہیں ہوتے,1
آ پ اب بھی پاک فوج پاک فوج نہیں ناکام فوج نہ تو کشمیر آزاد ہوا اور الٹا ہم ہی غلام تھے ان بے ضمیر بے غیرتوں بے شرم جنرل کے جن کی تمام دولت بچے باہر ہیں,1
روہت بیٹا باپ کو بلا تیرے بس کی بات نہیں,0
ہیرا منڈی کی سستی کنجری بہاولپور مین جو کچ ھوا ھے اس پر تو تم نے ایک ٹویٹ نہی لیکھا کنجری,1
مریم ڈڈو چارجر اورنگزیب کو اسکی اوقات دلانے پر جن جن کے پیٹوں میں مروڑ اٹھ رہے ہیں وہ یہ تھریڈ ضرور پڑھیں,1
شرم کرو مڈل کلاس کا یہ حال ہے تو بے چارے غریب کا کیا حال ہو گا,1
ہم نے چھپ کر اڑھائی لاکھ راشن کے بیگ بانٹے ہیں مراد شاہ جناب پھر تو بہت اچھی بات ہے عوام تو بیوقوف کے جو آہ و بکا کر رہی ہے اصل میں تعلیم کی کمی ہے تو ان کو پتہ نہیں چلتا راشن گھر آیا ہے یا نہیں اوپر سے راشن تھا بھی انگلش میں تسی سچے او سائیں جی,1
کچھ شہزادیاں محل نہیں مانگتیں ان کیلئے کندھا ہی کافی ہوتا ہے,1
فارن فنڈڈ گھڑی چور کا مقدر جیل کی سلاخیں ہے قوم انکو جیل میں دیکھنا چاہتی ہے لیکن انکے سہولت کار عدالتی ٹھیکدار ان کو بچاتے آرہے ہیں انہوں نے قانون کا نصاب ہی اس گھڑی چور کیلئے تبدیل کرکے رکھدیا ہے,1
میں ذاتی طور پر باجوہ اور موجودہ قانون اور آئین سے نا صرف نفرت کرتا ہوں بلکہ میں اسے نہیں مانتا پاک فوج ہماری شان ہے مگر باجوہ کتے نے پوری فوج کی وقار ختم کردی ہے,0
جب تک مراد سعید جیسے چیلے فساد پھیلاتے رہیں گے اس وقت تک عمران جیسا جاہل اور غلیظ منافق بھی جعلی ہیرو بنا رہے گا,1
میرا جینا مرنا پاکستان میں ہی ہے غیرمحفوط ہوں لیکن میں باہر نکلوں گاعمران خان,0
لواحقین کے مطالبات اور دھرنا انتظامیہ کے مطالبات میں فرق ہے لواحقین پر امن تدفین لیکن انتظامیہ ان کی لاشوں پر غلیظ سیاست کررہی ہے ایسے مطالبات جو سٹیٹ کے خلاف ہوں نھی مانے جاتے میں چاہے جتنا بھونکنا ہے بھونکتے رہیں,0
کیا ایکٹنگ کرتے تھے ویسے زرداری اور شریف خاندان,0
منی لانڈرنگ آمدن سے زائد اثاثوں اور اختیارات کے ناجائز استعمال کے کیسز میں شہبازشریف بھی نوازشریف کے نقش قدم پہ چل رہے ہیں اداروں کو جوابات دینے کے بجائے کیس میڈیا پہ لڑ رہے ہیں,1
ہم سب سلیکٹڈ ہیں ماضی میں ہم سب سلیکٹ ہو کر آتے رہے ہیں شاہد خاقان عباسی اس چور اپوزیشن کی اصل تکلیف ہی یہی ہے کہ اب انکو سلیکٹ کرنا بند کردیا گیا ہے اور عوام کا نمائندہ عمران خان اقتدار میں بیٹھا ہوا ہے کرپشن کا حساب دیں اور پیسہ واپس کرو,1
فواد چودھری کی ذہنیت چیک کریں پاکستانی چینلز پہ چلنے والی فحاشی و عریانی کے خلاف ہم نے سوال اٹھایا تو محترم نے کہا ریموٹ کا استعمال آسان حل ہے پھر جب ہم ریموٹ کے استعمال سے ارطغرل دیکھتے ہیں تب کہتے ہیں ہماری انڈسٹری کو خطرہ ہے قوم کو فحاشی سے کوئی خطرہ نہیں,1
مطیع پریشان جنرل رانی جنرل ہوتا ہے,0
کے پی کےمیں جان بوجھ کردہشتگردی اور امریکہ کی ملی بھگت سے کرا رہے ہیں تاکہ پی ٹی آئی کی جیت روکیں اور مراسلہ حکومت کو سال کی توسیع سے انتخابات ملتوی ہو فوج یادکریں مجیب جیل میں سال بعد انتخاب جیتا تھا جب بھی انتخابات ہونگے عمران ہی اگلا وزیراعظم ہوگا,0
یہ تو سبفی میل نام ہیںکوئ لنگڑا آمکو ئ بنگالی رس گلاکوئ سلاد کا کھیراکوئ لمبا بینگنکوئ کلو کا سیب مڑا,0
کوئی کو بھی وٹہ مار کر جگاو,1
وہ انشاللہ پھر سے پاکستان کا وزیراعظم بننے جارہا ہے,0
نے پاکستان کی تمام مشکلات کا حل نوازشریف کی واپسی کو قرار دےدیا یعنی نہ وہ اشتہاری مفروراور بھگوڑا آئےگا اور نہ یہ حکومت ملک اور کروڑ عوام کومشکلات سے نکالے گی,1
پر نواز شریف ہے کہ مانتا نہیں جس کی سیاست ختم کر چکے تھے,0
سارا دن ایک چورنی تم لوگوں پر حکمرانی کرتی ہے اور رعب تو دیکھو ان کاجس شخص کو اپنی قوم کی عورتوں کی عزت کا خیال نہیں اس کو ووٹ دو گے لعنت ہے اس پر,1
کچھ شرم خیا رہ گیا تمہیں بیشرم کھسری,1
اٹھو انارکلی دیکھو نورجہاں کے پتر جیہڑے ہٹاں تے نئیں وکدے سی اج ڈالراں تے وک گئے نیں,1
فوج میرے نیچے ہے اور میں اوپر عمران خان,0
آثار بتاتے ہیں کہ صبح ہو کر رہے گی ان شاءاللہ,0
عمران خان نے پارٹی کے ساتھ آئندہ سٹریٹ موومنٹ کا لائحہ عمل طے کرنے کے لئے اجلاس طلب کر لیے ہیں اس حوالے سے عمران خان لاہور کی تنظیم کے ساتھ آج مشاورت جبکہ باقی تنظیموں کے ساتھ بھی مرحلہ وار میٹنگز رکھی جائیں گی,0
مجھے کیوں نکالا کے بعد نواز شریف اینڈ کمپنی کی نئی پکچر ہو گی ہمیں کیوں لایا گیا دو,1
بےغیرتوں کونسا حربہ رھ گیا جو تم نے استعمال نہیں کیا خان کو بدنام کرنے کےلٸے,1
بیغرتی کی انتہا پہلے بھی ملکسے وفا کرنے والے صحافیوں کو نشانہ بنایا گیا ہےسامنے انے ڈرتے ہیں یہ دلال,1
اللہ پاک پاکستان کی مدد فرما اللہ پاک عمران خان صاحب کی مدد فرما آمین,0
اپنی ہی فوج پر الزام لگانے والے اس غنڈے کو طاقتور ترین قلمدان دیا گیا ہے ملک کے خلاف اس سے بڑی سازش اور کیا ہو سکتی ہے,1
ہان صرف تیر نہین کو چھوڑ کر گشتی کے بچے,1
ڈیڑھ دو لاکھ روپے صرف تنخواہ ہوتی ہے اسسٹنٹ کمشنر کی اور اس طرح کے بچت بازار سے کمی کمین لوگوں نے ہی خریداری کرنی ہوتی ہے اگر غیر معیاری سبزی یا فروٹ چلا بھی گیا تو کونسی قیامت آگئی جو ہو,1
نون لیگ اور پیپلز پارٹی کے دوغلے پن کی کوئی حد نہیں الیکشن کمیشن کے ستمبر کے فیصلے کے مطابق اور نے چار سال سے اربوں کی رسیدیں جمع نہیں کروائیں کرواتے بھی کیسے یہ لوگ منی لانڈرنگ کرتے رہے ہیں,1
جیل بھرو یا فرائی پین سے کپڑے استری کرو خدا کیلئے غریب کو معاف کرو,0
یار آپ لوگوں کو خوش ہونا چاہیے کہ جو پیپل پارٹی والے نہ کر سکے وہ ہم کر رہے ہیں بہر حال اس دفعہ جانے دیا اگلی دفعہ نونیوں کی لتاں باواں پن چھڈ دینیاں نے,1
بےغیرتی میں میرے میزبان کا اپنا لیول ہے جب بھی مریم جھک مارتی ھے مرا میزبان فورا وفادار کتے کی طرح مریم کی صفائی پیش کرنے پہنچ جاتا ہے نور داہری کا انٹرویو اسی سلسلے کی ایک بڑی تھی,1
اجالے بھی دیتے ھیں میرے سجدوں کی گواہی میں چھپ کے اندھیروں میں عبادت نہیں کرتا دنیا میں قتیل اس سا منافق نہیں کوئی جو ظلم تو سہتا ھے بغاوت نہیں کرتا تیار رہو ایبٹ آباد کے غیور باسیو بتا دو امریکہ کو ہم غلام نہیں,1
لندن سے کرونا وائرس کو صفحہ ہستی سے مٹانے کا عزم لیے پاکستان پہنچنے والا کمانڈر سیف گارڈ جب حکومت میں تھا تو اسی کینسر زدہ جسم سے خون دینےکی نوٹنکیاں کرتا تھا اب جب حقیقتا خون دینےکا وقت آیا ہے تو اسکی قوت مدافعت جواب دےگئی یہ رانگ نمبر ہے,1
ان تینوں کا پاکستان کی بربادی میں ہاتھ ھے تینوں سور کے بچے ھیں,1
شوکت خانم کیخلاف پروپیگنڈہ نیا نہیں ہے بینظیر بھٹو نے اپنے دور حکومت میں اخبارات جرائد اور پاکستان ٹیلیویژن پر شوکت خانم کے اشتہارات دکھانے پر پاپندی عائد کر دی تھی نوازشریف نے بھی کم از کم تین دفعہ شوکت خانم بند کرنے کی کوشش کی پروپیگنڈہ کیا لیکن اللہ تعالی نے ناکام کیا,1
وہ ٹرمپ بنے یا نا بنے آپ میر جعفر ضرور بن چکے ہیں یقینا تربیت کا بھی قصور ہے اللہ کرے پاکستان کے سب چھوٹے بڑے دشمن نیست ونابود ہوں آمین,0
سائیفر میں ایک نام اس غدار کا موجود ہی یی غدار شامل ہیں عمران خان کے حکومت گرانی میں ندیم انجم عوام کا دشمن امریکہ کا وفادار یی امریکی اجینٹ ہی پاکستان کو نقصان دینے میں اس غدار کا کردار شامل ہی,1
کھیل کیسے بدلنے جارہا ہےعدلیہ کے تین بڑے فیصلے کو دو تہائی اکثریت دلوائے گے سارا اسکرپٹ کھول دیا,0
بہت بڑی غلط فہمی ھے اور اس کے ساتھیوں کی یہ ستر کی دہائی والا نہیں ھے,0
عدل و انصاف پر قائم مغربی معاشرے میں مریم صفدر نامی سزا یافتہ مجرمہ ویزے کیلیے لائن میں کھڑی یے اور دوسری طرف اسی مجرمہ کو عدل و انصاف سے عاری پاکستانی معاشرے میں وزیراعظم کا پروٹوکول دیا جاتا ہے,1
او نس اوۓ اپنا ریڈیو لے کےادھر سے پین لن,1
یہ بھگوڑہ کہتا ہے کہ میں بیماری کی وجہ سے پاکستان نہیں جا سکتا,1
وہ کھلاڑیوں کا کھلاڑی ہے کرتا وہی ہے جو سب کے لیے ناممکن ہوتا پے,0
جماعت سلامی نے چار یوسیز پہ دوبارہ گنتی کروائی تو چاروں تحریک انصاف جیت گئی اخے بات چار حلقوں سے شروع ہوئی تھی,0
چاچا غفورا کہاں ہے اپ اس وقت پی ٹی ایم کے ایک ایک ٹویٹ پر اپ اگ بگولا ہوتے یہاں اپ کی غیرت کہاں ہے پیچلے کچھ دنوں سے اپ کے چیف کے خلاف نازیبا ٹرینڈ چل رہے ہیں,0
شاہ زیب خانزادہ اکیلا ھی کافی ھے نیازی حکومت کو کو ذلیل کرنے کے لیئے نیازی کےجھوٹے دعووں کو ایک ایک کرکے بے نقاب کر رھا ھےجیو شیرا,0
پورا ٹبر ہی چور اور ڈرامے باز ہے,1
بے شرم آ دمی دفع ہو جاؤ,1
وزیر برائے اقتصادی امور حماد اظہر کا کہنا ہے کہ پی ٹی آئی حکومت نے مختلف ممالک و اداروں سے ارب ڈالر سے زائد کا قرضہ لیا,0
اب لگاو زور اب مزہ ایے گا اگ کی طرح پھیلاو,0
یہ موصوف نیب ترمیم سے امپورٹڈ چوروں کی پارٹی کو ملنے کے بعد کہے رہے ہیں جب کی حکومت نے اپنے ماضی کے تمام کرپشن معاف کراؤ لی اور جو آبھی کرپشن کررہے ہیں اس پر تو آب کیا ہی کہے نے یہ آئین شکن چیف جسٹس برابر کے شریک ہیں کے ساتھ رجیم چینچ کرنے میں,1
میں نے سنا ہے کہ سب جانور اکٹھے چھوڑ دو تو سب کتے اکتھے ہو جاتے ہیں,1
میاں جاوید لطیف کو قوم سے معافی مانگنی چاہئے مریم نواز اکلوتی اس قوم کی بیٹی نہیں وہ بھی قوم کی بیٹیاں تھیں جن کے منہ میں گولیاں ماری گئیں کاش جاوید لطیف کا ضمیر ان بیٹیوں کے لیے بھی جاگتا,1
ٹھیک ہے عیاض صاحب جس نے بھی قریشی صاحب سے کہلوایا تھا اسی کی ٹانگیں کانپ رہی تھیں اور پیشانی پہ پسینہ تھا ہم پہلے بھی یہی سمجھے تھے,0
ایک دوسرے کو سڑکوں پر گھسیٹنے والے اب ایک دوسرے کی شلواروں کے ناڑے ٹائیٹ کر رہے ہیں اور پٹواری اور جیالے مفت میں ننگے ہورہے ہیں,1
چاینہ کو پتا چل گیا مودی کا انچ کا سینہ نہیں بلکہ انچ کی چھاتی ہے یہ ڈرپوک انسان ہے مودی راہول گاندھی,1
بیغرت باجوہ غدار امریکی اجینٹ امریکی دلال امریکی کتا ہی خنزیر فیرون نالائق لاننتی کرپٹ بدبودار چور حرام خور لانت اس پاکستان کے دشمن پی یی آرمی چیف نہیں ایک دہشتگرد ہی بیغرت,1
عمران خان نے پاکستان کی معیشت کو تباہ کر دیا ہے پاکستان اب عمران خان کا مزید متحمل نہیں ہو سکتا صدر ن لیگ,0
خبردار ٹوٹ بٹوٹ کو تنقید کا نشانہ نہ بنائیں کیونکہ یہ خاص فارمولے سے پیدا ہوا خاص اٹھائی گیرا گٹکا ہے,1
وزیراعلی نے پشتونوں روایات کے مطابق بےروزگار سیاسی ٹولے کے لیے چائے کا اہتمام کیا جس دوران وہ ناچ گانا پیش کررہے تھے پی ڈی ایم جتنا چاہے ناچ گانا کرے لیکن این آر او نہیں ملنے والا حکومت کو انتظار ہے کہ استعفی جلد اسپیکر کے پاس جمع کرائے جائے,1
یہ جو کچھ ہوا اس کے ذمہ دار ہم عوام ہیں ہم ہیں جنہوں نے اس فوج کو خدا بنایا اس فوج نے سارے ادارے تباہ کیے اور پاکستان کو ملکر دونوں ہاتھوں سے لوٹا اور لوٹیں گے ہم عمران خان کو نہیں کرتے,0
یہ کب تک ہوتا رہے گا کیا یہ رک سکے گا,0
زرداری کا بیٹا کہتا ہے کہ یہ نہیں ہو سکتا کہ ووٹ پیرس میں ڈالا جائے اور نمایندہ کراچی میں منتخب ہو یم کہتے ہیں کہ یہ نہیں ہو سکتا کہ پیسہ پیرس میں کمایا جائے بھیجا پاکستان جائے اور پھر اس سے جائیدادیں لندن اور دبہی میں بنیں مراد سعید بلاول کی کتوں والی کرتے ہوئے,0
لوگ پہ بھی چھاپہ ماریں باجوہ بھی مریم نواز اگر آپ اسی طرح نواز شریف کے ساتھ کھڑے رہے تو جو آپ کہہ رہے ہیں وہ بھی ہو گا انشاللہ,0
یہ بھی بولتا بولتا سمجھاتا سمجھاتا تھک گیا گیا لیکن ہم نے بھی نہ سمجھنے کا عہد کر رکھا ھے,0
کئی ایسے انی دے لوگ بھی پاکستان میں پائے جاتے ہیں جو اپنی رسیدیں دینےکےبجائے اور عالمی عدالتوں میں جانے کی دھمکیاں دے رہے ہیں پہلے اپنی عدالتوں اور تفتیشی اداروں کو عزت دو رسیداں کڈو رسیداں,1
کپتان کے الزام کو خود تسلیم کر رہے ہیں کہ اسے مارنے کے لیے گروپ ہائر کیے ہیں,0
ھاھاھاھاھاھا یار آپ سب لوگ کیسی کیسی مرچیں لگا رہے ہیں,0
ہم عمران خان کی کارکردگی سے خوش ہیں اس نے پاکستان میں کرپشن کے خاتمے پر بہت کام کیاہم نے پہلے بھی ووٹ عمران کو دیا تو اب بھی عمران کو ہی دیں گے انشاء اللہ عمران خان دو تہائی اکثریت سے واپس آئے گا,0
پاکستان صرف رب العزت کے رحم و کرم پر ہی چل رہا ہے لیکن ہم نے پاکستان کو تباہ کرنے میں کوئ کسر نہیں چھوڑی ہمارا پورا معاشرہ ہی کرپٹ ہو گیا ہے,0
جس نے عمران خان کو غیر قانونی طریقے سے ہٹایا وہ مسلم نہیں ہوسکتا وہ میرے نبی صلی اللہ و علیہ وسلم کا عاشق نہیں ہو سکتا بیشک تحقیق کرا لیں سب سے پہلے باجوہ صاحب کی ہونی جاہیے,0
پانچ کے ٹولے سے باجوہ غدار کو نکال کر ثابت ہوگیا کہ,0
صاحب ہم کسی معزز نامی عدالت اور ججز سے کچھ امید نہیں کررہےخدارا باہر نکل آئیں اس قانونی ہیولے سےکچھ نہیں نکلنا اس میں سے سوائے ایک کے بعد ایک بغل بچوں کےانکی زبان میں جواب ہی قانون ہے اب,1
شیخ رشید نے سہی کہا تھا کہ فائیو آئیز ہماری کے ناخن میں بھی نہیں آتی بھارت کا مکروہ چہرہ ایک بار پھر بےنقاب مارخور زندہ باد,1
یہ ہے وہ بیان حلفی جو برطرف کردہ جج نے جمع کرایا عدالتی کمیٹی نے جج ارشد ملک کو مقدمے کی سماعت کے دوران نون لیگ سے رابطہ رکھنے اور ماضی میں بلیک میل ہونے پر برطرف کیا گیا ہے یہ مٹھائی نہیں مزید لتر کھانے کا وقت ہے,1
شاہد خاقان مفتاح اسماعیل اور کے قریب نون لیگی رہنماٶں نےالگ پارٹی بنانے کی پلان نون لیگ تباہ,0
وزیر دفاع خواجہ آصف کی یہ تقریر ملاحظہ فرمائیں جنرل یحیی خان اور دوسرے جرنیلوں پر پاکستان دولخت کرنے کا الزام لگا رہا یے پاکستان کی بنیادوں کو کھوکھلا کرنے کا الزام لگا رہا یے جنرل مشرف پر نواب اکبر بگتی کے قتل کا الزام لگا رہا یے کیوں جی اسپر کوئی کیس بنتا ہے,1
باجوہ غدار بے غیرت امریکی غلام,1
حامد میر جعفر اپنی روایاتی صحافت کرتے ہوئے,0
ہمارے دور میں میڈیا کی لائنیں لگتیں تھیں جو لوگوں سے جا جا کر مہنگائی کے بارے میں سوال کرتے تھےاوراب لوگوں کی سستے آٹے کیلئیے لائنیں لگ گئیں ہیں اور یہ بے شرمی کے ساتھ مطمئن ہیں,1
پاکستان کے ٹاپ لفافہ صحافی حامدمیر سلیم صافی شاھزیب خانزادہ سھیل وڑائچ جاویدچودھری منصورعلیخ علی خان عاصمہ شیرازی غریدہ فاروق نجم سیٹھی ڈاکٹردانش افتخار احمد حفیظ نیازی نصرت جاوید طلعت حسین ثنابچہ,1
قیام پاکستان کے بعد پاکستان میں بسنے والے تمام شہری بغیر کسی مذہبی لسانی یا زبان کی تخصیص کے برابر کے شہری ہیں,1
نہ گور سکندر نہ نہ قبر دارا مٹے نامیوں کے نشان کیسے کیسے کس بات کا غرور ھے جلد خاک میں ملے گا,0
متحدہ قومی موومنٹ مسلم لیگ ق کے بعد جہانگیر ترین نے بھی اپوزیشن کی جئ تئ پھیر دی,1
لوگوں کی خفیہ سیکس ویڈیوز مریم کے پاس ہیں لیکن سیاست عمران خان نے گندی کی ہے,1
اس سے برا ہونا چاہئیے تھا ہم اپنے بچوں کو غلط کو غلط کہنے کی تعلیم اگر ۵۰ سال پہلے دے دیتے تو شاید آج پاکستان ایک عالمی طاقت ہوتا چوروں کی تو ہاتھ کاٹنی چاہئیے سر چور کو محض چور کہنا کیا بری بات ہے,0
کوئی جاکے ان ففتھیوں کے ہینڈلرز کو بتا دے کہ پی ٹی آئی کے احتجاج میں اور پیڈ احتجاج کی فرق ان ففتھیوں کی چہروں اور چال ڈال پتہ چل رہا ہے کیوں مٹھو کباڑیے کے لیے ملک کی ماں بہن ایک کر رہے ہو بیغیرت,1
پوچھنا تھا کہ پنجاب میں ہماری حکومت یے آج تک کسی ایک نون لیگی کیخلاف کوئی ایف آئی آر کٹی ہے یا ہم چڑیا گھر سے ڈر رہے ہیں,1
پی ٹی آئی نے سرگودھا سے بڑی وکٹ گرا دی پیر حسنات شاہ کا ساتھیوں سمیت پی ٹی آئی میں شمولیت اختیار کرنے کا فیصلہ,0
بڑے صاحب چاہتے ہیں کہ لوٹوں کو ڈی سیٹ کرنے کا فیصلہ ہی واپس لے لیا جائے تا کہ پنجاب میں مرغی حکومت قائم رہے کیونکہ الیکشن تمام تر دھاندلی انتظامات کے باوجود جیتنا مشکل ہے تم ایک کام کرو,1
اس گاڑی میں آپ کے محافظ تھے زرا سوچیئے یہ گولیاں ان جوانوں کے جسموں میں کیسے لگی ہونگی جو قومیں اپنے محافظوں کی قدر نہیں کرتی انکا حال شام عراق سیریا جیسا ہوتا ہے میرے پاس الفاظ نہیں ہیں,1
سب پر میسج کریں اور روپے شوکت خانم ہسپتال کو ڈونیٹ کریں مخالفین نے ایک بار پھر شوکت خانم ہسپتال پر جھوٹا الزام لگایا ہے,0
یہ بتائیں آپ نے احمد نورانی کی سٹوری ٹویٹ کی یا اس پہ کوئی پروگرام کیا یا کوئی کالم لکھا یا میرے سے یہ سب مس ہو گیا,0
اس ملک کی مقننہ کو اب تاریخی قدم اٹھانا ہو گا کہ وہ کب تک اس فسطائیت کے آگے سر جھکا کر چلے گی تحریک انصاف فارن فنڈنگ کیس سول آمریت کی بد ترین مثال ہے کہ ایک کرپٹ پارٹی کو بچانے کےلئے پورا الیکشن کمیشن ہی غیرفعال ہونے جا رہا ہے,0
کیا کاروائی ہوئی ہے کیا ان کو بھی جنرل درانی کی طرح امریکہ بھیج دیا گیا ہے اف بڑی سخت سزائیں رکھی ہیں آپ نے فوجیوں کے لیے توبہ توبہ بیچارے سجیلے افسران اور ان کی بیویاں,1
جو احسان پرویزالہی نے گنوائے ہیں وہ کر کرنے کے تھے ہی نہیں اپنی سیاست کو اپنے ہاتھوں دفن کرنے پر تل گئے ہیں اب اس کو لیکر ن لیگ کی گود میں جاکر بیٹھ جاؤ,0
اسی لئے تو سب کہتے ہیں کہ نون لیگ غلاظت کا ایک بہت بڑا ڈھیر ہے,1
اس ڈنگر بدتمیز شرم اور عزت نفس سے عاری نعمان نیاز نے ساری زندگی پاکستان ٹیلیویژن اور پاکستان کرکٹ بورڈ میں صرف چاپلوسی اور ریاکاری کے زریعے گزاری اور یہ شخص آج بھی اپنی انہیں خصوصیات کی وجہ سے پاکستان ٹیلیویژن میں عہدے لے کر بیٹھا ہوا ہے,1
طالبان لیڈر انس حقانی میڈیا کو جیل میں وہ کمرہ دکھا رہے ہیں جہاں اشرف غنی کے دور میں چار سال قید تنہائی گزارے,1
یہ پوسٹ صرف غریدہ فاروقی اور سلیم صافی کیلیے یے جنکو خان صاحب اور چینی صدر کی ملاقات کی تصاویر نا دیکھنے کیوجہ سے شدید بدہضمی ہوئی تھی,1
تین سال تک ملک ٹھیک سمت میں چل رہا تھا پھر رجیم چینج آپریشن ہوا اور آج ملک ڈیفالٹ کے دہانے گھڑا یے ایک عام شہری,1
ہم سے تبدیلی کی بات نہ پوچھ اے صنم ہم نے زیبرے اور پٹواریوں کو بھٹو کے گانوں پر نچایا ہے,0
یاد رکھیں انثار عباسی امام المنافقین ہے جاتی امرا کا پالتو ہے جسکا قلم صرف اور صرف شریف خاندان کی مزہسرائی میں چلتا ہے,1
جب بھی ذرا طاقت ہاتھ آجائے تو فیصلہ کرتے وقت دنیا کے اس طاقتور بادشاہ کو ضرور یاد رکھیں لہذا انسان بنیں متکبر نہیں,0
یہ بھی ٹھیک ہے کرپٹ حکمرانوں کو آگے پیچھے دکھے کھانے کی تکلیفیں نہ سیہنی پرے,1
اتنا کیوں ڈرتے ہو ارشاد شریف کے ماسک سے,0
چل میرے گھوڑے امریکہ چل یہ تو پیچھے ہی پڑ گئے ہیں,1
کرکٹ ورلڈ کپ کو عمران خان حکومت سے جوڑنے والے فخر درانی نے پنڈورہ لیکس میں کیسی تحقیق کی ہوگی,0
اگر آپ میں تھوڑی سی شرم وحیاء ہے تو ہمیں پتہ ہے آپ مزید ایکسٹینشن لینے کے چکروں میں ہیں کیونکہ آپ چاہتے ہیں ملک کو تباہ کرکے ہی جان چھوڑنا ہے,1
بزدلوں جتنا ایلکشن سے بھاگو گے خان پھر بھی گھسیٹ کہ تم کو ایلکشن کے کروانے تک زلیل کرواے گا,0
باجوہ غدار ضمیر دروش اسرائیلی امریکی ایجنٹ دو,1
ایسی ایکسٹنشن کا اچار ڈالنا ہے جو آرمی چیف کے عہدے کا وقار ہی خاک میں ملا دے باجوہ صاحب کو خود استعفی دے دینا چاہیے,0
بیچارے کی حالت قابل ترس ہے ہزار بندہ نہیں نکلا,0
لو جی ملاقات شروع ہو گئی ہے انشاءاللہ غداروں کو کتوں کی موت مارا جائے گا,1
پھر جانی خیل میں پی ٹی ایم کے ایک لبرل ٹیچر نے قرآن پاک جلایا پی ٹی ایم کے لیے بیانیہ طے کرنے والا وقاص گورایا بدنام زمانہ بھینسا پیج کا ایڈمن ہے پی ٹی ایم مشرہ گلالئی اسمعیل نے کہا مذہب عورت کا سب سے بڑا دشمن ہے جاری,1
میں غلیظہ فاروقی کی زندگی کا احاطہ کرنے والے اس ٹرینڈ کی شدید مزمت کرتی ہوں,1
یہ تو آرمی کی کتیا ہے جناب,1
اسرائیل کے قادیانی ایجنٹ باجوہ بغیرت تجھے پاکستان میں دفنانے کے لئے دو گز قبر بھی نصیب نہیں ہوگی اور اگر ہوئی تو پاکستان کے غیور جوان تیری بوسیدہ لاش کو اسرائیل میں دفنا کر آئینگے انشاءاللہ,1
خان جی عوام رجیم چینج آپریشن کے مکروہ مہروں کو کبھی معاف نہیں کریں گے,1
بلاول پہلے دلہا بنے گا پھر وزیراعظم منظور وسان میرا خیال ہیگا فیر اسی نا ہی سمجھیے,1
یہ میڈیا والے اور سیاست دان سارے چور ہیں زرداری کو دیکھے اس کا جعلی بینک اکاونٹ کے ذریعے منی لانڈرنگ ایک اور سکنڈل اگیا تبھی یہ سب ایک دوسرے کی کرپشن کو چھپائے ہوے ہیں یہ میڈیا والے طارق جمیل پر پروگرام کرسکتے ہیں لیکن زرداری کی کرپشن پر نہیں,1
طوائف اور کنجر عورت کی نظر ہمیشہ پیسے پر ہوتی ہے,1
یہ بات وہ بیشرم بیغیرت آدمی کر رہا یے جو پاکستان کا وزیر دفاع ہوتے ایک گارڈ کی نوکری کر رہا تھا اس کی مالکن سعودی عرب میں خادمہ کے اقامے پر تھی اس کے بگوڑے مفرور اشتہاری لیڈر نوازشریف کا سارا خاندان مفرور اشتہاری یے کاش ان لوگوں میں کوئی حیا ہوتی کوئی عزت نفس ہوتی,1
جرنل ر عاصم سلیم باوجوہ کےخلاف پراپیگنڈے کے پیچھے توقع کے عین مطابق ن لیگ اور دی نیوزجنگجیو والے نکلے ان بےشرموں نے انڈین ر میجر میجر گورو آریا کے ساتھ مل کر یہ منصوبہ بنایا جو دراصل سی پیک کے خلاف سازش ہے ارسلان ظفر ظفر حجازی کا بیٹا ہے,1
یہ میسج کسی اور کےلئے ہے,0
خان صاحب کیساتھ دو تین سو لوگ تھے مریم اورنگزیب,0
وہ جان اللہ کو دے دی کہ ابھی یہیں بیٹھا ہے,0
سچ تے سجناں کوڑا ہوندا سہہ نہ ھجر وچھوڑا ہوندا نال دیاں دی خبر جے ہوندی رزق کدی نہ تھوڑا ہوندا دو ساواں دی مار اے بندہ ایویں تھاں تھاں چوڑا ہوندا,1
اب پتہ چلا نیوٹرل کو اتنی مرچیں کیوں لگی ہیں سنیئے اور انجوائے کیجئے یدو,1
عمران خان زرا سی بات پر اس قوم کیلئے رو پڑتا ہے ہمارے میاں صاحب تو اتنے بہادر تھے کہ سگی بیٹی کے بھاگنے پر بھی ٹس سے مس نہیں ہوئے تھے منجانب مطمئن پٹواری,1
گھر سے باہر نکلیں تو پولیس ریسکیو سرکاری مشینری ہیلتھ اور فوج آپکو ہر چوراہے پر اپنا کام کرتی نظر آتی ہے لیکن ایک ادارہ جسکی اپنی کارگردگی صفر ہے اس کا چیف اپنا کام چھوڑ کر پوچھتا ہے کہ ظفر مرزا کی کیا اہلیت ہے سرائیکی شاعر کا قول ہے,1
اس کی پوری کوشش ہے کہ جہانگیر ترین کو اپنا نیا ابو بنا لے تاکہ عید پر نئے کپڑے خرید سکے لیکن جہانگیر ترین اب اس واہیات کو بالکل بھی منہ نہیں لگا رہا,1
سالے کی ابھی چند دن پہلے ک ت ے والی ہوئی پنجاب اسمبلی سے دم دبا کر بھاگا تھا,1
میں ہم سے آزاد ہونے والے بنگلہ دیش نے دنیاں کی تیز ترین ٹرین کا افتتاح کرلیا مجیب الرحمن کی تیسری نسل قوم کو بلٹ ٹرین دے رہا ہے اور شریف خاندان اور بھٹو کی تیسری نسل لوگوں سے آٹے کی لائن سیدھا کروا رہی ہے,0
ہارون رشید کا کرب کب اور کیسے ختم ہو گا خان کی ہر بات پہ تتے توے پر پٹوسیاں مارتا ہے روز,1
سچ کہا خان صاحب نے کون پاگل اتنے بڑے چور کو وزیراعظم بناے گا کسی مہذب معاشرے میں کبھی سنا بھی نہیں جاتا جو آج کل پاکستان میں ہورہا ہے,1
سیاسی قیدی اور اربوں ڈالر کرپشن کے مجرموں کی پیشی میں فرق ملاحظہ کریں یہ سسٹم شریف خاندان کے چڈوں میں پیٹ کے بل لیٹا ہوا ہے,1
بات یہ نہیں کہ پیپل جیتی یا نون بات یہ ہے کہ پوٹی آئی پھر سے ہار گئی بہر حال پیپل پارٹی کو جیت بہت بہت مبارک ہو,0
وہ ہوا جو آج نظر آ رہا ہے,0
یہ سارے لنڈے کے لبرل خود دہشتگردوں کے قتل پر گریہ زاری کرتے ہیں اور پھر مانتے بھی نہیں کہ پی ٹی ایم امن پسند نہیں ہے,1
ہمیں گرتا دیکھنا چاہتے ہیں ہمارا ہی سہارا لے کر اٹھنے والے لوگ,0
ایک طرف امریکی سپورٹ ہے دوسری طرف رب العالمین کی,0
دیچکی کے منہ والی تم چپ رہو تو بہتر ہے جب بھی منہ کھولا کالا ہی بولا,1
سپر سانک انصاف براے تاریک انصاف سیشن جج نے عمران نیازی کی ضمانت منٹ پر ردکیلاڈلے نے اسلام آباد ھائی کورٹ میں اپیل منٹ بعد داخل کی منٹ سے کم میں اپیل منظور ھوئیاگلے منٹ میں ضمانت ھوگئی کون کہتا ھے کہ ھماری عدلیہ مستعدی سے کام نہیں کرتی,1
ہوتی نہیں جو قوم حق بات پر یکجا اس قوم کا حاکم ہی فقط اسکی سزا یے بھگتو پاکستانیو,0
بات بات پر جھوٹ بولنے والا انٹرنیشنل جھوٹا نیازی,1
باوا جی کینیڈا میں بھی بے عزتی,1
تم کوشش کرتے رہنا ایک دن آپ کو بھی شلجم کھلا کر گرویدہ کر دوں گی,0
اب ایسے نہیں چلے گا سوال تو کریں گیں جواب دینا ہو گا ورنہ ہمیں کیڑے مکوڑے سمجنے والے گندی نالی کیڑوں کی موت مرو گے انشاءاللہ انشاءاللہ انشاءاللہ,1
واپس آنے کی پوری کوشش لین نون اڑنگی دے دیتی ہے,0
اس پیٹرول پمپ کا گارڈ چوکیدار بھی نیوٹرل تھا,0
مکئی کی روٹی وہ بھی گول نال سروں دا ساگ نال مکھن,0
دشمن کی پے پلنے واے کتے,1
بس بھئی بس زیادہ بکواس نہیں چیف صاحب آج کے بعد ملاقات نہیں چیف صاحب بےشرم ہوتے ہوئے تجھے دیر نہیں لگتی امریکہ کے آگے لیٹتے تجھے دیر نہیں لگتی بس بھئی بس,1
اسوقت آسمہ شیرازی ثناء ٹچہغریدہ فاروقی نسیم زہرہاقرار الحسن گلاسڑہ خمار مسعود مطیع اللہ اور ان کی طرح کی نسلیں تتے توے پر بیٹھیں یونگی,1
جیہڑا نشہ تیری اکھاں وچوں آوے مینوں,1
اب امریکی گٹر صاف کرے گا اور جو باہیڈن کے کموٹ واش کرے گا باقی باجوہ کی بوٹ چاٹنے کی مہم تیز رفتاری سے آگے بڑھاے گا,1
میاں مفرور اشتہاری بگوڑے کے کھابے کیلیے دیگچے چمچے کھڑچے نہاری مرغ چھولے سری پائے کیٹرنگ کرنے والا محمد سیف الیکشن کمیشن آف پاکستان کا پروجیکٹ ڈائریکٹر محمد سیف اب معلوم ہوا کہ کے الیکشن میں کیسے بیٹھا تھا,1
بیوی کو برہنہ کر کے وڈیو بنانے کی دھمکی عثمان ڈار کے خلاف بیان دینے کے لیئے ایک غریب شہری جاوید علی پر بدترین تشدد,0
انفرادی طور پر یہاں بیٹا ماں کو مارتا ہے سکول کا استاد بچوں سے زیادتی کرتا ہے مدرسے کا استاد اللہ کا خوف بھول کر بچوں کا حوس کا نشانہ بناتا ہے اجتماعی طور پر ماسک سیناٹیزر آکسیجن سلینڈر سب مہنگے کر دیتے ہیں پھر کہتے ہیں اللہ ہم پر رحم فرمائے,1
بیٹیو پلیز فالو بیک کریں شکریہ,0
پیچھے ہٹے تو رقم نہیں ملے گى اگر موقف نا بدلا تو عزت نہیں رہے گى اب فيصله خود كر لے موٹی واشل قاسم شاہ,0
کبھی سوچا نہ تھا کہ خواجہ آصف بھی ہمیں ان صفوں میں ملیں گے خیر کوئی نہیں رات ڈھائی بجے والی شفٹ میں انسان ایسوں کے ساتھ کبھی اکٹھا ہو ہی جاتا ہے خیر سانوں کی میں تو چلی کریلے گوشت کھانے,0
جو سرکاری افسر ریڈ لائن کراس کرے گا عمران خان حکومت کی معزولی کیبعد ایک کمیشن کے زریعے ان کا محاسبہ کیا جائے گا احسن اقبال اسپر قانون کی کوئی شق لگتی ہے یا ساری شقیں تحریک انصاف کیلیے ہیں,1
رکھ کے یقین تیرے کن پہ مولا میں نے ہر حال میں مسکرانا سیکھا,0
غلاظت باطن سےلتھڑی گفتگوکریہہ آوازیںمتعفن سوچیںنحوست زدہ شکلیں قابل نفرین کیا یہ مقام عبرت نہیں کہ اپنےانجام کی جانب گامزن یہ مکروہ کردار روز ایک نئےاور گھناؤنےچہرے کےساتھ سامنےآرہے نقاب اترتےجارہے جیسےقدرت ازخود ان کےناپاک راز طشت از بام کرنےپر آمادہ ہو,1
احساس کریں بکواس نہ کریں,0
لاک ڈاون میں مانگ کم ہونے سے چوزے کنویں میں پھینک دئیے گئےدودھ سڑکوں پر بہا دیا گیا مگر سندھ حکومت کو کبھی یہ توفیق نہیں ھوئی کہ اسکو آرگنائز کرکے عوام کو یہ چیزیں سستی فراھم کر دیں,1
ججز کو ڈرانا دھمکانا بند کرو یہ ملک تیرے باپ کی جگیر نہیں گھٹیا عورت,1
شاید یہ ظرف ہے جو خاموش ہوں اب تک ورنہ تو تیرے عیب بھی معلوم ہیں سارے,0
ویے اپ اپنے اختیارات کو استعمال کرنے ھوےء سوموٹو لے لیتے ہیں,0
مجرم ثاقب نثار تو دوستوں کے احکامات کو انکار کی بجائے اینفورس کرا رہا ہے لیکن دوسرا جج کون ہے جج بشیر اس کے ساتھ جج شوکت عزیز کی وڈیو اور تحریری بیان بھی ملا کر پڑھیں اس میں بہت سے جج ملوث اور پھنستے ہیں اگر کیس درست چلایا جائے,0
آدھی رات کو عدالتیں لگانے والے جج صاحبانایک معمولی مجسٹریٹ زیبا کےغیر قانونی آرڈر پرقانونی کارروائی کاکہنے پرآپ کی غیرت جاگتی ہے اورآپ عمران خان پر توہین عدالت لگا دیتے ہیںمگر کے بھرے جلسے میں سپریم کورٹ کے حاضر سروس ججز کو زلیل اور دھمکانےپرخاموشی کیوں,0
میرا لیڈر کھڑا رہا جھکا نہیں بکا نہیں الحمداللہ,0
اس کتی نسل کو سب پتہ ہے سودا ہو گیا ہے بند کرو یہ ڈرامے بازی کنجرو,1
پیپلز پارٹی کے کارکنوں نے جیو نیوز کے اسٹاف کو صرف کتوں کیطرح دھویا وہ چاہتے تو جان سے بھی مار سکتے تھے یہ انکا بڑا پن ہے میر شکیل,1
بھگوڑے نواز شریف بلکہ پورے شریف خاندان کے نام وزیراعظم عمران خان کا اہم پیغام,1
جب عمران خان کسی لوٹۓ کو وزیر بنائے تو کہتے ہیں کہ پرویز مشرف کی کابینہ ہے جب کوئی نیا بندہ آئے تو کہتے ہیں کہ تجربہ نہیں ہے جب ریٹائرڈ فوجی آئے تو کہتے ہیں کہ مارشل لا لگادیا لفافے جیالے پٹواری اور خونی لبرلز کسی صورت خوش نہیں,1
اچھا اس بے غیرت نے اپنے کل اثاثے لاکھ کے بتائے ہیں میرا خیال ہے لاکھ کھوکھر برادران سے لے کر دینے تھے,1
وعدہ کرتا ہوں کہ امیدوار کوئی بھی ہو میرا زندگی کا پہلا ووٹ بلے کا ہی ہوگا انشاءاللہ,0
قلعدم تنظیموں کے گلو بٹوں کو تحریک انصاف کے کارکنوں پر کتوں کی طرح چھوڑ دیا گیا ہے اور پولیس خاموش تماشائی بنی ہوئی ہے,1
تجھ سے تمام مراعات لے کر تجھے ایک مہینہ عام عوام کے رکھا جائے ویسے بھی بڑا عوام عوام کرتا ہے تو ایک بیغیرت خاندان کا چ ھکا ہے,1
جہاں نام آتا ہے پاکستان کا وہیں نام اتا ہے عمران خان کا,0
الحمداللہ میں کبھی اپنے رب کے سوا کبھی کسی کے سامنے نہیں جھکا ان شاءاللہ میں اپنی غیور عوام کو بھی خوف و دہشت کے بتوں کے سامنے نہیں جھکنے دوں گا یہ میرا لا الہ الا اللہ محمد رسول اللہ پر پختہ ایمان کا حصہ,0
گوگی پنکی عمران پروڈکشنز کی فلم گوگی گھڑی والی ساری قوم نے دیکھی,1
جی بیٹا میں تماری گانڈ ہم نے بہت اچھے طریقے سے ماری تھی,0
کوئی کتنی بھی کوشش کر لے آپ کو تب تک ہرا نہیں سکتا جب تک اللہ نہ چاہے اور عمران خان کا اللہ پہ ایمان پختہ ہے اس لیے یہ چوروں کا ٹولہ کتنی بھی کوشش کر لے عمران خان کو شکست دینا ان کے بس کی بات نہیں خان اپنا لشکر لےکےواپس آ رہا ہے,0
ملک کے غداروں کا چہرہ عوام کے سامنے لانا ہی صحافت ہے ـلیکن افسوس کے ساتھ کہنا پڑ رہا ہے کہ قائد کے پاکستان میں صحافت کے معنی و مفہوم بدل گئےمقصد بدل گیا,0
بیٹا پلیز فالو بیک کریں پلیز شکریہ,0
عمران خان تیرےبغض میں بڑےبڑےکردارگرے منصف گرےسالارگرے عدل کےاونچےمینارگرے مذہب کےٹھیکیدارگرے اس مٹی کےغدارگرے کچھ زردصحافت کےلفافہ دارگرے جعلی دانشوری کےدہاڑی دارگرے مافیاکےسارےکاروبارگرے قطریوں اورمودی کےیارگرے بڑےشوبازاورجھوٹ کےفنکارگرے کرپٹبزدل اورجعلی بیمارگرے منقول,1
جاتے جاتے خان صاحب نے مطیع اللہ جان کے منہ پر زناٹے دار تھپڑ رسید کر دیا مطیع اللہ جان خان صاحب آپ معافی مانگیں گے کیا عمران خان اسپر مشاورت کریں گے اور سب سے پہلے آپسے پوچھوں گا,1
جی بہت خدمت کی اربوں کی جائیدادیں بنائیں چلتی معیشت کو بھاڑ میں ڈالا ملک پر چور مسلط کئے واہ واہ خدمت کی داستانیں,1
جو خود مہا سلیکٹڈ تھا وہ اب مرضی کے ججوں سے مرضی کے فیصلے چاہتا ہے سلیکٹڈ جج نامنظور,1
مطلب پرانے پیار کا بھی پاس نہ رکھا گیا,0
واہ مولا واہ کیا کیا نورتن پیدا کیے ہیں پاکستان میں ساری عمر پاکستان کو لوٹنے اور چوسنے والے ان کمینوں کی پاکستان سے وفاداری شریف خاندان کے تابع ہے اگر شریف خاندان اپنی کرپشن اور کرتوتوں کہ وجہ سے جیل جائے تو یہ لوگ پاکستان کے سب سے بڑے مخالف بن جائیں گے,1
کیا ایسے لوگ ریاست مدینہ کا طعنہ دینے کے قابل ہیں حیرانگی بلاول پہ نہیں انکے پیچھے کھڑے سالہ سیاستدانوں پہ ہے جنکی پوری زندگی سیاست کرتے کرتے جوتیاں گھس گئ اور ایک مبینہ وصیعت سے نام نہاد لیڈر بن گیا,1
کیا کسی کو پتہ ہے کہ مریم صفدر کے اربوں پتی کاروباری باپ نوازشریف نے اب کرونا وائرس فنڈ میں کتنے پیسے دیے ہیں یہ وہ گندگی میں لتھڑا خاندان ہے جس نے پاکستان کو لوٹ کر ایک فیکٹری سے پانچ براعظموں میں کاروبار جما لیے لیکن اس مشکل وقت میں اس قوم پر ایک دھیلہ بھی خرچ نہیں کیا,1
جب عمران نیازی پر کوئ قانون کوئ آئن کوئ عدالت کا زور ھی نہی بلکہ عمران نیازی مہاتما ھیں تو پھر مسلم لیگ ن اتحادی حکومت کو چاھیے اقتدار کو اللہ حافظ کہیں ملک ججوں جرنیلوں عمران نیازی کے سپرد کریں,1
ایمل کانس کے وکیل نے سہی تو کہا تھا کہ پاکستانی تو پیسے کے لیے اپنی ماں کا سودا کر دے تو بس پھر یہ مارخور کیا چیز ہے ہماری اسٹیبلشمنٹ فوج نے بھی تو اپنی دھرتی ماں کا سودا کیا ہے ڈالروں میں,0
نون لیگ کی طرف سے جے یو آئی کو حکومت میں کچھ حصہ دینے کا خوبصورت مناظر,0
میرے فالور میں سب سے زیادہ پی ٹی آٸی والے شکر کوٸی ن لیگی نہیں کیونکہ ن لیگ والے میری فوج خلاف بکواس کرتے ہیں جب پی,0
ارشد شریف نیوٹرلز کی کتوں سے بدتر یعنی نواز شریف والی کرتے ہوئے,1
مالک جیسے لفافوں کا علاج طارق جمیل کے پاس نہیں بلکہ طارق بشیر چیمہ کے پاس ہے,1
انسانیت کی تذلیل اور پیچھے دیوار پر کامریڈوں کا نشان پیپلزپارٹی کے چالیس سالہ دور حکومت کا خلاصہ ایک منٹ میں,1
گھڑی چور عمران نیازی جواب تو دینا ہوگا حساب تو دینا ہوگا,1
سب سے بڑے دو ڈاکو اور جن کے درمیان قدرتی الائنس ھے ان دو بڑے کتوں کے علاوہ اگر کوئی تیسرا ھے تو وہ ان دونوں کا سرغنہ ھے جس نے پورن لیگ اور زرداری کو ملا دیا,0
پہنچی وہیں پہ خاک جہاں کا خمیر تھا,0
ملک کے غدار چیری بلاسم اور باجوہ اینڈ کمپنی ملک کو خامہ جنگی کی طرف لیجا کر امریکی انڈین اور اسرائیلی مشن کی تکمیل کرنا چاہتے ہیں,1
کنیز نمبر نے ٹویٹ کرتے ہی ڈیلیٹ کر دی,1
نااہل وفاقی اور صوبائی حکومت چمن کے علاقے توبہ اچکزئی میں ایمرجنسی نافذ کرکے فوری طورپر برف باری میں پھنسے لوگوں کی مدد کریں,0
یاسمین راشد نے مریم صفدر کے تعلیمی ریکارڈ سے پردہ اٹھا دیا مریم کتنی اور کیسی پڑھیں سب منظرعام پر لے آئی,0
ذرا دیکھو ذرا سنو بیشرمی کی انتہا ہی نہیں عمران خان کیا کچھ لے کر نہیں بھاگ گیا,1
اب اس قوم کا اللہ ہی حافظ ہے بلاتحقیق اپنے وزیر خارجہ پر ایک خبیث انسان کے کہنے پر دشنام طرازی کر رہے ہیں,1
اب تم کتوں نے پاکستان بیچ دیا,1
شہباز شریف بالکل سچ کہتا ہے کہ ایک دھیلے کی کرپشن نہیں کی,1
یہ مہرہ بھی ٹھس اب کوئی نیا سوچو کیونکہ,0
بھارت پاکستان کے چار ٹکڑے کر کے اکھنڈ بھارت بنائے گا مودی ترجمان بھارت کے ساتھ جنگوں نے پاکستان کو ماسوائے غربت افلاس اور بھوک کے اور کچھ نہیں دیا بیغیرت شہباز شریف,1
منصور لفافہ بے عزتی کر رہا اور بندر اپنی اوقات پہ آگیا,1
بھائی جی فالو بیک کریں پلیز ورنہ میں آپکو انفالو کر دوں شکریہ,0
ہمارے صحافی بھائی آج کل عمران خان کو گھر بھیجنے یا سیاسی شہید بنانے میں اتنے مصروف ہیں کہ کسی نے سر باجوہ سے پلٹ کر یہ نہیں پوچھا کہ کیا ہم آپ کو مریخ کی مخلوق لگتے ہیں کیا ہم امردو کے درخت پر بیٹھے طوطے ہیں جو آپ ہمیں انسان بنانا چاہتے ہیں,0
محکمہ زراعت اور امریکی سنڈی مل کر پاکستان کو کھوکھلا کر رہے,0
بڑے بھائ نے آفشور کمپنیوں اورچھوٹےبھائ نےجعلی اکاونٹس کاجال بچھایاادھر سمدھیادھر بیٹوں کےدوستوں کے ذریعے کرپشن کا کاروبارآئ ڈی پیز کے پیسے تک کھائے وہ پکڑےگیاتوکہا لندن کیا پاکستان میں بھی کوئ جائداد نہیں اور انکا بھینسوں کا دودھ بیچ کے گزار,1
نائب کپتان زرداری راج کی بنیادیں ہلاتے یوئے اگر پہلی کڑی میں زرداری مافیا اتنا بوکھلا گیا ہے تو کے اگلے مرحلے میں تو تڑکا لگ جائے گا,1
اے عظیم بھکاریو اس آرٹیکل کو پڑھ کر اپنی غیرت کو ٹٹولو جس میں ارشد ملک کہتا ہے کہ اس کو حرم نبوی میں رشوت کی پیشکش کی گئ تمہاری دینی غیرت اس وقت کہیں چرنے گئ تھی تم اس بات پے خوش تھے کہ رشوت کی وڈیو سے ارشد ملک نا اہل ہوجائے گا,1
باجوہ بیغرت جواب دو ہم جواب مانگے گئے تمہیں جواب دینا پرے گا,1
پاکستان کے نئے نقشے کو لیکر ن لیگ کے گدھے حکومت کے خلاف ایسے ماتم کر رہے ہیں جیسے باؤجی وفات پاگئے ہیں اور تدفین کی جگہ کا تعین پی ٹی آئی نے کر دیا ہے پٹوار خانے دی پچھواڑ وچ اگ لگی ہوئی اے,1
یہ اپنی مرضی سےسوچتاہےاسےاٹھا لو اٹھانےوالو سے کچھ جدا ہے اسے اٹھالو وہ بےادب اس سے پہلےجنکواٹھالیاتھا یہ ان کےبارےمیں پوچھتا ہےاسےاٹھا لو اسےبتایابھی تھاکہ کیا بولناہےکیانہیں مگریہ مرضی سےبولتاہےاسےاٹھالو,0
امریکہ اور روس کے درمیان ثالثی کروانے والا عظیم لیڈر آجکل ٹانگہ پارٹیوں سے اتحاد کرنے کی کوششوں میں لگا ہوا ہے بڑی زیادتی ہے ویسے,0
یہ سب اپنے پاس سے بکواس کرتے ہیں,0
شاعر یہاں کو شرم دلانے کی بات کر رہا ہے ڈوب مرو بے شرمو آج تک آپ لوگوں نے صرف اپنے عوام کو ہی فتح کیا ہے,1
میرے شناختی کارڈ سے اس شخص کو ووٹ جاٸیگا جس نے میرے شناختی کارڈ میں دس لاکھ روپے رکھے علاج کیلئے اور ہزار روپے گھی آٹا دال پر رعایت کے لئے رکھے ھیں ایک مزدور کا بیان,0
شبلی فراز احمد فراز فیض احمد فیض اور علامہ اقبال تو اب نہیں ا سکتے لیکن اتنا یقین ہے کہ تمہاری زندہ ماں بھی اگر کہہ دے تمہیں کہ کنجرا عمران خان تے چنگا ادمی ہےتم نے اسکی عزت بھی چوراہے پے لٹکا دینی ہے,1
پی ڈی ایم اسٹیبلشمنٹ کی منتیں کررہی ہے کہ عمران خان کو نااہل کرے تو پھر ہم الیکشن میں چلے جاتے ہیں اعجاز الحق کا دعوی گمنام سپاہی,0
بوجھو تو جانیں یہ مسخروں کا ٹولہ کیا گاتا چلا جا رہا ہے جا جا نکل جا میری سرزمین کشمیر سے لندن,0
اس میر جعفر کے کریہہ چہرے سے نقاب اتارنا وقت کی ضرورت ہے اگر یہ کھلی بدمعاشی کر رہا ہے تو اب اس غدار کو جواب بھی اسی انداز سے ملے گا,0
بغلول کی اولاد دو ہزار لے کر شو پالش کرتے ہوۓ میں پلاٹ مل جاۓ گا قبر کے لئے,1
امپورٹڈ حکومت نے قانون کی بالادستی کی دھجیاں اڑا دی ہیں ساری چوری معاف کروادی ہے یہ وہ کیسز تھے جو ان کے اپنے ادوار میں بنے ہوئے تھے عمران خان,0
خان صاحب نیوٹرلز کو غیرت دلاتے ہوئے,1
مرحوم پیر پگاڑا کی بات ذہن میں رکھیں اور یہ ویڈیو دیکھیں یہ ہے اس شریف خاندان کی ٹوٹل اوقات اور سیاست پچھلی بار جب جہانگیر ترین علاج کے لیے گیا تو مریم سمیت پوری پارٹی کہتی رہی چینی چور جہانگیر ترین کو بھگا دیا اور اب جب مطلب ہے تو خود دیکھ لیں,1
عمران خان بھی ہمارا باجوہ بھی ہمارا جو خلاف ہے وہ غدار ہے غدار ہے,1
وفا کا عنصر سب سے زیادہ کس جانور میں پایا جاتا ہے آپ سب جانتے ہیں لیکن میر شکیل کے ناجائز بیٹے وجیع ثانی نے وفا کرنے میں اس جانور کو بھی پیچھے چھوڑ دیا ہے تعریف تو بنتی ہے ناں دوستو,1
زندگی میں اسکو نہ پوچھنا بعد موت اسکا سیاپا کرنا ہاہاہا ڈرامہ باز,1
دشت تودشت دریا بھی نہ چھوڑے ہم نے ماؤنٹ ایورسٹ پر چڑھادئیے کھوتے ہم نے,0
مصطفی چوہدری نے کیا خوبصورت عدالتی کارروائی کو تصویری شکل دی چودھری صاحب توا نوں توپاں دی سلامی تواڈی رتی ماں پت نئی جمیا,1
خان نے کرکٹ کھیلنا بھلے چھوڑ دیا ہو لیکن پی ڈی ایم اور رجیم چینج مائنڈ سیٹ کے ساتھ وہ آج بھی اچھا کھیل رھا ھے یقین نہ تو خان کی مسکراہٹ دیکھ لو,0
ان بیغیرتوں نے تو اپنی بہن پیش کی ھوئی تھی آج بلو کھسری نے بھی اپنی بہن پیش کر دی ھے بلاول حرامزادہ زرداری فراڈن کی گرفتاری,1
بیچاری کنیزوں کی بھی کیا زندگی ہے,1
تمہاری بادشاہت آج اپنے اختتام کو پہنچیاس خالی کرسی کا حساب تم سے اللہ لے گا,1
اب سمجھ میں آیا کہ یہ پروگرام چلتے چلتے بند کیسے ہو گیا ایسے انٹرویو نہ کیا کریں,0
میرا معصومانہ سوال جب جماعت اسلامی نے پاکستان پیپلز پارٹی کے ساتھ ہی ملنا تھا تو پھر الیکشن سے پہلے ایک دوسرے کو بدنام کیوں کرتے رہیں,0
کس حیثیت سے مریم چورنی کو سرکاری چینل پر دکھایا جاتا ہے عوام جواب چاہتی ہے سرکاری کنیز اور میم کی کنیز خاص جواب دے,1
تو چچا کیا کریں عدالت پولیس بجلی گیس محکمہ صحت جس جس محکمے کاکوئی ملازم کرونا سے متاثر ہے وہ سارا محکمہ ہی بند کردیں مطلب اپکو پکڑنا ہے تو موت پڑگی ہے سارے لوگ مرنے لگے ورنہ روز سیکڑوں عوام کھجل ہوتی عدالت کچہری نادرہ افس ہر ادارے میں تب ٹھیک یے لگتا مرنا نہیں تم رزیلوں نے,1
مراد علی شاہ کہاں پیچھے رہ سکتے تھے جعلی اکاؤنٹس کی تھوک تعداد کومینیج کرنے کے لیے بنک ہی اپنابنا ڈالا سندھ بنک کے ٹوٹل ادا شدہ سرمایہ سے بھی زیادہ قرض اومنی کو دے دیا ارب کا قرض درجنوں بار ری شیڈول کر دیاآپ کے وزیر خزانہ ہوتے ہوئے سینکڑوں جعلی اکاؤنٹس میں اربوں ٹرانسفر,1
اللہ معاف کرے گرفتاریوں کا مذاق وہ اڑا رہے ہیں جن کے لیڈروں نے گرفتاری کے ڈر سے اپنے ماں باپ کی لاش بیرون ملک پارسل کر دی تھی,1
اتنی حرامی اور بدمعاش ہے سوچو ٹھیکیدار خود اور اسکا باپ وڈا ٹھیکیدار کتنے بڑے بدمعاش ہونگے لعنت اس حرامی پر,1
ویسے لکھ لعنت ھے ایسے دانشوری اور شعور پر معزرت کے ساتھ,1
کوئی ملک اور عالمی ادارہ سابق مفرور اشتہاری بگوڑے اسحاق ڈار پر اعتبار نہیں کرتا اسی لیے حافظ صاحب کشکول لیے پھر رہے ہیں,1
میاں جی باجوہ آرٹیکل سے بچ بچا کے کاروائی کرنے کی کوشش میں ہے لیکن باجوے کے لئے مصیبت بن گئی ہے یہ دورنگی مارشل لاء,1
بس راجہ ریاض اپوزیشن لیڈر رہنا چاہیے یہ ہے پی ٹی ایم کی درخواست,0
دنیا کی کوئی بھی یونیورسٹی وہ سیاست نہی پڑھاتی جو یہ کھیل رہی ہے اس کی گھٹیا سیاست کی درسگاہ اسکا باپ ہے اور اسکی تعلیمی قابلیت دیکھ کر اندازہ لگانا مشکل نہی کہ اسکی کا مطلب ہے,1
ساری دنیا کچرے سے بجلی پیدا کرتی ھے اور پاکستان واحد ملک ھے جہاں کچرا ایوانوں میں رکھا جاتا ھے وہ بھی پروٹوکول کے ساتھ اجکل اسلامی جمہوریہ پاکستان,0
اگرواضع ہو جائے کہ سپریم کورٹ روگ ادارہ بن چکا ہے جیسے بلیک لا تنخواہ نا لینا نیب کی نگرانی میں نظر آیا اور آئین کو اپنے فیصلے سےمسخ کرنے کی کوشش کرے کہ خفیہ بیلٹنگ نہ ہو تو کیا الیکشن کمشنر کو اپنے حلف کی پاسداری کرنا ہو گی یا سپریم کورٹ کے حکم پہ قانون توڑنا,0
ھم گھس کے مارینگے انڈیا والوں تمیں یہ ماننا پڑیگا کہ تم صرف ہندوستان کے اندر کمزور طبقے کو مار سکتے ھو کسی اور کو نہیں,1
بیشک باجوہ ڈفر کے بغیر شائد آپ جیسا نالائق بھی ملک کو اتنا تباہ نہیں کر سکتا تھا,1
بے غیرت باجوہ سن اور چلو بھر پانی مین مر جا کسی جرنیل فوجی افسر یا سپاہی میں رتی برابر بھی حب الوطنی ہے تو آپ کو فوج کا وقار بحال کرنا ہو گا اس غدار کو اپنی صفوں سے ٹھڈے مار کر نکالنا ہوگا زدل,1
اپنے بھگوڑے بھائی اس کے بچوں اور اپنے بیٹے اور داماد اور اسحاق ڈار کے بارے میں کیا خیال ہے کیا اصل مفرور تو وہ ہیں شرم تم کو مگر آتی نہیں پہلے ان سوالوں کا جواب تو دے دو جو تجھ سے پوچھے جا رہے ہیں باقیوں کی باری بھی آ جائے گا غریب کسان کا بیٹا اور بکواس سن لو ترے پے,1
شکریہ آپ کا کہ بلاولی کو اسکی اوقات یاد کروا دی,1
ایکٹریس کم دانشور کم اینکر کم ڈانسر کم ماڈل کم صحافی کم عقل اس خفیہ ملاقات میں کیا کر رہی تھی,1
دجالی میڈیا اور اس کے سارے اینکر حضرات سب کا خیر نہیں جس ملک کا میڈیا مولانا طارق جمیل صاحب کو قصور وار اور میر شکیل کو بے قصور ثابت کرنے میں لگا ہو اس میڈیا کو عاصم سلیم باجوہ کی اشد ضرورت تھی,1
مریم نواز نے جس نور دہری کااسرائیلی میڈیا کو دیا انٹرویوں ٹویٹ کر کے پھر ڈیلیٹ کیا اس نور دہری کا پاکستانی صحافی منصور علی خان نے انٹرویو کر کےزلیل کر دیاویڈیو دیکھنے کیلئے نیچے لنک پر کلک کریں,1
اگرآپ دیکھ لیں فوج میں احتساب کیسےہوتا ویسااحتساب ہرجگہ کریں توسارئےمسئلےحل ہوجائیں یہاں بغض فوج میں کرنل کی بیوی کا ہیش چلا کے انصاف کی دہائی دی جا سکتی مگر جلیل القدر عہدوں پہ فائز جج کے اثاثوں پہ زبان نہی کھولی جا سکتی,1
یہ کچھ اور ٹویٹس جن میں مریم صاحبہ عوام کو بتاتی رہیں کہ زرداری عمران بھائی بھائی,0
پیپلزپارٹی شہید بینظیربھٹو کے ساتھ ہی دفن ہوگئی تھی موجودہ پیپلزپارٹی صرف زرداری مافیا ہے,0
بات صرف مراد کے بارے میں نہیں تھی بات اصل میں عمران خان کے بارے میں تھی اور بات تو ہوتی رہے گی کیونکہ جیسا بوو گے ویسا ہی کاتو گے اب بس انجوائے کرو,0
سندھ میں اگر ڈاکٹروں کو وینٹی لیٹر نہیں مل رہا تو عام عوام کا کیا حال ہوتا ہوگا سندھ میں طبی سہولیات باقی چاروں صوبوں کے مقابلے نہ ہونے کے برابر ہیں اس کے پیچھے بھی ایک ہی وجہ ہے کہ بھٹو ابھی زندہ ہے جس دن بھٹو مرگیا شاید پھر عوام جینے لگے گی,1
او کھوتے کے پتر تو کس دنیا میں رہ رہا ہے,1
شہباز شریف کی حکومت ہارس ٹریڈنگ کے ذریعے آئی ہے جس نے کروڑ روپے دے کر لوگوں کو خریدا جنرل باجوہ نے ان کی مدد کی انھیں ہمارے اوپر بٹھانے کے لیے,0
ہیلو قاسم گیلانیبے نظیر کے الفاظ نواز شریف کے لیےجن سے آپ لوگ اتحاد کر کے بیٹھے ہومطلب کچھ بھی,1
کور کمانڈر بلوچستان لیفٹیننٹ جنرل آصف غفور کے لیے پروپیگنڈہ کیا جا رہا ہے بھارتی ایجنٹ اس پروپیگنڈے کو ہوا دے رہے ہیں جس میں کوئی صداقت نہیں فیک آئی ڈی سے قوم کو گمراہ کرنے کی کوشش کر رہے ہیں,0
ہمیشہ کیلئے ذلت کما لی اس گیدڑ نے ایک غدار پوری بہادر فوج کو زلیل اور رسوا کر گیا,1
رانا ثناء اللہ عاسمہ شیرازی ثناء ٹچہ بینش سلیم ماروی میمن بینظیر شاہ ریما عمر غریدہ فاروقی حامد میر مطیع اللہ جان طلعت حسین وغیرہ کی شان میں قصیدے پڑھتے ہوئے حق اور سچ کہ رہا یے,1
ان کی حرامزدگی سے بڑا مسلہ ان کی جہالت نظر آ رہا ہے,1
ایک کریمنل سے متعلق اتنا بڑا اور لمبے عرصے تک کا ٹرینڈ چلنا معمولی بات نہیں لیکن ظاہر ہے کہ بے غیرت ہے حیا والا ہوتا تو کب کا چلو بھر پانی میں ڈوب مرتا,1
امریکہ کی ایک آواز پر لیٹ جانے والے سورما اس معاملے میں نہ ہی بولیں تو ان کے حق میں بہتر ہوگا اب عوام یہ اعزاز باجوہ کو عمران خان سے چھیننے نہیں دے گی,1
میں ٹاٹا اور برلا کو بھی پیچھے چھوڑ دیا تھا انکے بزنس نے,1
اس نے ملک کو تباہ کر دیا ادارے کی عزت تباہ کر دی وردی کی کی عزت بھی تباہ کر دی,1
قوم جاگو آپکے محبوب لیڈر ہر نئے وار کرنے کی تیاری ھے,0
زرداری نجی ہسپتال میں داخل ہیںکیاوجہ ہےارکان سندھ اسمبلی کےٹیسٹ بھی آپ نجی ہسپتال سےکروارہےعوام کےپیارےدنیاسےجائیں توانکی لاش نہیں دیتےرکن اسمبلی کاانتقال ہوتوہزاروں کوجنازےمیں شرکت کی اجازترکن سندھ اسمبلی نصرت سحرعباسی,1
جس کو بڑے روڈ پے ڈالا گیا ہو,0
مادرچود نیب کی گاڑی کے آگے لیٹا کیوں نہیں تو,1
جام پور کے غیور عوام آج گھر نہی بیٹھنا اٹھو اور پولنگ سٹیشن جا کر ووٹ ڈالو ھو ووٹ قیمتی ھے عمران خان کو بتاؤ جام پور جاگ رھا ھے,0
پی ٹی آٸی سوشل میڈیا نے میرا جینا حرام کردیا ہے قاسم علی شاہ اور پنگے لو جنون سے,0
ذلیل ہونا جھوٹوں کا مقدر ہے یدو,1
جب لفافے وقت پر ملتے تھے تو پٹواری اور پالتو ٹوکریوں کے نیچے ٹھنڈی جگہوں پر سویا کرتے تھے,1
تو اور پکوڑے خرید رہا تھا تمہارا کھپتان,0
حرام کا پیسہ حرام کے کاموں ہی میں جاتا ہے کرپشن کے پیسے سے زرداری مجرے ہی کرائے گالوگوں کو عمرے تھوڑے کرائے گا,1
درست کہنے کا مطلب یہ تھا ایک ہی رپورٹ میں احمد مجھ پر اور مبشر زیدی وہی الزام لگے ہیں لیکن باقی دو پر کوئی مزمتی بنان یا ٹویٹ نہیں,0
او پائین ایدے کولوں استعفی منگو قومی فریضہ جے,0
وزیراعلی سندھ کے گھر کے قریب واقع بوبک گاؤں میں آزاد حیثیت الیکشن لڑنے والے امیدوار شاہد پنہیار کو گرفتار کرنے کے لئے پولیس کا گھیراؤ شہیدوں کی جھموریت پسند پارٹی یہ الیکشن اس طرح جیتتے ہیں,0
ایک پروگرام نیوز پردیکھا تھا صاحب کا جس میں انہوں نے بتایا تھا صرف کمانڈ کے چہرے بدلتے ہیں نظام نہیں بدلتا عارف نقوی کی تعیناتی کی مثال لے لیں,0
ہم نے بھگوان داس جیسے دیانتدار جج دیکھے موجودہ ججز خوفزدہ رہتے ہیں خدا کی قسم مجھے ایسے ججوں کی توقع نہیں تھی ہم نے ان ججوں کیلئے سروں پر ڈنڈے کھائے تھانوں کے فرش پر سوئے ہم ہی اب ان ججوں کے خلاف لڑیں گے سئینر قانون دان اعتزاز احسن,1
ایف آئی آریں پی ٹی وی پہ حملہ کیس ہیلی کاپٹر کیس اور سینکڑوں اور کیسز کی بھی سالوں سے موجود ہیں,0
کیا کہنے ویسے خان صاحب یہ زیادتی ہے کہ بیچاری اور کو اے سی دے دیا پر استری نا دی دوبارہ ایسی غلطی نہیں ہونی چاہئے,0
چیتی ہے انھوں نے تو اندر سے کنڈیاں لگا لیں تھیں پتلونیں چیک کرنی چاہیں سامنے سے گیلی ہوں گی,0
بلکہ ہمیشہ جذبات کی رو میں بہنے کے بجائے حقائق کی بنیاد پر لکھتا ہے یا تجزیہ کرتا ہے لیکن آج کل صحافت کا پیشہ کسی حد تک اب غیر جانبدار نہیں رہا ہے,0
بھاڑے کے ٹٹو میر حامد کو اتنا نہیں پتہ کہ اگر عمران خان کا ووٹر سڑکوں پر آ گیا تو منہ چھپانے کی جگہ نہیں ملے گی تم لوگوں کو یہ بریانی اور قیمے والے نان کھانے والا ووٹر نہیں ہماری خاموشی کو کمزوری سمجھنے کی حماقت کوئی نہ کر بیٹھے,1
یہ تصویر میں تمھارے بچے ہیں اسے کرو ان کو دے دو,0
سوچ رہی ہوں کہ بھٹو کی تباہکاریوں پر ایک تھریڈ لکھا جائے,1
لنڈے کا ارسطو جب کرتارپور راہداری کا افتتاح ہوا تو اس سیاسی طوائف نے کہا تھا کرتارپور کا کریڈیٹ عمران خان کا نہیں ہے بلکہ ایف ڈبلیو او کا پرجیکٹ ہے اور اسی کا کریڈیٹ ہے لیکن دو دن پہلے جب گنبد گرا تو کہا کہ یہ عمران خان کا پراجیکٹ ہے جس کا وہ ذمہ دار ہے احسن اقبال سیاسی طوائف,1
امریکی صدر ڈونلڈ ٹرمپ نے نیوز کے اینکر کو کتا کہہ دیا وزیراعظم سے ملاقات میں صحافی امریکہ اور یورپ کی مثالیں دے رہے تھے وزیراعظم عمران خان کو بھی بھونکنے والے اینکرز کو کتا کہہ دینا چاہیے کیونکہ انکو امریکی یورپی سسٹم اچھا لگتا ہے,1
گو نیازی گو گو سلیکٹیڈ گو,0
فراڈیا خود کہتا رھا ھے میں غریب کسان کا بیٹا ھوں مجھے غریب ھونے پر فخر اور تم زبردستی ان کو امیر بتا رھے ھو وہ اپنے کو زیادہ جانتا ھے یا تم واہ پٹوايوں اب ہيش ٹيگ پڑھ,1
لیگی کارکن سودے بازی والے لیڈر کو قبول کرنے کو تیار نہیں زبیر عمر اردو نیوز,0
تجھ سے بڑا خبیث اور گانڈو نہیں دیکھا دلے انسان جھوٹے فریبی لعنتی انسان,1
الو کے پٹھے یہ تیرے کرنے کے کام نہیں ہیں,1
عمران خان ایک مشن کا نام ہے جو بھی اس مشن میں شامل ہو گا اس نام تاریخ میں سنہری حروف سے لکھا جائے گا,0
رو رو کیداہ قدمونا آشنا مرشد تیاری کر رہا ہے قوم انتظار میں ہے,0
پاکستانی اسٹیبلشمنٹ کے منہ پر گیلے جوتے کی طرح لگنے والی تصویر,1
ملک ریاض سے کروڑ پاونڈز کی بر آمدگی حکومت کا تفصیل فراہم کرنے پر ہچکچاہٹ کا مظاہرہ,0
پتا نہیں پوری دنیا کی فوج ایک جیسی کیوں ہے اپنا کام کر نہیں سکتے اور دوسروں کے کام میں دخل اندازی کرتے ہیں یہی سوال پاکستان کی عوام کا ہے,0
یہ دن اور پھر کی شہادت کا دن اور مجرم ایک ہی,0
اللہ پاک کی مدد اور عوام کا ساتھ عمران خان دوبارہ وزیراعظم پاکستان ان شاءاللہ العزیز,0
عمران خان نے اگر فحاشی بارے اپنا بیان واپس نا لیا تو وہ میرے وزیراعظم نہیں آمنہ الیاس خس کم جہاں پاک,1
بادشاہ نے شکار روانگی سے قبل وزیر سے پوچھا کہ موسم کیسا رہے گا وزیر نے کہا حضور بہار ہے اور بارش کا کوئی امکان نہیں بادشاہ کو راستے میں ایک کمہار ملا تو بادشاہ نے اس سے بھی مشورہ چاہا کمہار نے بتایا حضور بارش برسنے والی ہے شکار پر جانے کا فائدہ نہ ہوگا,0
تمہاری بکواس نے سمجھا دیا ھے کے تم کسی گندی نسل کے ھو بتانے کی ضرورت نہیں حرام کی اولاد,0
اس بے غیرت غدار نے اس ملک کو تباہ کر دیا ہے,1
وہ بیغیرت کھڑے ہوں جن کو بیرون ملک مقیم پاکستانیوں کو ووٹ کا حق دیتے یوئے تکلیف ہوتی ہے ہم اربوں میں ریمیٹنسز پاکستان بھیجتے ہیں اور ان کا چور مفرور اشتہاری بگوڑا اربوں کی منی لانڈرنگ کر کے وہ پیسہ دبہی اور لندن لے گیا بیغیرتو حیا کرو,1
تو بھی بچے زبیر بلوچ کے کھانے اڑاتا رھا ھے کنجروں کے ساتھیو نمبر نہ بنایا کرو,1
یہ کرمنل امپورٹڈ سرکار اور اس کے ہینڈلرز کس طرح پاکستان کی جگ ہنسائی کا باعث بن رہے ہیں دیکھیے دنیا جہاں کا میڈیا خان صاحب کیخلاف منفی پروپیگنڈے کی مزمت کر رہا یے,1
اب اس بھیانک آدمی اور پارٹی سے پوچھیں گولی مارنا عوام کا قابل احترام سینٹیمنٹ ہے یہ جاہل سمجھتے ہیں وقت ہمیشہ ایک جیسا رہتا ہے نہ ان میں کوئی شرافت ہے نہ شرم نہ اقدار نہ دل نہ دماغ,0
خاص کر جب بیڈ میڈ ان امیریکہ ہو,0
جمہوریت کا جنازہ زرا دھوم سے نکلے پاکستان کی سیاسی تاریخ میں آصف علی زرداری اور چوہدری شجاعت کو سیاہ ترین سیاسی کرداروں کے طور پر یاد رکھا جائے گا,1
کپتان نے سارے نظام کو پورا الف ننگا کرنے کی قسم کھا رکھی ہے,1
کیا یہ پاکستان کہ شہری نہیں ہیں کیا پاکستان کا قانون ان پر لاگو نہیں ہوتا قوم نہ فیصلہ کر لیا ہے کہ مقدس گاۓ اب مقدس نہیں رہی سوال ہوں گے جواب مانگیں گے,0
اسکے یونیفارم پر سجے میڈلز پر نا جائیں یہ پاکستانیوں کو سامراجی قوتوں کے ہاتھوں اپنی ایکسٹینشن اور بعد از ریٹائرمنٹ میں پر تعش رہایش کے عوز بیچ چکا ہے,0
پی ڈی ایم غریب عوام کو تکلیف پہنچاتی رہی ہے بجلی کی قیمتوں میں ایک اور اضافہ,0
میاں سانپ سال تک شیر آیا شیر آیا کا نعرہ لگا کر عوام کو الو بناتے رہے پھر ایک شکاری آیا تو کھوتا لندن بھاگ گیا,1
بہن چود کسی کی بات سن لیا کرو سن لیا کرو اپنی بکواس کیے چلتے ہو,1
اگر ملک ایک آئین اور دستور ایک ہے تو یہ ایک ملک میں آئین کا دوہرا نظام کیوں ہے نوازشریف نے کارکنوں کو ڈھال نہیں بنایا یہ خود چھپ کے بیٹھا ہے کارکنوں سے گرفتاریاں دلوا رہا گیدڑ لیڈر نہیں ہوسکتا,1
جس گھڑی چور کو توشہ خانہ ڈکیتی کرنے کی پاداش میں پابند سلاسل ہونا چاہیے اس کی خاطر عمران زادے ججوں نے آئین و انصاف کو ہی قید کر دیا ہے,1
پشاور میٹرو بی آر ٹی منصوبہ کرپشن کی نظر ہوگیا پشاور گڈھے کی صورت اختیار کرگیا لیکن مجال ہے کوئی ایکشن لے اور مجال ہے کوئی شہری عدالت جاکر درخواست دے,0
حامد میر جعفرگٹر چیمہگل بخاری جاوید چوہدریشاہزیب حرامزادہ سلیم لفافی یہ تمام قلم فروش صحافی اندر سے اس شکل کے جانور ہیں جنہوں نے اپنےقلم کو بیچا اب یہ بیغیرت گیلانی رحمان ملک اور شہاب الدین پر نہیں بھونکیں گے کیونکہ صرف بغض عمران خان,1
کتا ہے باجوہ کتا یے باجوہ اور چند اور جرنیل غدار ہیں پاکستان کا سودا کر چکے ہیں شہباز اور رانا باندری اور پارٹیز ان کی ساتھی ہیں کوئی بھی سالا اب بچ نہ پائےسب کو ٹھوکیں,1
اگر آپ خود گروپ ایڈمن بنوگی ویڈیو کی چھوٹے چھوٹے ٹوٹے جو آپ کے پاس ہوتے ہیں وہ گروپ میں بھیجو گی تو پھر جوائن کرنے کا سوچ سکتے ہیں,0
دادو اور جامشورو میں سیلاب نے تباہی مچائی ہوئی جبکہ سندھ حکومت کراچی میں وزیراعظم کے حکم پر فوج اور کی پکائی دیگوں پر دھمال ڈال رہی ہے,1
ایک دفعہ بتا دو لفافو کیا چاہتے ہو وہ لفٹ نہیں کراتا اس کی جلن ہے یا کھلاتا نہیں اس کی تکلیف ہے ویسے تمہارا تڑپنا دیکھ کے سکون ملتا ہے خان کے کھلاڑیوں کو,1
اب اور اس کا ترجمان بھنگ پی کر سورہے ہیں,0
پرنالے جتنی پتلی گلی میں لوگ جمع کرکے باجی اچھل رہی تھی یہ لوگ بھی ایک پلیٹ بریانی اور ایک دوسرے کے ساتھ تنگ گلی میں تشریف چھپکانے آتے ہیں رمضان میں فخاشی بند کرو,1
یہ ہاتھ سے بنی ہوئی انتہائی قیمتی پسٹل کہاں ہے جو چیچنیا کے صدر نے نشئی کو دی تھی توشہ خانہ میں تو اس کا رکارڈ تک نہیں,1
پچھلے ایک سال میں ہینڈسم باندر نیازی نے اپوزیشن پر بکواس کرنے کے سوا کچھ نہ کیا پورے ایک سال میں صرف دس بل پیش ھوۓ,0
بالکل ایسا ہی ہے شائد میں نے کہا تھا کہ وہ سن جیسا ایک اور معاہدہ چاہتا تھا اور بات سنیں نیب کے میں کرتوت کی وجہہ سے اب کی مہر لگ گئی ہے اور معاہدہ دائمی قرار دیا جا چکا ہے,0
نالائق نااہل نکموں کا ٹولہ ہے,1
اگر یہی پلستر باہر کے کسی ملک میں ڈاکٹر نے کیا ہوتا تو اس ڈاکٹر نے پلستر نہ کھلوانے پہ مریض پر ہی ہرجانے کا کیس کر دینا تھا سالا ڈرامے باز,1
مختیاریا گل کینیڈا تک پہنچ گی ہے نیوٹرل,0
اور ہمرے سارے سیاست دان محب وطن معاشی حالات کیلیے سیاسی استحکام شرط ہیں مگر کوئ سیاسی پارٹی بھی اپنی انا کو چوڑ کر ملک کا نہیں سوچ رہی نقصان صرف غریب کا ہو رہا ہے,0
جھوٹ کے پاؤں نہیں ہوتے ایک بچے کی عمر ماہ تو دوسرے کی عمر پونے دو ماہ کیسے ہو گئی سائینس کا یہ باریک نقطہ مریم صفدر ہی سمجھا سکتی ہے,1
سر جی کامران خان صاحب معیشت کی بد حالی بارے پروگرام کر رہے ہیں انکے لیے فورا سفید بغیر نمبر پلیٹ کے ڈالا کب بھیج رہے ہیں,1
عائشہ گلالئی کے الزامات سنجیدہ نوعیت کے ہیں اسکی تحقیقات ہونی چاہئیں حامد میر کا دوہرا معیار عائشہ گلالئی کے الزامات کو بڑھا چڑھا کر پیش کرنیوالے اور سنسنی پھیلانے والے اب امریکی صحافی سنتھیا کے پی پی رہنماؤں پر کیا کہہ رہے ہیں دیکھئے,1
بتائیے کیا صحافیوں کو نہیں بولتا تھا کہ اسحاق ڈار نے ملک تباہ کردیااسحاق ڈار کی پالیسیوں کی وجہ سے ملک کھڑانہیں ہو پا رہاتو اب پھر ملک اسکو سونپ کر ملک کا ریپ کروا رہے ہو اور اس بار قصور اسحاق ڈار کا نہیں آپکا ہے,1
ہاں جی پٹواریوں تے جیالوں تمہارے باوجی زرداری بھٹوشاہد خاقان عباسی کسی کو پتہ بھی نہیں تھا کہ پاکستان کی خفیہ ایجنسی کا ہیڈکواٹر کہاں ہے اور ہمارے شہزادے خان کو اسی ہیڈ کواٹر کے دورے کرواے جا رہے,1
نیند تم بے غیرتوں کنجروں کی نہیں خراب ہوئی تھی جب بلاول نے کی ماں مائی شمیم پر تہمت لگائی تھی,1
غلیظہ فاروقی کی منافقت اور مزہب دشمنی ملاحظہ فرمائیں ایک طرف سنت ابراہیمی کے خلاف بکواس کر رہی یے اور دوسری طرف ہوٹل میں گوشت کھاتے ہوئے اپنی تصاویر شئیر کر رہی یے,1
بابا جی کو اٹھا لو ننگا کرو پھر بھی نا مانے تو بابے کو گھر کی عورتوں کے برہنہ کرنے کی دھمکیاں دو اور کر بھی کیا سکتے ہو بیغیرت بیشرم آئین شکنوں,1
ہاہاہا پٹواریو کی اوقات پھر سے دیکھ لیں کبھی ہواؤں میں بریانی کیچ کر رہے ہوتے تو کبھی مار کھا رہے ہوتے ہیں ہاتھ پھیر کر نانی کو عزت دو,1
رنڈی کی بچی تو ریلیز کر دے,1
نئی جناب اصل ٹرینڈ یہ چلانا چاہئے تھا اصل ہیڈ تو باجوہ ہے یہ بندیال شندیال تو بس مہرے ہیں جن کو صرف استعمال کیا جا رہا ہے بندیال نہیں تو کوئی اور جو بھی آئے گا حکم تو بوس کا ہی ماننا پڑے گا,1
عمران خان کی دو سالہ کارکردگی کے بعد پیش خدمت ہے اپوزیشن کی دو سالہ کارکردگی اپوزیشن نے ان دو سالوں میں کون کون سی کامیابیاں حاصل کیں دیکھیں اس وڈیو میں,1
عمران خان نے بلایا جنرل ندیم انجم سے ملا اور کراچی واپس بھیج دیا کوئی کو نئے ڈی جی نے کا چارج نہیں سنبھالا پیرنی کے جن اور جادو ٹونے نے پاکستان آرمی اور اس کے سپاہ سالار پہ فتح حاصل کر لی دوسری طرف چورن جاری ہے کہ نوٹیفیکیشن چند دن میں ہو گا,0
امریکہ سارے کتے اور گینڈے ساتھ لے گئے ہیں یا کوئی رہ گیا ہے,1
حکومت آکشن سے آئی الیکشن سے نہیں اپریل میں انتخابات کروانے پر مجبور ہو جائیگی,0
ہائے اللہ جی شکریہ اپنے خزانے سے ایک نایاب تحفہ ہمارے نام کرنے کے لیے عمران خان ہمارے نام کرنے کے لیے شکر الحمدللہ,0
اخے میری گھڑی تھی او چولا جے تینوں دینڑی ہوندی تے وزیراعظم دے عہدے تو بغیر دیندا فیر تیری ہونڑی سی گھڑی چورا,1
علی وزیر کو قتل کرنے کا منصوبہ بنایا گیا ہے اس ملک کہ ایجنسیوں نے ہم درخواست کرتے ہیں کہ علی کو با حفاظت چھوڑ دیں ملک کو بہت بڑا نقصان ہوجائیگا کسی کی مذموم حرکت سے,0
کو آزاد ہوے آج سال ماہ ہو چکے ہیں لیکن آج تک پاکستان کو حقیقی آزادی نہی ملی یہ بات ہمیں آج تک نہی پتا تھی کہ پاکستان کیوں ترقی نہی کر پا رہا ہے یہ بات بھی عمران خان نے آ کر ہمیں بتائی,0
اس سب کا زمیدار چوکیدار ہے,0
سیاست سے ان کالی بھیڑوں کا کیا تعلق ہے کیا اب بھی کسی کو شک ہے,0
استعفی تو باضمیر دیتے ہیں یہ تو بےضمیر شخص ہے,1
عمران خان نے قومی اسمبلی میں حکومت کے ساتھ نگران حکومت کے قیام کے لیے مشاورت کا حصہ بننے کا عندیہ دیا ہے,0
میرے خیال میں سپریم کورٹ جانے کا مقصد انصاف کا حصول نہیں چہروں سے نقاب اتروانا ہے پوری طرح ننگا کرنا ہے,1
لو جی یہ مختاراں مائی بھی نانی اماں کے واٹس ایپ گروپ کا حصہ ہے وڑ جانی دیو ایک ہی ٹویٹ دو لوگ نا کیا کرو نانی اماں کا واٹس ایپ گروپ بےنقاب کررہے ہو میں نے بےنقاب کردیا اب نانی اماں نے دونوں کو اس ٹویٹ کے پیسے نہیں دینے,1
اگر عظمی بخاری کو رات کے وقت تھانے میں رکھا جائے تو وہ صبح کلبھوشن کیساتھ ہونے کا اقرار کر لے گی فواد چوہدری عظمی بخاری کی نوازشریف والی یعنی کتوں سے بدتر کرتے ہوئے,1
عاصم منیر کی شکل دیکھنے والی ہے ایسا لگتا ہے صدیوں سے پھٹکار پڑی ہوئی ہے,1
پٹواری قوم اب نہی بولے گی دو یزار مین بیک چکے ھے یہ بغیرت پٹواری,1
عام چاہے سپاہی ہے چاہے سول ہے اس کے نصیب میں تڑپنا ہی لکھا ہے,0
ایک ترقی یافتہ ملک کو اس امپورٹڈ حکومت نے تباہی کے دہانے پر پہنچا دیا معیشت تباہ,0
مایوس نہ ہوں ہم وہ قوم ہیں جس نے انگریزوں کو گھر بھیجا مشرف جیسے جبار کو گھر بھیجا تو ایک پراپرٹی ڈیلر کو بیلجیم بھیجنا کیا مشکل کام ہے,0
نانی نے کنجروں کا ٹولہ اکھٹا کر کے رنڈی رونا لگایا ہوا ہے پاکستان کے خلاف غداری پر اکسایا جارہا ہے آخر کب تک ان کی بکواس اور چلتی رہے گی,1
کو قبر میں بھی چین نہیں ملے گا اب ایک ھی جگہ بچی ھے اور وہ ھے جہنم جس نے کو برباد کر کے اس نہج پر پہنچایا ھے عوام اس کتے کو درگور ھی کر کے چھوڑے گی کہیں بھی چلا جائے دنیا میں منہ دکھانے کے قابل نہیں رھا یہ سور کا بچہ,1
میرے قائد موترم میاں فراڈ شریف کے دو محافظ اور مریم ببل بٹ کے ببر شیر بلنٹ گجر اور عبداللہ گجر آج کے ہتھے چڑھ گئے چھتروں کی بارش سے یہ پٹواری کتورے اپنی کھال اتار کر اپنی دم اپنی بونڈ میں گھسا کر شلواریں چھوڑ کر بھاگ گئے زرا بچ کے پٹواریو,1
بلکل ٹھیک بات ہے یہ وہ چھپے ڈاکو ہیں پاکستان کے جو پاکستان کو کھا رہے ہیں لیکن اب یہ ڈاکو بینقاب ہو رہے ہیں,0
مولانا صاحب بینطیر بھٹو بارے آپکی رائے تھی کہ عورت کی حکمرانی ناجائز ہے کیا مریم صفدر اور آصفہ بھٹو کے بارے بھی یہی رائے یے مالانا,0
بہت خوب اب آپ ایک اچھا کام یہ کر سکتے ہیں کہ یہ چیز ہمارے حرام خوروں تک ضرور پہنچا دیں خاصکر غدار جرنیلوں تک جنہوں نے پاکستان کی بوٹیاں نوچنے کے بعد ہڈیاں تک بھنبھوڑ ڈالی ہیں اور انہیں اب بھی چین نہیں ہے کہ اس لٹی پھٹی قوم کو کوئی اچھی نوید ہی دے پائیں,1
تحریک انصاف کے نشستوں پر خود عمران خان خود الیکشن لڑیں گے ایسا بہادری والا فیصلہ صرف عمران خان ہی کر سکتا ہے,0
اب فیٹ ایف بھی دیکھ رہی ہے دیکھیں کیا رد عمل آتا ہے دوسری طرف چین میں سرکاری چینل پہ فلم چلتی ہے جس میں حضرت محمد صلی الله علیه و آلهی وسلم کی تصویر دکھائی جاتی ہے پر ملے نہیں نکلتے,0
مودی کتے مار جا تیری ماں نو,1
بھارتی ایجنسی کے ڈائریکٹر کی مودی کے مشیر کے طور پر تعیناتی پر کسی کو اعتراض نہیں ہوا وہاں غداروں کے سر کچل دیے جاتے ہیں جبکہ پاکستان میں لفافیوں کی حفاظت بھی پاک فوج کرتی ہے کیونکہ اگر انکو کوئی محب وطن پھڑکا دےگا تو الزام پاک فوج پر لگےگا ایک پیٹ میں گولی لیے گھوم رہا ہے,1
خلائی کھوتے نے بھی شکست تسلیم کر لی,1
پالیسی صرف فوج کی ہے باقی ہر پارٹی میں ہر شعبہ زندگی میں ان کے پالشیے موجود ہوتے ہیں جو اقتدا یا مراعات کی امیدیں باندھے بوٹ پالش کرتے کرتے انسانیت سے ہاتھ دھو بیٹھتے ہیں,0
اب وقت آ گیا ہے کہ ان حرامی جرنیلوں کے نام لئے جائیں انہوں نے حد کراس کر دی ہے یہ کام رانا ثناء کا نہیں بلکہ ان حرامی جرنیلوں کا ہے,1
لنگڑ زانی چور نے رانا ثنا کی تمام باتوں پہ عمل کیا لیکن کاٹن اپنی بواسیری گاف میں پھسا لی,1
قوم کا مشترکہ مطالبہ ہے کہ اور خود کو مجاسبہ کے لئے پیش کرو ساتھ ہی ریاست اتنی طاقتور ہو کہ اس غدار کا محاسبہ کر سکے,1
حنا بٹ صاحبہ ایک مفت مشورہ ہے آپ مریم صفدر میں ارطغل کی خوبیاں ڈھونڈنے کے بجائے مریم صفدر کے منی ٹریل اور رسیدیں ڈھونڈیں مریم صفدر میں آپ کو شیطان کی مکاریاں ملیں گی ارطغل کی خوبیاں نہیں,1
انجمن طلبہ اسلام کے ویں یوم تشکیل پر پرنٹ میڈیا کی کوریج جشن تشکیل انجمن مبارک,0
میر جعفر اور پھر میر صادق نے بھی سوچا تھا کہ لوگ ہماری غداری کو بھول جائیں گے لیکن دیکھ لیں کہ وہ سال بعد آج بھی غداری کے سب سے بڑے استعارے ہیں تو جنرل یحیی ملک توڑنے والا تھا اور تم غیروں کے اشارے پر ملک کو تباہ کرنے والے,0
جس دن سامراجی رجیم چینج سازش کے زریعے امپورٹڈ حکومت آئی قومی خزانے میں ارب ڈالر تھے اور محض پانچ دن میں ارب ڈالر رہ گئے مطلب روز کا ایک ارب ڈالر خرچ ہوا پاکستانیو پہلے ایک مقصود چپڑاسی تھا اب کئی مقصود چپڑاسی پیدا ہوں گے کیونکہ سب چور اکٹھے ہیں,1
سابق وزیراعظم نے کہا فوج کورونا میں فوج نے ہمیں بہتر لوجسٹک سپورٹ دی پولیو اور ٹڈی دل میں بھی فوج نے بڑی مدد کی لیکن این آر او دے کر جنرل باجوہ نے بڑا نقصان پہنچایا جنرل باجوہ نے پہلے احتساب روکا اور پھر این آر او ٹو دیا,0
نیا پاکستان کے تصور سے بہت دور اس حکومت کا وجود ایک بیماری ھے اسکے اندر موجود جراثیم ایک ایسا مرض ھے جو اس ملک کی تاریخ میں ریاست کو کم و بیش ہی لاحق ھوا یہ حکومت ان مقتدر قوتوں کی آلہ کار اور سیاسی چہرہ ھے جو پس پردہ رہ کر امور ریاست چلانا چاھتے ہیں,0
ن لیگی حرامخور بالکل اپنے بھگوڑے لیڈر کی طرح ہیں پنگے لینے سے باز نہیں آتے اور چھترول ہوتے ہی دوڑ لگا دیتے ہیں اوئے کنجرو باز آجاؤ,1
کونسی موسیقی حرام ہے مولانا رومی نے فرمایا امیروں کے برتنوں میں گونجتی چمچوں کی آواز جو بھوکے غریب کے کانوں میں پڑے,1
یہ سنیں اور فیصلہ کریں کہ یہودی ایجنٹ کون ہیں,1
جیسے کتوں پر قوم لعنت بھیجتی ھے تم بھیجتے ھو,1
اب فوج کی ہتک کا بل پاس نہیں ہو گا ہاسے کا سامنا تھا سو بھاگ گئے ٹویٹ سنبھال لیں,0
پاکستان آرمی کی جیگ برانچ میں شہباز گل کے ملٹری ٹرائل پر غور شروع,0
مسٹر اور مسٹر کون ہیں پاکستان کی ملیٹری اسٹیبلشمنٹ کس طریقے سے سیاسی حکومتوں کے تختے الٹاتی ہیں سنیے ارشد شریف کی زبانی,1
فوجی بننا چاہتا ہوں پراپرٹی ڈیلر نہیں,0
کتنے سیدھے منہ سے جھوٹ بول رہا ہے لانتی تنظیم ساز,1
ماں اگر زندہ ہو تو وہ آفات سے بچاتی ہے اور مرنے کے بعد بھی اللہ سے اپنی اولاد کی خیر مانگتی ہے,0
وزیر خزانہ پہ آیا ہوا ہے باقی پٹرول پمپ پہ جانا آپکا کام ہے ہماراکام صرف آپکوانفارم کرناھے پٹرولڈیزل,1
دیسی کپی والا بابا کہتے کہتے رک گیا کہ خان صاحب نے پاکستانی اسٹیبلشمنٹ اور کرپٹ عوام کش نظام حکومت کو برہنہ کر کے رکھ دیا ہے,1
کھوتے تمہارے فالورز اور گھنٹوں میں لاٸکس اور چھترول دفعہ ھوٸی ھے لعنت قبول کرو,1
میں نہیں تو کون بے ہے کون ادھر میں نہیں تو کون مانا کہ سیاستدان والی وائب نہیں ہے لیکن یہ نہیں کہ ورسٹائل نہیں ہے,0
نیوٹرل تیرے کردار پے توووو امریکی غلام,1
سینتھیا کو میں یہ بات بتانا چاہتی ہوں کہ گاجروگرافی وہ کرتے ہیں جن کو کوئی بوائے فرینڈ نہیں ملتا کے مرد و زن اس معاملے میں خودکفیل ہے حتی کہ چیئرمین صاحب کے پاس بھی ڈیوڈ ہے,1
ن لیگ کے حقیقی سپورٹر ختم ہوگےہیں اب صرف وہی بیغیرت باقی ہے جنکی یہ خواہش ہے کہ کب باوجی پاکستان آئیں اور انکی امی سے شادی کریں سب سے بڑا امیدوار طاہر مغل ہے نواز شریف طاہر مغل کے ماں کا مجرہ دیکھنے کے بعد فیصلہ کرینگے,1
اگر پاکستان اسی طرح فوجی اور سویلین غداروں کے ہاتھوں میں رہا تو زیادہ دیر قائم نہیں رہ سکے گا,1
یہ وہ بھوسڑی کا ہے جسے کرونا ڈائیگنوز ہونے کے گھنٹے کے اندر ختم بھی ہو گیا بھوسڑی کا کھارا در کا ٹارزن,1
جی بالکل ویسی ہی پرواز کی بات کر رہی تھی,0
فضل الرحمن کا باپ کچے مکان میں رہتا تھاجبکہ فضل الرحمن عوام کا پیسہ کھا کر ارب پٹی بنا ہےفضل الرحمن کے والد کو میں نےاسمبلی سے گھسیٹ کرباہر نکالا تآج فضل الرحمن اسکا بیٹا کے ساتھ بیٹھا ہےکشمیری فضل الرحمن سےنفرت کرتے ہیں علی امین گنڈاپور,1
جب تک سر عام اسلامی قانون کےمطابق قصاص نہیں ہوگا ہماری یہ بچیاں اسی طرح ماری جاتی رہیںگی کیا ہمارا کام صرف ان وہشی قاتلوں کی گرفتاری رہ گیا ہے گرفتار کر کے اچار ڈالنا ہے ہوگیا گرفتار مردان کی ماھم کا قاتل اب کرلو اپنے عدالتی نظام کا ماتم,1
اگر دل کو مار کے حالات سے سمجھوتہ کر لینا خوشی کا نام ہے تو ہاں میں بہت خوش ہوں,0
چلو فیر جاتی امرا کی وزیراعظم مریم صفدر اعوان اور گڑھی خدا بخش کا بلا وجہ بھٹو یعنی بلاول بھٹو باقی کروڑ کا تو وزیراعظم عمران خان چلو اب خوش,0
اب تو قوم کے بچے بچے کی زبان پر یہی دعا ہے کہ عمران خان تم جیتو گے اور تمہاری جیت پورے پاکستان کی جیت ہوگی کرپشن کے خلاف,0
بے غیرت بے شرم بے حس خدا کی لاٹھی ان بے حس لوگوں پہ چلنے والی ہے عنقریب انشاء اللہ تب انکی پبھتیاں انھی پہ الٹ جائیں گی,1
خدا کسی کو نہ دے جیسی ہے تیری اولاد تو صرف تجھ پے نہیں پورے خاندان پے تھو وطن فروش ترے آخری بیان پے تھو,1
میں اسلام آباد ایئرپورٹ کاتخمینہ ارب روپے لگایا گیاپھر مریم صفدرکی بیٹی مہرانساء کی شادی چوہدری منیر کے بیٹے سے ہوئی تو جہیز میں ایئرپورٹ کا پروجیکٹ دے گیا جو ارب روپے میں مکمل ہوا مگر یہ کل رات کچھ دیر کی بارش اور تیز ہوا نہ سہ سکا,1
زرا نم ہو تو یہ مٹی بڑی زرخیز ہے ساقی,0
اس قدر سفاکی اس قدر سنگ دلی اس قدر بےحسی کیا یہ انسانیت ہے کی ہوس میں لاشیں بھی بیچ رہی ہوں ریاست بھی بیچ رہی ہو دین بھی بیچ رہی ہو,0
ہمیشہ کرپٹ ججوںجرنیلوں سیاستدانوںصحافیوں اور بیوروکریٹس کےبچےہی کیوں پیدائشی طورپر خودکفیل ہوتےہیں ایسےمعجزات کسی غریب کےبچے کیساتھ کیوں رونما نہیں ہوئےآج تک اگر ججز نےگاجریں نہیں کھائیں تو اسطرح پیٹ میں مروڑ کیوں اٹھ رہےہیں,1
اگر صبر شاپر سے ترے نکلنے لگیں تو کی ہی چاہئیے,0
باجی یہ گفٹ نہیں ڈونیشن ھے خیر آپکی جماعت تو ھمیشہ سے ڈونیشنز کو گفٹ سمجھ کر ھاتھ صاف کرتی آئ ھے اب یہ گفٹس کچھ دن بعد دکانوں پر سجے نظر آئیں گے,1
چند دن پہلے سہیل احمد صاحب کے نام سے بنائے ٹویٹر اکاؤنٹ سے ایک ٹویٹ کی گئی کہ والدہ کو کینسر تھا نوازشریف نے مدد کی اس اکاؤنٹ کی حقیقت بتاتے ہوئے سہیل احمد نے تین مرتبہ لعنت بھیج کر نوازشریف کو سرخرو کر دیا,1
ایک عرصے بعد یہ سب تیرا کرم ھے آقا کہ بات اب تک بنی ھوئی ھے,1
نیمل خسرے کی اولاد تجھے تو رواوی میں ڈوب کر مرجانا چاہئے تیرا لیڈر اٹک میں سڑ رہا یے اور تو عیاشیوں میں مصروف ھے,1
جو کہتے تھےخان سلیکٹڈ ہے وہ سب سامنے آجائیں کیونکہ ھمارا قائد جناب عمران خان صاحب تن تنہا سیٹوں پرالیکشن لڑےگا پیپلزپارٹی ن لیگ ایم کیو ایم دوسری ساری جماعتوں کی لیڈرشپ اور رجیم چینج کے سارےسہولت کارایک ایک سیٹ پرخان کے مقابلےمیں آئیں,0
کی تاریخ میں کسی لیڈر نے اتنی جامع دل میں اترنے والی اور اتنی شاندار باتیں نہیں کیاس نے پہلے بتایا مسائل کیا ہے پھر مدینہ کی ریاست کا ماڈل سمجھایا پھر مسائل کا حل بتایا اور روڑ میپ دیا لیکن اس کو کام نہی کرنے دیا گیا,0
اسد عمر سے پیشگی معذرت انہوں نے کہا کہ بلاول بچہ ہے اسلیے اسکو سیریس نہیں لیتا میرا خیال ہے ان گلگتی بابا جی نے بلاول کی صحیح تعریف کی ہے,1
تم کتنے پرچے کاٹو گے ہر گھر سے عمران خان نکلے گا مفتاح کے بعد مظاہرین کا مریم اورنگزیب کا فقیدالمثال استقبال چور چور کے فلک شگاف نعرے,0
تعریف وہ جو مخالف بھی کرنے پر مجبور ہو,0
میر جعفر کو قوم کبھی نہیں بھولے گی ارشد شریف کا قاتل,0
قدرت کا کھیل دیکھیئے کی دہائی میں ن لیگ نے ایک نعرہ بنایا تھا نس پی پی بھج پی پی شیر آیا شیر آیا اور آج پی پی اور جماعتوں سمیت خود نس بھج رہے ہیں,0
لو غدار کو اس کی غداری کا تغمہ مل رھا ھے اس حرام خور نے امریکہ اسرئیل اور انڈین کے ہاتھوں پاکستان کو بیچ دیا ھے,1
بچے بچے کو پتا ہے وزیراعظم صرف عمران خان ہے,0
ابھی نہیں جب کشمیر آزاد ہو جائے گا تب بتائیے گا,0
مرشد پاک نے ایک سیشن جج کے بارے کچھ کہا تو پوری دنیا ہل گئی کل مریم قطری استری نے سپریم کورٹ کے جج کے خلاف گند اگلا لیکن قانون خاموش ہے تف ایسے لوگوں اور قانون پر,1
گالی میڈم نے پہلے دی تھی اور فیکچول بات بھی یہی ہے جاوید چوہدری,0
بلوچستان کے دارالحکومت کوئٹہ میں بروری روڈ کے علاقے سے تعلق رکھنے والی سالہ خاتون امام بی بی کا جنھیں پیر کے روز کوئٹہ ریلوے سٹیشن کے سامنے کئی گھنٹے انتظار کے باوجود سرکاری ریٹ پر ملنے والا آٹے کا تھیلا نہیں مل سکا,0
منافق ے اعظم صرف عمران خان ھی نسلی اور اصلی ھے,0
اطلاعات کے مطابق کی منجی ٹھکنے والی ہے عمران نیازی کے خلاف ثبوتوں کا ملبہ نیوٹرلز کے ہاتھ لگ گیا اب آٸےگا مزہ,1
ان شہیدوں کے لہو کا سودا کر لیا ہے باجوہ اور اس کے حعاریوں نے,1
ہم چار بھائی مل کر ایک روٹی کھائیں اور آپ دو بھائی مل کر پورا ملک کھا جاؤ کون لاتا ہے بار بار ان لعنتی بھائیوں کو دو,1
پہلی بار شرم محسوس ہورہی ہے سپہ سالار پر ڈرپوک یا غدار,1
ملک کا وزیر آعظم چیری بلاسم کی ڈبیا لے کر بھاگ گیا ہے کہ کسی اور کو میسر نہ ہو جس کو ملے ان کو کے مقامی دفتر میں جمع کرا کر ڈبیا واپس کرا دے,1
پہلے مدت ملازمت میں توسیع کیوں کی تھی اس وقت تو ناچ ناچ کے فرش توڑ دیے تھے باجوہ تو اس وقت ولی اللہ بنا دیا تھ اب پوچھو اوریا مقبول جان سے کیوں من گھرٹ جھوٹے خواب سنا تا رہا تو اب باجوہ کیسے برا ہو گیا,1
اردو ترجمہ کروا دو پٹواریوں نے مٹھای کھا لینی ہے کہ دیکھا خان کی بیعزتی ہو رہی ہے وہ بھی انگلش میں,1
مریم نواز کے خلاف مزحکہ خیز نیب اپیل اختیارات فائنینشل کرائم ز کے ہیں کیس منی لانڈرنگ کا لیکن بیل کینسل کرانے چل پڑے ہیں قومی اداروں پہ حملوں کی وجہ سے ساری عوام کو گدھا سمجھ رکھا ہے,0
جب تک باجوہ کتے کو سیاست کے کنویں سے نہیں نکالیں گے کنواں پاک نہیں ہو گا لگے ہاتھوں ڈیزل زرداری اور نوروں کو بھی نکال باہر کریں,1
غیر سیاسی شخصیت بشری بی بی کا رہبر کمیٹی میں مذاق اڑانا حلال جب کہ ملک کو لوٹ کر ہمارے اوپر آصف زرداری مسلط لرنے والی بینظیر بھٹو پر تنقید کرنا حرام اس میں جاہل جیالے کو بھی دیکھا جاسکتا ہے,1
گنجے شیطان کو ایک سڑے شیطان نے جوائن کرلیا ہے جو عربی بھی بولتا ہے مگر سڑا شیطان دجال کو سجدہ کرکے اسکے پیروکاروں میں شامل ہوگیا ہے,1
نے میری نوجوان نسل کو یہ سبق سکھایا ھے کہ جاؤ دنگے فساد کرو پاکستان میں عمران نیازی سے پوچھیں یہ کس فارن ممالک کے ایجنڈے پر کام کر رہا ھے,1
اتنی خبیث بے درد اور جھوٹی حکومت کبھی نہیں دیکھی ایک طرف غریبوں کے گھر ڈھا رہی ہے وبا کے دوران تو دوسری طرف مگر مچھ کے آنسو بہا کر وڈیوز لیک کر رہی ہے اللہ ان کو اور ان کے لانے والوں کو غارت کرے,0
بھائی بہنو صرف لائک نا کرو لائک تو ہمیں ھمارے اپنے بھی کرتے ہیں ساتھ ساتھ ریتویت بھی کریں شکریہ,0
اصل خنزیر ھے جب تک اس غدار کی کرتوت پر آپ پردہ ڈالے رہینگے یہ امریکی ڈالر پر بکنے والے باز نہیں آئینگے تمام سازشی کرداروں کو کھل کر ننگا کرنا ضروری ھے,1
عمران نیازی نے گراف اور بلگری کے قیمتی ترین تحائف انتہائی سستے داموں کر غبن کیے,1
اینوں کوئی دسے اپنی ریسرچ دی بتی بنا کہ لے لوے,0
آڈیو چھوڑیں خان کی ویڈیوز یہ کنجر اپنی باجیوں کے ساتھ ریلیز کر دیں تب بھی خان ان سب سے زیادہ قابل اعتماد ہے,1
گشتی خانے بھیجنا چاہیے,1
عاصم سلیم باجوہ نام تو سنا ہوگا حضرات پاکستان کے اپوزیشن لبٹارڈز اور خاص کر کے مضافات میں رونے پٹنے کا وقت ہوا چاہتا ہے,1
حاضرین جس چور کو نون لیگی پکڑ کے عطا تارڑ کے پاس لے کر جا رہے تھے وہ نون لیگی عادل چٹھہ ہے اس وڈیو بنانے کی ہدایت کیلیبری قطری نانی نے دی تھی,1
خان صاحب یہ نیوٹرلز کو معاف بے شک کر دیں مگر فقط اپنی زات تکلیکن اس ملک میں رجیم چینج کر کے جنہوں نے اس ملک کے ساتھ غداری کی اور ارشد شہید جیسے نڈر اور دلیر صحافی کو قتل کیاایک سابقہ پرائمنسٹر کو جان سے مارنے کی کوشش کی انکو ضرور کیفر کردار تک پہنچانا,0
پٹواری بابرافتخار بلی کودیکھکرکبوترکیطرح آنکھیں بندکرنےسےبلی غائب نہیں ھوجایاکرتی لوگوں کوبلاک کرنےکی بجائے انکوپڑھو انکوسنو انسےباتیں کرو کچھ سخت وہ ضرورکہینگے وہ بھی سنو اسی میں تمہاری بہتری ہے اورسب سےبڑھکر ملک وقوم بلکہ امت مسلمہ کی بہتری ہے,1
دو دن کے اندر اندر ہی حامد میر اپنی صحافت کو کسی سیاسی جماعت کا انتقام بناتے ہوے کیا ہوا تیرا وعدہ وہ قسم وہ ارادہ,0
اسلامی جمہوریہ پاکستان کے صادق اور امین وزیراعظم عمران احمد خان نیازی کوئی سڑ گیا دیکھ کر تو کسی نے سبحان اللہ کہا,1
نواز شریف کا قصور یہ تھا کہ پاکستان میں سی پیک لے کر آیا شہباز شریف,0
ایک مفرور اشتہاری بگوڑے نے پہلے حکومت کیخلاف سازشیں کی اور اب وہی عدالت کو مطلوب وزراء میں محکمے تقسیم کر رہا ہے پاکستان سے اتنی دشمنی کیوں,1
منجی تھلے ڈانگ پھیرو شائد وزیر آعظم بھی نکل آئے بعقی کوڑے کرکٹ سمیت,0
سندھ کا انیل کپور کہ رہا یے کہ سندھ جیسی ترقی پورے پاکستان میں لانی ہے یہ لاڑکانہ کے ہسپتالوں کی دوائیاں ہیں جو بلاول بھٹو اور فریال تالپور کے فرنٹ مینوں کی نگرانی میں بازاروں میں بلیک میں بک رہی ہیں,1
چل اس میں نون لیگ کے جلسہ میں اتنا بندہ اب کیا ہو گا کالیا,0
اسحاق ڈار خود کی ذلیل کروانے ہارڈ ٹاک میں چلا گیا مریم صفدر نے اسرائیلی ٹی وی کا کلپ اپلوڈ کر دیا خاقان عباسی کامران خان شو میں چلا گیا ہر جگہ ذلیل رسوا ہونے خود پہنچ جاتے ہیں,1
شریں مزاری کے لیے اچھا ہے کہ خود استعفی دے دے تحریک انصاف کے کارکنان بلکل اسکو بطور وزیر نہیں دیکھنا چاہتے یہ کھٹا گوشت حکومت پر بھاری ہے,1
ماڈل ٹاؤن کے قاتلوں بدمعاشوں اور دھشت گرداوں کو سزا دینے کی بجائے اقتدار دے کر سارے ملک میں فساد ڈلوا دیا اس گھٹیا باجوے نے بد ترین غدار ہے یہ ملک و قوم کا,1
ن لیگ نے پاکستان میں ایسی بے غیرت نسل تیار کی ہے جسے کرپشن چوری ڈاکہ کوئی جرم ہی نہیں لگتا اور تم نے باجوہ تم نے انہیں ہمارے سروں پر مسلط کردیا اللہ تجھے تیری ال اولاد کو بیکاری بنائیے امین ثمہ آمین یارب العالمین,1
واہ چشم فلک کیا کیا منظر دکھا رہا پاکستانیوں کو ضیا کی سیاسی اولاد بھٹو کی پاڑتی کے نعرے لگا رہی,1
سپریم کورٹ اور ہائی کورٹس میں جتنے عمرانڈو ججز بیٹھے ہیں انکو کان سے پکڑ کر باہر نکال دینا چاہے تا کہ انصاف بحال ھو سکے,1
ملک کا ہر نوجوان ملک کے بہتر اور لٹیروں سے پاک مستقبل کے لئے کپتان کے ساتھ ہے اور انشاءاللہ بہت جلد تحریک انصاف اس مقصد میں کامیاب ہو گئ اور پی ڈی ایم کے ٹولے کو عبرت ناک شکست ہوگی انشاءاللہ,0
پٹوارنوں نے شہباز شریف کے آنے پر ناچ ناچ گھنگھرو توڑ دئے شہباز شریف کہہ رہا ہے میں تو کینسر کا مریض ہوں ڈاکٹرز نےسخت تاکید کی ہےکورونا کی صورتحال میں گھر سے باہر نا نکلیں میں تو پہلے ہی کہتی تھی یہ لندن سے کورونا کےخوف سے بھاگ کر آیا ہےجاہل پٹواری اسکے نام کے نعرے ماررہے تھے,1
ہم سب کے ساتھ یہی ہو رہا ہے,0
احمد نورانی والے لیک میں وڈیو بھی تو ایک جج نے ہی ٹیپ کی نا اور لیک کر دی,0
ساری دنیا میں آگیا ہے ہم ابھی تک باجوہ اور فوج کی خوشامد سے ہی نہیں نکلے,1
نیازی کے حواریوں کی مائیں بھی چیخ پڑی ہیں کہ خود ضمانتیں دوسروں کیلئے جیلیں خود کیلئے لعنتیں دوسروں کیلئے ذلالتیں,1
ڈی ایچ اے لاہوربرطانیہبیلجئیم باجوے اس اپنی کرپشن کی جائداد کا حساب دو یہودی امریکی را ایجنٹ آیئن شکن غدار حساب دو غدار بھکاری پٹواری غدار نامنظور امپورٹڈحکومتنامنظور,1
یہ ھیں حمزہ شہباز یہ نیب کے ملزم ھیں انکی اکڑ اورغرور انکی ادا سے جھلکتا ھے پولیس کو انہوں نے اتنا کرپٹ کردیا تھا اسکی ایک جھلک دیکھیں کہ پنجاب پولیس کے جوانوں کا بس نہی چل رھا کہ اسکے نیچے لیٹ جاییں کیا پنجاب پولیس تمام ملزموں سے ایسا سلوک کرتی ھے,1
کیا سندھ کا انیل کپور واقعی اتنا لاعلم یے,0
اگر کبھی مطمئن بیغیرت کی شکل دیکھنی ہو تو یہ دیکھیں یہ وہی ہے جو افغان سفیر کی بیٹی کے مبینہ اغواء پر پاکستان کو مورد الزام ٹھہرا رہا تھا بعد میں پتہ چلا کہ وہ افغان بستی میں افغان لڑکوں سے ملنے گئ تھی امریکہ نے اسکی پینٹ بالکل ٹھیک اتاری تھی یہ یے ہی اسی لائق,1
عمران خان حکومت کی بنیادیں ہلاتا ہوا پیپل پارٹی کا لاکھوں کا مجمع گدھا گاڑی پر بیٹھی شرمیلا فاروقی کی قیادت میں عمران خان میرے مرشد تجھے سو فرشی سلام,1
بزرگو داڑھی منڈوا دومنافق تو تم ہو کم سے کم لوگ تمہاری داڑھی سے تو دھوکا نہ کھائیں,0
جب عمران خان بولتا ہے تو پھر سنے والا نیلسن منڈیلا ہی کیوں نہ ہو رشک بھری نگاہوں سے دیکھتا ہے عمران خان جیسا لیڈر صدیوں بعد پیدا ہوتا ہے اسلام کا دفاع کرتا ہے بہادر ہے ڈرتا نہیں ہے لڑتا ہے الله پاک کپتان کو کامیابی عطا کریں آمین,1
بیشرم ضمیر فروش عزت نفس سے عاری نون عالم نے میریٹ اسلام آباد میں ایک بزرگ شہری پر تشدد کیا اب ان بدمعاشوں نے گلے میں پٹہ ڈالنے والا کوئی نہیں,1
عالمی منڈی میں پیٹرول کی قیمتیں خان کے دور کے مقابلے میں کم لیکن کے تجربہ کاروں نے صرف کم کر کے آسمان سر پہ اٹھا رکھا ہے چھ بھیانک خبریں سن لیں ان چوروں اور ان کو لانے والے کو اللہ غارت کرے آمین,0
دھونس گالی غنڈہ گردی اور بدکلامی کلچر کو سیاست میں فروغ دینے والی ن لیگ کا یہ پرانا وطیرہ ہے دن رات شریف خاندان کی کرپشن کادفاع کرنے والے جیسے آج قومی ایشو پر بھی گلو کریسی کرنے سے باز نہ آئے,1
اسٹیبلشمنٹ کے کتے ایک فریم میں,1
جرنیلو آئین شکنوں یہ یاد رکھو کہ ہم ڈریں گے نہیں ڈٹ کر مقابلہ کریں گے,1
بندہ لائے جوتی تے رکھ لے تھلے اس نانی کو,1
مریم صفدر یاگرگٹ کی طرح رنگ بدلتی مافیاسیاستدان جیلبھروزندانبھرو,1
فضل الرحمان ہمیشہ سے نمبر آدمی تھا وزیر اعظم نے اسمبلی میں تاریخی چھترول کر دی آج بھی فضلو تتے توے پر بیٹھے گا,1
نو سو لوڑے کھا کے حریم سعودیہ چلی گشتی پاؤں اور تھوک چاٹنے والی,1
جاتی امرا کا صدقہ اور زکواۃ لینے کچھ غرباء,1
یئ لک کے کسنے دیا ہے,0
امریکی جوتے تو باجوہ نے پہن رکھے ھے باجوہ اور فوج نکالو اس دن ملک تھیک ھو جائے گاچوروں کا ساتھی چور ہی ھوتا ھے دو,1
مجھے یہ سمجھ نہی آ رھی کہ کتے سور کی لڑائ میں انصافی وزیر کیوں انوالو ھوئے پڑے ھیں اور تمام لفافہ اینکرز ایلفی لگا کر نیپال یاترہ پر مراقبہ کر رھے ھیں جب خان پر کتے بھونکتے ھیں یا انصافی ارطغرل کو یہ کتے بولتے ھیں تو یہی منسٹرز مری کی گھپاؤں میں چھپ جاتے ھیں,1
سلیم لفافی کی کتے والے ہو گئی جب آئی ایس آئی کے میجر ر محمد عامر سے پوچھا کہ ہمیں چند مثالیں دے سکتے ہیں آئی ایس آئی کیا ہے اور میجر صاحب کا جواب جاننے کیلئے ویڈیو دیکھیں,1
کیلئے تو ہر کوئی چیختا چلاتا نظر آتا ہے آخر میرا کیا قصور ہے کہ یوں سرعام میرے تقدس کو پامال کیا جاتا ہے اور کسی کو میری حرمت کا خیال تک نہیں آتا میرے تقدس کو بحال کرنے کے لئے کوئی بھی جلوس نہیں نکالتا حکومت پاکستان سے بھرپور مطالبہ,0
آزادی کی روح عوام میں پیدا کرنے ولا مرد قلندر مرد اسلام میرا کپتان ہمیں فخر ہے کہ آپ ہمارے لیڈر ہیں,0
ان خواتین کو خان صاحب کے فحاشی کے خلاف بیان پر مروڑ اٹھ رہے ہیں,1
کی میرے قتل کے بعد اس نے جفا سے توبہ,0
پاکستان کی خاطر عمران خان کا ساتھ دو,0
جو عہدہ اس کو دیا ہے یہ بندہ اس عہدہ کے وقار تک کا خیال نہیں رکھتا گھٹیا ترین شخص چنا باجوہ نے,1
تو ادھر ادھر کی نہ بات کر یہ بتا کہ قافلہ کیوں لٹا مجھے رہزنوں سے گلا نہیں تری رہبری کا سوال ہے,0
ایک اور کرائے کا احتجاج یہ بھی وارث بھائی کی کارستانی ہے,1
جی ہاں آپ تو سپریم کورٹ کی جج ہیں زرا اپنے گریبان میں بھی جھانک لیں ساری زندگی جس زرداری کو چور کہتے رہے اب اس کی گود میں بیٹھ کر دوسروں پر فتوے جاری کر رہی ہیں کیا شرمناک کردار ہیں ھماری سیاست میں,1
یہ باپ اور چچا مہان بےغیرت جنکی بیٹی گندی ویڈیوز بناتی ہے اور سرعام مانتی ہے,1
آج کے دن رہال ماہانہ پر ملازمت کرنے والے اس دہاڑی دار مزدور کو نہ بھولیں,1
بدترین لفافہ صحافی لسٹ نمبر ان میں سے گھٹیا ترین لفافہ کونسا ہے سلیم لفافی شاہزیب زادہ عمار مسعود ریلو کٹا غریدہ شریف کمینٹ میں اسکا نام اور ہینڈل دونوں لکھیں,1
سندھ کو آگے بڑھانا ہوگا بھٹو کو اب مرنا ہوگا,0
کیا ان پر توہین نہیں لگتی ایک سول کورٹ کی جج صاحبہ کے لیے اسلام آبادلاہور اور سپریم کورٹ وزیراعظم پاکستان کو معافی کاکہہ رہے تھےیہاں شایدعدالتیں ان سے معافی مانگ رہی ہے کہ ہمارانام نا لینا,0
پی ٹی آئی کے نوجوانواب باجوے کے استعفے سے پہلے یہ ٹرینڈ نیچے نہیں آنا چاییے,1
مبارکباد پاکستانیو پاکستان کا اٹارنی جنرل اشتر اوصاف کل صبح لندن روانہ ہو گا تاکہ ایک مفرور اشتہاری بگوڑے سے پنجاب اسمبلی اور پاکستانی سیاست بارے مشاورت کر سکے,1
جب کشمیر میں سینکڑوں ماؤں بہنوں اور بیٹیوں کی عصمت دری ہو رہی تھی نوازشریف نرندرہ مودی کی ماں کا کشمیری چادریں بھیج رہا تھا سنیے نرندرہ مودی کی ماں سے,1
چار سال کی سڑکوں پر بغیر پروٹوکول کے زلالت کمانے کے بعد واپس پاکستان لوٹ مار کرنے پہنچ گئے واہ باجوہ غدار,0
اگر کی جماعتوں نے مشترکہ امیدوار بھی کھڑا کیا تو اسے ولیٹ کے رگڑ دیں گے انشاءاللہ میجر طاہر صادق,0
اسکی مالکن کے بھی دن کا آغاز اور اختتام عمران خان عمران خان کی گردان سے ہوتا ہے صحافی سوال کیا پوچھ رہا ہے اور یہ بیوقوف زیرو آئی کیو کی ڈفر درزن عمران خان عمران خان کر رہی یے,1
ٹٹے پوشی اتنی کر جتنی برداشت کرسکے,0
سر آپ نے کبھی اپنے یہاں نیوٹرل چوکیدار رکھا,0
سوات میں دوبارہ چیک پوسٹیں بنانا پختون قوم کو دیوار کیساتھ لگانا ہیںجاگ پختون جاگ,0
ابھی پڑھا کہ اتنے مہینے سے شہبازشریف ایک بار بھی بیمار نہیں ہوا شہباز شریف کیا سارے کرپٹ ٹولے میں سے کوئ بھی بیمار نہیں ہوا جب لوٹ مار کر رہے ہوں تو بھلےچنگےرہتے ہیں بیمار تو تب ہوتے ہیں جب اس لوٹ مار کا حساب دینے کی باری آتی ہے اور حرام مال کی ترسیل رکتی,1
دنیال عزیز قوم کا وہ اثاثہ ہیں جنہوں نے قوم کی اربوں روپے کی زمین پر قبضہ کیا ہوا تھا اور عمران خان کی حکومت نے میں وگزار کروائی تھی,0
اپنے عہدے کیلئے پاکستان کو تباہی کے دہانے پر پہنچانے والے اس بغیرت شخص کا کورٹ مارشل ہونا چاہیے,1
دیگر طریقے تو بہت ہیں ان میں سے جو استعمال ہو گا وہ میں فیصل میر کو بتا چکی ہوں گواہی وہی دیں گے,0
خوشیوں کا سال ہوگا انشاءاللہ عمران خان پھر سے وزیراعظم بن کے آرہا ہے,0
کیلیبری فونٹ جعلی ٹرسٹ ڈیڈز میری لندن تو کیا پاکستان میں بھی کوئی جاہیداد نہیں یہ ہیں وہ زرایع جن سے لندن فلیٹ خریدے گئے قطری خط جعلی ارشد ملک وڈیو ثاقب نثار جعلی آڈیو ٹیم رانا شمیم جعلی حلفیہ بیان اور وجہہ الدین کا جھوٹا بیان شریف خاندان کے پاس سب کچھ ہے رسیدیں نہیں,1
کرن میں آپکو عقلمند سمجھتی تھی,0
اصل میں مودی نواز شریف کو پیسے دیتا تھا اور نواز شریف اتنا ایماندار اور فرض شناس تھا کہ ایک بھکاری کا بھیس بدل کر پوری پوری رقم بنی گالہ کے گیٹ کے پچھواڑے میں پرے ایک صندوقچی میں رکھ آتا تھا مریم صفدر,1
ہیلو پاکستانیو یہ ہے وہ کنجر جس کی اماں نے طیب اردگان کی بیوی کیطرف سے بطور امداد دیاگیا نیکلس چوری کرلیا تھا کسے چور ماں دا بچہ,1
میری لندن تو کیا پاکستان بھی کوئی پراپرٹی نہیں ہے کی شرمندگی سے آذاد نہیں ہوئے تھے کہ اب دنیا نے کہہ دیا تیری کینیڈا تو کیا پاکستان بھی کوئی عزت نہیں ہے یہ غداروں کا ٹولہ انشاءاللہ دنیا و آخرت ہر جگہ ذلیل و خوار ہی ہوگا دو,1
کنیز نمبر اور اسکے مالکوں کی لائیو ٹیوی پر ایسے بیعزتی پہلے نہیں دیکھی ہو گی,0
جب ایک ڈرون گرتا ہے تو ڈالر ایک روپیہ گرتا ہے جب زیادہ ڈرون کرتے ہیں تو ڈالر بھی زیادہ روپے گرتا ہے بلاول بھٹو,0
ملنے کسی کو نہی ھین یہ صرف پٹواریون کو ٹرک کی بتی کے بیچے لگاتے ھین,1
آللہ پاک خان صاحب کی پچیس سال کی جدو جہد کی لاج رکھ لے اے میرے اللہ تیرے بندے حق کا ساتھ دینے نکلے ہیں اور ھمیں غلام ہونے سے بچا لے,0
مجھے کہا گیا کہ آپ عمران خان کے خلاف کرپشن کا کوئی کیس ڈھونڈو میں نے کہا کہ جو آدمی پانی کی آدھی بوتل بھی ضائع نہیں کرتا کہ قومی وسائل ضائع نہ ہوں وہ کرپشن کرے گا ارشد شریف کا سینمار سے خطاب,0
پاکستانی عوام بھوکے مر رہے ہیں جس کی وجہہ سے کاروبار اور مارکیٹ یم کھول دی گئی ہیں کہ کچھ کما کر جلدی مریں دوسری طرف پاکستان امریکہ کو امداد دے رہا ہے یہ باجوہ پھر کوئی نئی گیم کھیل رہا ہے,0
حاجی گیا حافظ آ گیا حافظ جاۓ گا قاری آ جاۓ گا پین یکا دی ریل گڈی,0
ضمیر فروش سیٹ سے چپکا بھی ہوا ہے اترتا نہیں شرم غیرت ہوتی تو استعفا ہی دے دیتا,1
سسیلین مافیا پہ جج ارشد ملک کی مبینہ وڈیو کا سارا معاملہ الٹ پڑ گیا شہبازشریف نے مریم پہ اور مریم نے سارا معاملہ,0
حکومت کے خلاف شہباز شریف کو شیطان کیساتھ میمورینڈم سائن کرنا پڑا تو کر لے گا بغیر دیکھے ٹیکنالوجی کے استعمال کو رد کر دیا شہباز کا ٹیکنالوجی کا علم صرف کیلکولیٹر سے ٹیٹیوں سے پیسے گننے تک محدود ہے فواد چوہدری نے شہباز شریف کو بھی تاک لیا ہے,1
پاکستانیوں اللہ پاک نے ہمیں ایک عظیم لیڈر دیا ہے یہ ملنگ انسان ہمیشہ ہماری نسلوں کا سوچتا ہے قدر کرو اس ہیرے کا,1
یہ تھا بھائی صاحب کا غیر سیاسی پن آخر تک جھوٹ مکاری اور سازشوں سے کام لیتے رہے,0
کھسرا کھسرا ہوتا ہے,0
آپ کی بیٹی کا بھی اس فوجی مارشل لا پر کوئی بیان آیا ہے یا نہیں,0
ہم ہمیشہ خان کے ساتھ تھے اور رہیں گے گھبرانا نہیں,0
پارو نے کہا شراب چھوڑ دو ماں نے کہا پارو کو چھوڑ دو بابو جی نےکہا گھر چھوڑ دو اب مولانا طارق جمیل نے کہہ دیا جھوٹ بولنا چھوڑ دو,1
بکواس ھے بکواس ہے یہ سب,0
خیبرپختونخواموسم صورتحال کل سے بارشوں اور بالائی اضلاع میں برفباری کا نیا سلسلہ شروع ہونے کا امکان بارشوں اور برفباری کا سلسلہجنوری تک جاری رہے گا,0
یہ دورسچ کی بجائے پروپیگنڈہ وار کا ہے اس دور میں اگر اپوزیشن جماعتیں اپنی ساکھ اور سیاست بچانا چاہتی ہیں تو انہیں بھی ایک احتساب سیل بنانا ہو گا اور جوابی جنگ شروع کرنا ہو گی ورنہ نئی نسل یکطرفہ پروپیگنڈے کا شکار ہو جائے گی,0
انشاء اللہ کروائیں گے کشمیر آزاد,0
تو وہی ہے نا جسے سپریم کورٹ نے ڈائن کہا تھا,1
جب عدالت بلائے تو میں لیٹ کر آتا ہوں کمر ٹوٹی ہوئی میری جب رنگبازی کرنی ہو تو کراچی پہنچ کر انگلی لہرا لہرا کر کہے ہائے کیا حالت ہو گئی شہر کی بوجھو تو جانیں,1
ابوجہل کی الف سے لیکر قادیانی کی ی تک تمام منکرین ختم نبوت پر لعنت بے شمار,0
یہ میاں سانپ خان صاحب کا جلسہ کیوں دیکھ رہا ہے,1
ایک تجویز ہماری بھی لے لیں عمران خان کو آپکی اڈوائس کی ضرورت نہیں اور خان کا کمپیرزن ایک بگوڑے چور کرپٹ اشتہاری سے نہ کریں,1
ہم نے ایسے ہی نہی تیری طرف داری کی تو علامت ہیں میرے دیس کی خودداری کی,0
لاہور جلسے میں پی ڈی ایم کو ایسا جھٹکا لگا جس نے پی ڈی ایم کی چولیں ہلادیں وہ یہ تھا کہ مریم نواز اتنی بڑی قوت یا طاقت نہیں ہیں جتنی بڑی قوت انہیں سمجھا جا رہا تھا حبیب اکرم,1
مجھ سے پہلی سی محبت میرےمحبوب نہ مانگ انہیں ثابت کرنا پڑے گا اب عوام کسی بھی جنرل پر آنکھیں بند کر کے بھروسہ نہیں کرے گی نے سب کچھ برباد کر دیا ھے یہ سب اب عوامی چھلنی میں پڑے رہینگے,0
کوئی پتلون اتھار دیتا ھے کوئی لندن بھاگ جاتا ھے کوئی گیراج سے برامد کوئی لوہے کے چنے کوئی کرپٹ سارے داماد چور اور سمدھی چور سارے سپوٹر کھوتے یہ مسلم لیگ ھے یا گند لیگ,1
کیونکہ یہ درست الزام لگے ھم اپنے بچوں کا نوالا چھیننے والوں کا کیسے دفاع کرتے یہ تو غلام ہیں غلاموں کا دفاع کون کرتا ہے دفاع بہادروں کا کیا جاتاہے,1
صحافیوں میں ایک اور بھی قسم ہے یہ ہیں چھاپہ مار صحافی بلیک میلر صحافی,0
یہ بیان مولانا طارق جمیل نے وزیراعظم ہاوس میں احساس پروگرام کی سب سے بڑی ٹیلی تھون میں دیا تھا جہاں وزیراعظم عمران خان اور مولانا طارق جمیل سمیت ملک بھر کے میڈیا کے اینکرز نےشرکت کی تھی,1
محترمہ کی کراچی بھینس کالونی کے صفائی حوالے سے بیان کل سے کچھ لفافہ صحافیوں نے اس بیان کو ٹوڑ مروڑ کر پیش کیا حقیقت جانیں اس ویڈیو میں,0
عمران خان جتنا پیسہ ڈیم پرلگارہا ہےاسی پیسےسےہرصوبےمیں کئی پراجیکٹ بناسکتا تھاپھر ان سےکمیشن لیتامال بناتااوراگلے الیکشن کیلئےاپنی واہ واہ کروا کرووٹ پکے کرتالیکن اس نےاگلے الیکشن میں اپنے اقتدار کیلئےنہیں بلکےموجودہ اور آنےوالی نسلوں کےمستقبل کیلئےسوچا ہےپاکستانیو اسکی قدرکرو,1
طارق جمیل کے خلاف پروپیگینڈا کرنے والے جھوٹے صحافی اپنے گریبانوں میں جھانکیں اس قوم کو جواب دیں کہ آزادئ رائے کا حق رکھنے والے اس سچے صحافی نے کس بنیاد پر پاک فوج کے سربراہ راحیل شریف پہ بغیر ثبوت جھوٹا الزام لگا یاکیا یہ صحافتی بددیانتیجھوٹ نہیں,1
اسکو نکالنے کے بعد قوم جاگ گئ اب کوئ کھیل کھیلا گیا تو نتائج خطرناک ھوں گیں,0
جمعہ مبارک پٹواریوں بس تمیں جلانا تھا سوچا شییر کر دوں,1
یہ خنزیر کا بچہ یزید کی اولاد ابھی دو دن پہلے خان صاحب سے مل کر آیا تھا,1
یہ لوٹا بھی دیکھو اپ کیسے بھک بک کر رہا ہے شرم اس کو نہیں اتی,1
جب دہشت گردوں کے سامنے پولیس اسطرح کھڑی ہو گی تو دیشت گردی نہیں رکنے والی,0
ان حرام کے مال پر پلنے والے فتنوں کے تن پر کپڑے پاکستان سے نکلتے ہی چھوٹے اور تنگ ہو جاتے ہیں لیکن جیسے ہی یہ حرام پر پلنے والے نطفے پاکستان میں داخل ہوتے ہیں تو شرافت کا لبادہ اوڑھ کر پاکستان کی جاہل عوام کو بیوقوف بنانا شروع کر دیتے ہیں ان لوگوں کے لیئے پاکستان ایک ڈرامہ ہے,1
اپنی افواج سے تنخواہ پہ غداری کے سرٹیفیکیٹ بانٹنا پھر پکڑے جانا پھر ٹویٹیں ڈیلیٹ کرنا ان کا پیشہ ان کا فخر,0
مودی کی یہ بات جیالوں اور پٹوریوں کے منہ پے طمانچہ ھے کہ جو کہتے ہین کشمیر کاز کو عمرن نقصن دے رہا,0
بقول ٹوکری بینش سلیم کے عثمان بزدار نے وزیراعلی پنجاب بننے سے پہلے کبھی ہیلی کاپٹر میں سفر نہیں کیا ہو گا بالکل ٹھیک کہتی ہے عثمان بزدار نے نہیں کیا لیکن نوازشریف کے کھابوں کے اسلام آباد سے مری ہیلی کاپٹروں میں بہت سفر کیا,0
عدلیہ کا منحوس چہرہ جسٹس فائز عیسی جسٹس شمیم جسٹس وجہہ الدین جسٹس افتخار چوہدری اور جسٹس صدیقی پاکستان اور فوج مخالف جتھے سے تعلق رکھتے ہیں,1
چیئرمین پی ٹی آئی فروری کے پہلے ہفتے یا اس سے بھی پہلے سٹریٹ موومنٹ کی قیادت کریں گے عمران خان پنجاب اور خیبرپختونخوا میں بھرپور انتخابی مہم کی قیادتت کریں گے,0
مریم نے للکارا اور شیرو آ گیا وہ سیٹی بجاتی ہے یہ دوڑا دوڑا پہنچ جاتا ہے,0
باجوہ صاحب سے تعلقات خراب نہ ہوتے تو آج ہم حکومت میں ہوتے ڈبو اے پئی جے امریکی سازش ابو نے گود سے اتار دیا,1
منحوس انسان جب سے توں ریلوے کا وزیر بنا ہے رب سے ہی ریلوے کا برا حال ہے,1
نسلی کتے کھسری کے بچے,1
حامد میر جعفر کے سافٹویئر اپ گریڈیشن کا سال بھی تھا,0
جس نے خان کو ستایا اس نے رکشہ ہی چلایا,0
اس ملک میں اگرکوئی بدیانتکرپٹچورہےتووہ عوام ہےبھوکی ننگیناانصافیپولیس سےجوتےڈنڈےانکےبچوں کےساتھ جنسی زیادتیاں انکےبچےبھوکےمریں ان سب کی حق داربھی صرف عوام ہی ہے اگرعیش وعشرت کاحقدارہےتویہ دوفیصداشرافیہ کاطبقہ,1
ہر کوئی کہتا ہے کہ معاشرہ غلط ہے لیکن اگر سب ہی معاشرے کو غلط کہتے ہیں تو معاشرہ کون ہے,0
عالمی سامراجی رجیم چینج سازش کے مکروہ کردار,0
کیا میں کھوتے کا بچہ ہوں جسکی پیشی پر ایک کھوتے کا بچہ پٹواری بھی نہیں نکلتا تھا میاں سانپ کا سوال,1
غریب آدمی سے بجلی کے بلوں میں ڈبل رقم لے لینا اور پھر کہ دینا ہم نے کرنٹ خسارہ کم کر لیا ہے یہ بہادری نہیں بلیک میلنگ اور بھتہ ہے جو غریب عوام کی خون پسینے سے محنت کی کمائی ہے جس کا اجر تمہیں ضرور ملے گا چاہے اگلے جہان ہی کیوں نہ ملے,0
کاش حافظ ترجمہ بھی پڑھ لیتا,0
سنیے کس طرح سیف اللہ نیازی نے من پسند امیدواروں کو ٹکٹ بانٹے جس سے تحریک انصاف کے ووٹ تقسیم یوئے اور مخالفین سیٹ جیت گئے یہ ایک حلقے کی کہانی نہیں تقریبا سارے خیبرپختونخوا کی ہے,1
آپ الیکشن نہیں جیت سکتے اس سے کوئی فرق نہیں پڑتا ہے کہ آپ جو بھی کر رہے ہیں آپ عمران خان گھٹنوں کے بل آئیں گے ہینڈلرز کو واضح پیغام عدالتلگاؤ,0
خان کو الله تعالی اور عوام بچارہی ہے تم بتاؤ تمہیں کون بچارہا ہے,0
ارب کنجر خود لے گیا ارب کنجر نے چوروں کو معاف کروادیا اور جاتے ہوئے کہہ گیا ملک شدید مالی بحران میں ہے ایسے کنجر پر لعنت باجوہ تیری شکل پر لعنت,1
ہمارا ارطغرل وزیر اعظم عمران احمد خان نیازی,1
ماہ توشہ خانہ کی رٹ لگاتے رہے اب کہتے ہیں کہ اسکی معلومات خفیہ ہیں کون لوگ او تسی,0
جنرل قمر جاوید باجوا اور اس کا سسر دو,0
ارشد شریف نے پوچھا تھا آج سب بتائیں گے آج سب منائیں گے,0
ایم پیز کو مہینے میں تنخواہ کی مد میں تقریبا لاکھ روپے ملے ہیں اس سے آگے کا حساب دینا پڑے گا عمران خان,0
ایک لائف بوائے کے صابن پر تشہیر کرانے والا وزیرآعلی سندھ کہہ رہا ہم نے ڈھائی لاکھ گھروں میں خاموشی سے راشن دیا ہے ہم نے میڈیا کو بلکل نہیں بتایا اور نہ تصویریں بنائیں,1
یہ ہے اپوزیشن کی اے پی سی اور یہ رہے ہمارے ملک کے دانشور حضرات کیا کہنے اور بقول حامد میر اے پی سے پیچھے رہ گئی بوٹ پالشیے بہت آگے نکل گئے گل ودھ گئی اے مختاریا,1
لاہور میں ٹائیگر فورس ڈے کے موقع پر گورنر پنجاب چوہدری سرور کی شجرکاری تقریب میں تقریر کے دوران ٹائیگر فورس کے جوانوں نے بد نظمی کا مظاہرہ کیا اور کھانے پینے کی اشیاء پر دھاوا بول دیا,0
دوسری فوٹو بھی پیش خدمت ہے پٹواریوں کوبےوقوف بنانا اور شوباز شریف کو پارٹی لیڈرشپ سے دورکرنا مریم کا پلان کہ کھوتا ٹھیک ٹھاک ہے,1
ہم بھی سانڈ ہی کہتے ہیں,0
زرا اس کبوتر والے شرابی کے سیاسی تجزیے سنیں اس کی کریڈیبلٹی دیکھیں اور ان لوگوں کی عقل پر ماتم کریں جو اس ہزیان کے مارے کی باتیں سنتے ہیں,1
جوڈنڈا اس لڑکی نے بغیر تیل کےپوری پیپلز پارٹی کو ڈالاھے سب کو نانی یاد آگی ھےان کی کتے سے بدتر ھوی ھےاب بلاول فورا اپنا میڈیکل ٹیسٹ کروا کے قوم کے سامنے پیش کرے تاکےاس کی پاک دامنی ثابت ھو سکے,1
تانیہ اور ظفر مرزا ک استعفی پر لفافےاور پٹواری کہہ رہےہیں کہ انہوں نےشہریت رکھنےکوترجیح دی یہ سب وہ پٹواری اورلفافےہیں جو ڈھٹائی کےساتھ حسنحسین نواز کی غیر ملکی شہریت اور نوازشریفخواجہ آصف اور احسن اقبال کےاقامےڈیفنڈ کرتےرہے ویسےڈاکٹرسعید اخترنےبھی امریکن شہریت کوفوقیت دی تھی,1
نواز شریف شہرت کی بلندیوں کو چھوتے ہوئے,0
نواز شریف کیلئے ملک واپس آنا مشکل ہو چکا ہے اعتزاز احسن,0
گولی مار دی جائے گی کیا اسلحہ رکھنے کی یہ سزا تعزیرات پاکستان میں ہے اگر ایسا قانون ہو بھی تو کیا پاکستان آرمی اس قانون کو نافذ کرنے کا آئینی اختیار رکھتی ہے,0
بات بیلجئیم سے نکل کر کینڈا ہینچ گئی,0
بھکاری کو سعودی عرب ترکی کے بعد چین نے بھی کہہ دیا معاف کر,1
چوئی نامنظور احمد صاب نالائق کو اپ کریں یا ڈاؤن اس کے چھرے سے آپ ہی کی تسریف پھٹنی ھے خربوزے کی طریوں,1
امریکہ کے آنے کا مقصد افغانوں کو اپنا غلام بنانا تھا تب کئی لاکھ افغان مہاجرین پاکستان آۓ اور پاکستان کی معیشت پر بوجھ بن گۓ ہیں اور ہمارے کاروباروں پر قبضہ کرنے لگے ہیں اتنا عرصہ ہم نے انہیں پناہ دی,0
فوری الیکشن ہی اس ملک کے معاشی مسائل کا حل ہے امپورٹڈ سرکار کچھ بھی کرلے جتنے حربے استعمال کرنے ہیں کرلے عمران خان کا راستہ نہیں روک سکتی,0
فیصل واڈا کے بارے میں کیا خیال ہے,0
نیوٹرل تمہیں نیوٹرل ہوتے ہوئے اس بچے کے دھوپ میں جلتے پیروں کا خیال نہیں آیا,0
سر آپ کی کی چول کی وجہ سے قوم کا ٹرینڈ چلا رہی ھے کیا حکم ھے کوئی غیرت دیکھانی ھے استعفی دے کر یا سب کو بلاک کر دو,0
دنیا کے چند نا ممکن کام پٹواریوں کا انسان بننا ریحام خان کا گھر بسانا نواز شریف کو غیرت آنا شہباز شریف کا شوبازی چھوڑنا زرداری کا چوری سے توبہ کرنا اور آخری والا تو ناممکن سے بھی آگے ہے بلاول کا وزیر اعظم بننا,1
دلالوں کی ہر امید ناکامی کے شور کو پشاوری چپل کے نیچے کچلتے ہوئے اپنی غیر موجودگی میں تحریک عدم اعتماد کے خوف کو ہوا میں اڑاتے ہوئے وہ جہاز میں سوار ہو کر روس روانہ ہو گیا تینوں رب دیاں رکھاں مرشد,1
دعوت اسلامی والوں نے پیٹرول کا روحانی حل نکال لیا ہے امید کی جاتی ہے کہ آپ سب اس روحانی حل کا استعمال کریں گے,0
سپریم کورٹ نے علی وزیر کی ضمانت منظور کرلی علی وزیر کو جیل می رکھنے کا کوئی جواز نہیں عدالت,0
موٹیویشنل اسپیکر قاسم علی شاہ کی عمران خان پر تنقید تحریک انصاف کاركنان کا سوشل میڈیا پر شدید رد عمل اب بھی جاری پر قاسم علی شاہ فاؤنڈیشن کی ریٹنگ اعشاریہ سے کم ہو کر اعشاریہ پر آپہنچی,0
یہ وہ مفرور اشتہاری بگوڑا یے جس پر پاکستانی فوج اور عدلیہ پر جھوٹے الزامات لگانے کی وجہ سے پیمرا نے پابندی لگائی تھی آج اس کا خطاب پاکستان ٹیلیویژن پر لائیو دکھایا ہے اس کی اجازت جی ایچ کیو سے آئی تھی,1
مودی بھڑوا کتے اور حرامی جب بھی کشمیر میں ظلم کرے گا تیری بھارت ماتا کو تباہ کریں گے,0
تین دن گزر گئے لیکن ایف آئی آر جمع کروا نہیں سکے کہتے ہیں کہ شہباز شریف اور راناثناء کا نام شامل ہو سکتا ہے لیکن میجر جنرل فیصل نصیر کا نہیں خان صاحب,1
بقول یوتھیےحکمران ملک کو لوٹ رہے تھے اوپر سے عمران خان آگیا اور خان نے آکر ملک کے ساتھ ساتھ عوام کو بھی لوٹنا شروع کردیا,1
وزیراطلاعات پنجاب نے نوکری پکی کرنے کیلیے عثمان بزدار کی شان میں جو قصیدے پڑھے انکا حقائق سے دور دور تک لینا دینا نہیں ہےبزدار صاحب تو بس کاغذی وزیراعلی ہیں اصل وزیر اعلی لودھراں اور گورنر ہاؤس میں ہے,0
زروالی خانہ نوی نوی نظامینہ دی ڈاکٹر منک فرام لندن,0
بھارتی وزیر نوپر شرما نے رسول پاک کی شان میں گستاخی مودی کی ایما پر جان بوجھ کر کی ہے اس لئے مودی اور نوپر شرما دونوں مجرم اور واجب القتل ہیں,1
ایکسٹینشن ناں ملنے کا غصہ اعظم سواتی صاحب پر نکال رہا ہے,0
بیٹا اگر کامیاب ہونا ہے تو اپنا نام مٹھو پراپرٹی ڈیلر رکھ لو پھر دیکھنا کیسے بھاگ لگتے ہیں نہیں یقین آتا تو تصدیق کر کے دیکھ لو کباڑیے سے پراپرٹی آئیکون بننے کا سفر,1
کل طلباء کے ساتھ ملاقات میں آرمی چیف جنرل باجوہ نے وزیراعظم عمران خان کے نقطہ نظر کی تائید کی کہ ملک کا قانون غریب اور امیر کے لیے ایک ہونا چاہیے کیوں پٹواریو کیا بنے کا شہباز کا,1
شریف خاندان زرداری اور فضلانڈو خاندان کا عوام سے کوئی تعلق نہیں اس وقت پاکستان کا سب سے مقبول ترین لیڈر عمران خان یے ایاز امیر,1
مریم کی سپیچ سینسر ہو گئی,0
اپ کے سوال کا جواب صرف ایک بغیرت دے سکتا ھے وہ ھے سور کی شکل والا اور پاکستان کا غدار باجوہ,1
آج شام پاکستان کے چھے بجے یوٹیوب اور فیسبک پہ اپلوڈ ہو گا لنک یہاں بھی دے دوں گی سٹے ٹیونڈ,0
مریم کو اپنے درمیان پا کر کچھ بھکارنیں مریم نواز مریم نواز کے فلک شگاف نعرے لگانے لگ گئیں مریم نے انکو بول دیا انہوں نے جوابا چار صلواتیں سنائی اور اپنا راستہ لیا ہائے سمائیل چیک کریں مریم کی,1
اور میر جعفر جیسے لوگوں کو بھی زلیل و رسوا کر اور پاکستان کو انسے نجات عطا فرما آمین,0
رجیم چینج پر بولنے والوں میں سے ایک ایاز میر پر حملہ یہ کوئ اتفاق نہیں نیوٹرلز جتنا دبانے کی کوشش کریں گے آزادی کا جزبہ اتنا ہی بڑھے گا دو,1
یہ سین ہمسایوں کیلیے یے جو بیگانی شادی میں عبداللہ دیوانہ بنے ہوئے ہیں,0
نون لیگ میں قیادت کا فیصلہ ایسے ہوتا ہے اکڑ بکڑ بمبے بو اسی نوے پورے سو سو میں لگا دھاگا چور نکل کے بھاگا اکڑ بکڑ بمبے بو جس پر بو آ جائے وہ صدر,1
تاریخ ہر چیز دہراتی ہے عمران نیازی شروع سے لیکر سرٹیفائیڈ پروفیشنل چور تھا,1
باقی سب تو ٹھیک ہے لیکن کوئی یہ پوچھے ناک سے نیچے ماسک پہننے والے کیا سوچ کر پہنے کھڑے ہیں,0
یہ فضول اور گھٹیا پالیسی ہے کہ کورونا سے متاثر ہونے والے صحافی کو ایک لاکھ دیا جائے گا اور کورونا سے مرنے والے صحافی کو دس لاکھ دیا جائے گا اور اسکی بیوہ کو پینشن ہمارا ٹیکس کا پیسہ ان حرام خور صحافیوں پر لٹانے کے لیے نہیں ہے,1
نواز شریف نے ایک دفعہ کہا تھا کہ آپ جس بھگوان کو پوجتے ہیںہم بھی اسی کو پوجتے ہیں پلوامہ میں جہنم رسید ہونے والے بھارتی فوجیوں کو شہید قرار دیکر اعظمی بخاری بھی نواز شریف کے بیانیے کا پرچار کرتے ہوۓ,1
عاسم منیر کا باپ بھی آ جائے تو خان صاحب کو ہرا نہیں سکتا انشاءاللہ جیت بلے کی ہو گی,0
کاش ایسا مردار شخص پیدا ہوتے ہی مرجاتا پاکستانیوں حسب توفیق آج بھی لعنت ضرور بھیجیں جو اپنی ہی فوج کے خلاف بک رہا ہے پٹواری ضرور دیکھیں شاید غیرت آجائے بھارت آج تک نہتے مسلمانوں پر ظلم کررہاہے یاد ہے تو بس کارگل کا چھراگھوپنا,1
کم سے کم بیوپار تو عزت سے کر لیتے,0
پنجاب میں ہم ایک آئی جی لے کر آئے ہیں شعیب دستگیتر ہمارا سب سےبڑا مشن ہےکہ بڑے چوروں پر ہاتھ ڈالنا ان شاءاللہ ہم بڑےچوروں پر ہاتھ ڈالیں گےتو چھوٹے چور خود ہی ڈر جائنگےاور کرپشن کابھی خاتمہ ہوگا وزیراعظم کا کلین اینڈگرین مہم میں خطاب,1
ادھر عوام فیصل آباد میں لڑکی پر تشدد کرنے والے نون لیگیے شیخ دانش کو جوتیاں مار رہی یے ادھر خبریں ہیں کہ قتل کی دھمکیاں دے کر اور دس کروڑ روپے دے کر لڑکی نے معاف کر دیا ہے,1
یہ سندھ ہے یہاں بھٹو اج بھی زندہ ہے,0
آج سماعت میں نمک حلالیوں نےگیلانی کی بھرپور وکالت کی مثلا علی گیلانی ویڈیو پر جوابدہ ہےیوسف گیلانی نہی علی گیلانی خود کینڈیڈیٹ نہیں ووٹ ضائع کرنےپر اکسا رہا لیکن ووٹ ضائع کرنا ووٹر کی صوابدید ہے اور مریم کی ویڈیو میڈیاکا اپنا ویو ہے جب ایساحلالی ہو تو وکیل کی ضرورت نہیں,1
کوئی مانے یا نہ مانے مگر لگ ایسا رہا ہے کہ پاکستان کی سالہ بدمعاشی اپنے آخری سانسیں پورا کرنے کی کوشش کر رہی ہے,0
تحریک انصاف کے لیڈر مولانا فضل الرحمن کا بھائی مولانا عطا الرحمن قومی اسمبلی میں فوجی جرنیلوں کو گالیاں دے رہا ہے جناب جنرل باجوہ اور جنرل بابر افتخار کچھ مردانگی ادھر بھی دکھائیں,1
نعرہ عوام دا کتے دا پتر حرام دا,1
کھانا ٹائم پہ خرید لینا آج کا شو مس کرنے والا نہیں,0
عمران خان قدم بڑھاؤ ضرورت مندوں اور مظلوموں کی دعائیں تمھارے ساتھ ہیں اور تعالی دکھی اور مظلوم لوگوں کی دعائیں کبھی رد نہیں کرتا,0
حاکم وقت تیرے کردار پہ تھو,1
کچھ دن پہلے بینکنگ کورٹ میں وکلاء نے سائیل پر وحشیانہ تشدد کیا اس جج کی پینٹ اتار دی پر حملہ کر کے ڈاکٹرز کو زدوکوب کیا مریضوں کو قتل کیا آج ان چیتوں نے اطہر من اللہ کے چیمبر پر حملہ کیالیکن کوئی سوؤ موٹو نوٹس نہیں یہ سوؤ موٹو نوٹس صرف عوام کی لیے اور حکومت کے لیے ہیں,1
نواز زرداری کو ایک مرتبہ پھر ہم پر مسلط کرنے کیلئے آپ اور آپکے وہ ساتھی جو اس کاروائی میں شامل رہے ان سب پر دل کی اتھاہ گہرائیوں سے لخ دی لعنت تواڈی سروس تعلیم سوچ کردار تے وی لعنت دنیا سے ذلیل ہو کر جاو,1
فضل الرحمن کو مولانا کہنا عالم دین کی بے عزتی ہے فضلو ہر حکومت میں شامل رہا اور پیسے بناتا رہا یہ لوگ اپنے آپ کو قانون سے بالا سمجھتے ہیں لیکن اب ان کو قانون کے شکنجے میں لایا جائے گا,1
جس ملک میں قانون کی کوئی عمل داری نا ہو کوئی سزا جزا کا کانسیپٹ نا ہو کھلم کھلا نیشنل ٹیوی پر بیٹھ کر سمیع ابراہیم مبشر لقمان جیسے منہ بولے دانشور مرنے مارنے کی ترغیب دیتے ہوں ابو جہل کی اولادیں ہوں وہاں سیالکوٹ جیسے واقعات معمول کا حصہ بن جاتے ہیں بدقسمتی سے,0
یہ بھٹو پتا نہیں کب مرے گا اور یہ بلاوجہ بھٹو خسری اب کہا ہے لوگوں کو زہر دیا جا رہا ہے راشن کے نام پر,1
بتاؤتم لوگ ہوتے کون ہو اس ملک کو بیچنے والے اس بیچارے کی اتنی اوقات کہاں کہ کسی کو کچھ دے سکے,1
فوج کے آتے ھی سارے چور ڈاکو حرامخور نااھل کام چور حکمران جاگ گئے کتوں میں کرنٹ دوڑ گیا پہلے انکے پاس اختیار نہیں ھوتا تھا اور اب یہ مختلف نالوں پر جاکر وھاں کا دورہ کر رھے ھیں وجہ اب ان نالوں سے ثبوت کیسے مٹائیں,1
اس حوالے سے اعلی سطحی اجلاس میں باقاعدہ فیصلہ کیا گیا اموات اس لئے چھپائی گئیں تاکہ کرونا کے حوالے سے لاک ڈاؤن مخالف بیانیہ تشکیل دینے کے لئے وفاق کو جو مدد درکار تھی وہ فراہم ہو سکے,0
خان صاحب بھی بس بھولے بادشاہ ہیں خدا جانے کس گیدڑ سنگھی کے انتظار میں ہیں,1
تو چار سال جو الفاظ ان کے تھے اور زبان آپ کی اس کا کیا کرنا ہے,0
مسلم لیگ ن نے ایوان میں اسلام آباد میں مندر بنانے کی حمایت کر دی پٹواریو زندہ ہو یا شیر کھا گیا,1
ہم یہ منظر کھبی نہیں بھولیں گے بےغیرتوں تم نے ہمارے کلیجوں کو ہاتھ ڈالہ ہے ذلیلوںباجوہ صاحب یہ آپ نے اچھا نہیں کیا اسکا حساب دینا پڑے گا سبکو,1
بقول اسد عمر عمران خان نے درج ذیل تین لوگوں کو اپنے اوپر قاتلانہ حملے کا ذمہ دار قرار دیا شہباز شریف رانا ثناءاللہ میجر جنرل فیصل نصیر گردی کے پیچھے وردی,0
غلامی میں نہ کام آتی ہیں شمشیریں نہ تدبیریں جو ہو ذوق یقیں پیدا تو کٹ جاتی ہیں زنجیریں,0
ملک کے محافظ جو تھے ھی نہی غدار ھو گیے دیکھتے دیکھتے,0
یہ والا مکمل تھریڈ پڑھ لیجیے دو ٹویٹس ہیں تقی صاحب کے عام شہری کو,0
عمران خان بھی کمال ہیں ایک ڈگڈگی بجاتے ہیں اور تماشہ شروع کبھی گھڑی گھڑی کا شور کبھی کی صدائیں کبھی توشا خانہ کی دہائ کبھی لندن کی پرواز اورکبھی صندوق میں رکھے ااستعفے منظور,1
گالیاں سخت افسوس یہ کس کام میں پڑ گئے ہو,0
پٹواری کی نشانی ووٹ شیر دا بیوی شہباز کے لئے بہن حمزہ کے لئے,1
لیپ ٹاپ سکیم سولر سکیم ترکی یاترا مفرور بیٹا ٹی ٹی مقصود چپڑاسی خدا غرق کرے اس باجوہ کو جو ان ڈاکوں کی پشت پناہی کر رہا ہے اس کو ڈی چوک پر پھانسی دیں,1
بھارتی فوج نے ہسپتال اور سکول پر حملہ کیا ہے بدلے میں پاک فوج نے انکے بھارتی فوجی جہنم واصل چیک پوسٹ اور بنکرز,0
یہ ہے ان بیغیرت لوگوں کا کنجر پنا نا یہ خود کام کرینگے نا ہی کسی کو کام کرنے دینگے,1
جگ تے اینجھا رواج تھی گئے لگی کوں پالنڑ عزاب تھی گئے جڈنڑ دی لالچ جوان تھئی اے وفا دا خانہ خراب تھی گئے,0
نواز شوباز زرداری کے سالوں میں بناے گیئے مافیاز پیٹرول مافیا آٹا مافیا چینی مافیا منی لانڈر مافیا ٹی ٹی مافیا عمران خان دو سالوں میں اس مافیا کو شکست دے ٹائم دیں وقت لگے گا مافیا کو شکست ہو گی ڈٹ کے کھڑا ہے کپتان,1
وہ ایک کنجر آرمی چیف ہے فرعون آرمی چیف دو,1
تیری گانڈ گاہک کی مرضی پیسے دئیے اب جیسے مرضی لیں,1
میں نے سب سے پہلے تعریف کی تھی آپ اپنے بھاشن اپنے پاس رکھیں کہا یہ گیا کہ وہ سب سے پہلے سیاسی لیڈر تھے جو مطیع کے پاس گئے جو درست بات نہیں تھی اور جس کی میں نے تصحیح کی,1
یہ سمجھتے ہیں خانآاحب نے استعفے ضمنی الیکشن لڑنے کے لئے دئے ہیں احمق,1
آج کل سم بھی لو تو وہ بھی فنگر پرنٹ پہ ملتی ہے مگر پاکستان میں سال سے ٹھپہ سسٹم اس لیے چلایا جا رہا ہے تاکہ کمپنی کی بدمعاشی اور غنڈہ گردی قائم رہے اور یہی وہ کمپنی ہے جس نے اس ملک کا بیڑا غرق کر دیا,0
اپنی جمہوریت میں وہ لوگ ایک پارٹی کرنے پر اپنے وزیر اعظم سے معافی منگواتے ہیں اور ہماری جمہوریت کا حسن دیکھیں جو لوٹیرا چور ڈاکو کرپٹ تھڑد کلاس بدمعاش ہے اسکو حکومت میں لے آئے مگر انسے کیا گلہ کرنا جب اپنے رکھوالے ہی لٹیروں کے ساتھ مل کر لوٹنا شروع کر دیں,1
سنا تو تھا کہ پرانے پاکستان میں لے جایا جا رہا ہے لیکن اتنے پرانے کا تو بتایا ہی نہیں تھا سائیکل موم بتی ہاتھ والا پنکھا اور تانگہ,0
بہت آچھا فیصلہ یاد رکھیں الیکشن کمیشن میں در شریفاں اور زرداری کے پالتو گھسے ہوئیے ہیں اور یہ مالکوں کے بہت وفادار ہیں,1
ن لیگ پی پی میڈیا نے احساس کیش پروگرام کو ناکام ثابت کرنے کے لیے پراپیگنڈہ تیار کر لیا ہے جعلی تصویریں پرانی وڈیوز جس میں پولیس عورتوں کو مار رہی ہے استعمال کی جائے گی کیونکہ یہ پاکستان کی تاریخ کا سب سے بڑا کیش ریلیف پروگرام ہےعمران خان نے خزانے کا منہ عوام کے لیے کھول دیا,1
مہنگائی کے بعد جیو اور سماء والے سوتے ہوئے,0
نے چچا کی ہی جئی تئی پھیر دی,0
نوازشریف نے دنیا جہاں کی باتیں کیں لیکن ایون فیلڈ اپارٹمنٹس کی رسیدیں نہیں دیں,1
پانی پانی کر گئی مجھ کو قلندر کی یہ بات تو جھکا جب غیر کے آگے نہ من تیرا نہ تن,0
منزلیں انہی کو ملتی ہیں جن کے سپنوں میں جان ہوتی ہے پنکھوں سے کچھ نہیں ہوتا حوصلوں سے اڑان ہوتی ہے,0
تبدیلی سرکار کا انتہائی افسوس ناک کارنامہ تاریخ میں پہلی مرتبہ پی ٹی وی پہ خطبہ حج نہیں دکھایا,0
چودھری نثار نے بوٹ پالشیے سلیم صافی کو سوالات کے جوابات سے کھسیانا کر دیا,1
بے شرم انسان شرم نام کی کوئی چیز ھے کہ نہیں,1
کانچ کی ہانڈی کا بیچ چورائے پھوٹنے کا وقت ہوا چاہتا ہے,1
ہماری آنکھوں کے تارے یہ فوجی جوان ہمارے,0
شوباز شعبدہ باز کو حکومت راس نہیں آ رہی شوباز کی مثال اس شخص کی طرح ہے جو اونٹ پر بیٹھا ہو اور نیچے سے کتا بھی کاٹ لے رؤف کلاسرہ,1
میں نہیں بولدی او لوکو میں نہیں بولدی میرے وچ میرا یار بولدا,0
راغلی خو خالی خالی لاسونہ دروغجنہ دروغجنہ,1
اسٹیبلشمینٹ ابھی تک نیوٹرل نہیں ہوئی چیئرمین پی ٹی آئی عمران خان,0
پیارو سندھ جٸے سندھ جٸے سندھ وارا جٸے بغض جیسی موذی بیماری میں مبتلا حضرات ویڈیو نہ دیکھیں کہیں آگ نہ لگ جاۓ,1
ہمارا آرمی چیف بھی چور ہے اسی وجہ سے چوروں کو پسند کرتا ہے اور عوام پر مسلط کر دیا ہے اس نے,1
آج تک کون سا سیاسی رہنما آیا ہے جو اپنی حکومت گرا دیتا ہے جو کہ فیصد پاکستان ہے,0
یہ ماننا پڑے گا نواز شریف کے بیٹے تو اس قابل نہیں نکلے پر بیٹی مریم بالکل اپنے والد کے نقش قدم پر چل رہی ہےنواز شریف جنرل ضیاء الحق کا لاڈلا تھا اور بیٹی,0
اس تباہی میں تم بھی برابر کے شریک ہو جس وقت معشیت اور ڈالر کی مستحکمی والے آئے تو تمہارا بھی لفافہاب جبکہ تمہارے اکاونٹس شاید بھرگئے تو مقدمے اور کیسز یاد آئے ابھی تک تو ایک تالی چاٹ رہے تھے تم سب بشمول اونچی اونچی دیواروں اور خاردار تاروں والے مخافظ,0
تو ٹھیک کہا تھا اس نے کتا ہے کتا تو پھر بھی وفادار ہوتا ہے لیکن سؤر ہے,1
عمران خان کا اوور سیز ووٹ بنک سارا پاکستان آنے والا ہے اوورسیز یوتھیئے عمران خان کی آخری امید بھی دم توڑتی نظر آرہی ہے اپنی اپنی شہریت بچانے کیلئے ترلے منتیں کررہے,0
جو پارلیمان کا ممبر پیپلز پارٹی کی طرف سے کی گئی بدترین دھاندلی کو سامنے لے کر آرہا ہے اس کے خلاف انتقامی کارروائی کی جا رہی ہے رہنما تحریک انصاف اسد عمر,0
منحوس یہ سوچ کے جی کے پوری دنیا سے محب وطن پاکستانی تیرے دشمن ہیں خود کو بچا نہی سکے گا تیرا جو حال ہو گا انشاءاللہ تو سوچ بھی نہی سکتا,1
اس کو بھی پتہ ہوتا سننے والے گدھے ہیں جو مرضی بکواس کر لو انہوں نے یہی کہنا شیر,0
ایتھے رکھ ذراٹے دار تھپڑ رسید کیا ہے کیونکہ,0
اربوں ڈالرز چوری کرکے بچوں سمیت ملک سے فرار اپنی ماؤں کے جنازے تک پارسل کیے خود نہیں آئے وہ مفرور اشتہاری انکے لیڈر ہیں اور یہ نظریاتی مسلم لیگیکوئی عقلمندی ہوتی ہے کوئی شعور ہوتا ہے,1
اس سے پہلے ان منحوسوں کے خلاف کار روائی ہونی چاہئیے جو اس غدار کو ائیر فورس ون کے جہاز میں بٹھا کر لائے اور جنہوں نے ان سب کی آل اولادوں کے کیسز معاف کیئے اور کروائے,1
سندھ کے ہسپتالوں میں بنیادی سہولتیں نہیں وینٹلیٹرز نہیں لاڑکانہ میں چانڈکا ہسپتال میں آکسیجن سلینڈر نہیں لیکن حکمرانوں میں کیسٹ بیچنے والوں کو بھی کروڑوں کا بنگلہ گفٹ میں مل رہے یہ ہے بھٹو کا نظریہ,1
بنی گالہ میں ایک بادشاہ رہتا ہے جو کسی ظالم طاقتور اور زمینی خدا کے سامنے نہیں جھکتا اور نہ اپنی قوم کو جھکنے دے رہا ہے,0
مقدمات کی سنچریاں مکمل کرلی لیکن عمران خان نہیں ڈرا قتل کرنے کی کوشش کی گئی عمران خان نہیں ڈرا ایف آئی آر درج نہیں ہونے دی عمران خان نہیں ڈرا,0
ان اوچھے ہتھکنڈوں سے این ایف سی مل جائے گا,0
یہ جو غنڈا گردی ہے اس کے پیچھے وردی ہے جی یہ نعرہ تو دانیال عزیز والے ہی لگاتے تھے جن کو ناپاک فوج کے چیف تیمارداری کے لئیے گئے ہوئے تھے دو,1
تاریخ گواہ ھے جب بھی کہیں بھی کوٸی کنڈوم حادثاتی طور پر پھٹتا ھے تو اس کا نتیجہ فیاض چوہان جیسے لوگ ہوتے ہیں,0
مریم اورنگزیب وچاری فضول کی کھجل ہو رہی ہے,1
میرے عزیز محترم الباکستانیوں اسے بڑی کوئی بے عزتی ہوسکتی ہے,1
ایسے اور بھی بہت سے جرنیل ہیں جنہوں نے اس ملک کو یہاں تک پہنچایا یہ لوگ شہیدوں کے خون سے ہماری ہمدردیاں سمیٹتے رہے اور پاکستان کو دھوکا دیتے رہے لعنت بے شمار ان پر اور اس سارے نظام پر جو اسکو سپورٹ کرتا ہے فوجی شہید ہوتا ہے اور یہ لوگ بلجیم میں بنگلے بنا تے ہیں,1
جلایا مجھ کو الاؤ میں وقت کے نمرودوں نے خطا یہی ھے کہ مجھ سے کوئی خطا نہ ھوئی,0
تیری ماں کی چوت عمران خان تب سے پاکستان کا نام روش کر رہا ہے جب تم پیدا بھی نہیں ہوئے تھے,1
ملک ریاض کے نام سے کوئی بھی میڈیا خبر نہیں دے رہا اور نہ ہی حکومت کوئی بیان بازی کرتی نظر آتی ہے پتہ نہیں یہ سب لوگ ملک ریاض سے کیوں ڈرتے ہیں,0
بڑوں کا پریشر بڑے دل گردے والے ہی برداشت کر سکتے ہیں جماعت نیلامی والے نہیں,0
صفدر گدھے چرانے گیا ہوا تھا,0
ہاے بلجیم یاد آرہا ہے بول باجوے,0
کریمینلز آرٹیکل کی بات کررہے ہیںسپریم کورٹ انکی رنڈی کا کردار ادا کررہی ہےسرعام ضمیر فروشی کیملک سے غداری کیسازش ڈاکہ ڈالااسٹیبلشمنٹ بھی ساتھ تم آرٹیکل لگاؤ اللہ کی قسم تم سب ختم,1
گل بخاری نے موچی پیدا کرنے والے پوسٹل ایڈریس کو بیچ چوراہے ننگا کر دیا جسکے بعد حامد میر عمار مسعود جیسے دوستوں کو ملک کی بگڑتی ہوئی اخلاقی صورتحال یاد آنے لگی انہوں نے مریم علیمہ خان اور بشری مانیکا کیخلاف چلنے والے ٹرینڈز کو تو غیر اخلاقی اور,1
پہلے ایک ارشد پوچھتا تھا اب لاکھوں ارشد پوچھتے ہیں کس نے یہ وطن کا حال کیا کس نے چوروں کا ساتھ دیا وردی میں چھپا غدار ہے کون ارشد کےبچے پوچھیں گے اعظم کی پوتیاں پوچھیں گی عمران کے بھائی پوچھیں گے اس وقت کا جو فرعون تھا وہ کون تھا وہ کون تھا دو,1
بیغیرتی کے بھوت ننگے ناچ رہے ہیں دو پاک فوج زندہ باد باجوہ بیغیرت مردہ باد بریگیڈیئر راشد بیغیرت کا بچہ,1
کے پاپا بھگوڑا لندن میں ھے,1
پاکستانی نظام میں جو تبدیلی لانا چاہے گا اسے ہر قسم کے پراپیگنڈے کا سامنا کرنا پڑتا ہے خان کو ہی دیکھ لیں جس کیخلاف سال سے ہر قسم کا گھٹیا پراپیگنڈہ ہورہا ہے تانیہ ایدروس اور ڈاکٹر ظفر مرزا اس کرپٹ نظام کی تاب نہیں لاسکے اور مستعفی ہوگئے یہ اس قوم کیلیے لمحہ فکریہ ہے سوچیے,1
سات لاکھ کا مالک ھونے کے باوجود وہکروڑ کو نہ بچا سکا وہ کون تھا,0
آج پاکستان میں فیکٹریاں بند ہو جائیں گی جس کیساتھ لاکھ لوگ بالواسطہ اور تین کروڑ لوگ بلاواسطہ غربت کی لکیر سے نیچے چلیں جائیں گے یہ یے اس امپورٹڈ ناجائز فاشسٹ سرکار اور بیغیرت آئین شکنوں کی پہلے ماہ کی کارستانی,1
ہورزم حق و باطل تو فولاد ہے مومن,1
بہترین سیمینار تھا فواد چوہدری نے الیکشن کمشنر کو اور اعلی عدلیہ کے ججوں کو جس طرح ننگا کیا اگر ان میں ذرہ برابر بھی غیرت ہو تو استعفی دے دیں لیکن غیرت نہ باجوہ میں ہے نہ ججوں میں اور نہ الیکشن کمشنر میں,1
اگر تھوڑے بھی پڑھے لکھے ہو تو جا کر پاکستان اکنامک فورم کی رپورٹ پڑھ لو باقی جھوٹا اور بےغیرت میں آپ کو نہیں کہوں گافضول ہےکہنا,0
ملک میں آگ لگا کر چرس کا سوٹا لگا کر جنرل بےوجہ اور اس کی غدار ٹیم کھتے گھوڑے بیچ کے سوگئ ہے ملک جائے بھاڑ میں,1
خان جی توہاڈے ورگا کوئی جمیا ہی نہیں,0
خواب دیکھنے کے لئے ہوتے ہیں ان میں الجھنیں سے گریز کریں تڑپتا دیکھتا ہے وہ جب مجھے ہائے کتنی ہمت آ گئی ہے اس میں,1
نوجوانوں کو بہادری سیکھنی چاہیئے اس شخص سےجو نہیں ہارا سالوں سے,0
اس کی اصل جہگہ ہیں سور کی,1
روزگار ملنے کے اقدامات دکھائی نہیں دیتے شہبازشریف واقعی آپکا تو پورا خاندان بے روزگار کر دیا ہے عمران خان نے ورنہ تو آپکی بہو بیٹیاں اور بیویاں تک کروڑوں کی ٹیٹیاں کروا رہی تھیں,1
کھوتے کا وہ ھی لین گین ھم سے لعنت بیجتے ھین اس حکومت پر بیشمار,1
اس کا بھی ٹرمپ والا حال ہوا پڑا ہے,0
کا لاکھوں بیروزگار کارکنوں جے ہمراہ دھرنا نے سارے ملک دے بیروزگاراں نوں ہزار دتے منوں کسے فٹے منہ نہی کہیا جد تک اچ ناں نہی آوندا میں ایتھے ہی بیٹھیاں,1
کھسرے اعشارے ہی کرتے ہیں ویسے اشارہ کس کو کیا میڈیا کو,1
ان گشتی کے بچوں کو لانے والے جو بھی ہیں ہم لعنت بھیجتے ہیں ان پر پہلے کچھ اب کچھ,1
نیوٹرل پاکستان کو بیچ کر دلالی کے ڈالر وصول کر چکا اب اس ملک کو اور کتنا برباد کرو گے کیا کوئی مرد مجاہد اس نیوٹرل دلال سے ملک اور غریب عوام کو نجات دلوائے گا ڈرو اس دن سے جب عوام کا ہاتھ اس نیوٹرل کے گریبان تک پہنچے گا,1
شایان علی کی کوششوں کو سلام اس بچے نے برطانیہ میں رہ کے نوازشریف کے ناک میں دم کر رکھا ہے آج نیشنل کرائم ایجنسی نے شایان کو خط بھیجا جس میں اعتراف کیا گیا ہے کہ نواز شریف اور اسحاق ڈار مفرور اشتہاری بگوڑے ہیں شئیر کریں پلیز ویلڈن,1
جب حکومت مل جائے تو وہ ہی صحافت اور صحافی اسکی آنکھ کا کانٹا بن جاتے ہیں دور چاہے سویلین ہو یا فوجی سب کی نگاہیں میڈیا پر ہی ہوتی ہیں,1
قربان جاؤں اپنے مرشد پہ اب لگتا ہے یہ والی لگانی پڑھے گی,0
کابینہ میریٹ پہ سیلیکٹ ہو گی ٹیم سیلیکشن کا میں ماہر ہوں ہم پڑھے لکھے نوجوانوں کو لائیں گے تین مہینے تو ہمیں سمجھنے میں لگ گئے کبھی بھی نئی گورنمنٹ کو اس طرح نہیں آنا چاہئیے اس کی پوری تیاری ہونی چاہئیے کالی دال جادو ٹونا جنات کچا گوشت چلہ,0
باجوے جواب تو اب دینا ہو گا,0
بہن چود کنجر بیغیرت بیغیرت بہن چود کنجر بیغیرت بیغیرت بہن چود کنجر بیغیرت بیغیرت بہن چود کنجر بیغیرت,1
پاکستان کے طاقتور حلقے پاکستان کے بائیس کروڑ عوام ہیں نہ کہ بند کمروں میں بیٹھے ہوئے جنرل اور ججز عوام کو چاہیے ایسے بندے کو ووٹ دیں جو ملک کے لیے اچھا ہو جو مشکل وقت میں ملک چھوڑ کر بھاگ نہ جائیں امریکہ کی غلامی نہ کرے,0
کوئی اندازہ کر سکتا ہے اس کے زور بازو کا نگاہ مرد مومن سے بدل جاتی ہیں تقدیریں,0
فضل الرحمن کے ڈیرہ اسماعیل خان سے گرفتارہونے والے بے نامی دست راست موسی خان نے نیب کی مہمان نوازی کابوجھ برداشت نہ کرتے ہوۓ فضل الرحمن کی آپ بیتی سنا دی ہے جس پر فضل الرحمن حواس باختہ نظر آتے ہیں شریفوں کے طوطے عثمان اورزرداری کی ایان کی طرح کا لنک موسی فضل الرحمن میں بھی ہے,1
مرے غنیم نے مجھکو پیام بھیجا ہے کہ حلقہ زن ہیں مرے گرد لشکری اسکے تمھارے ساتھ ہے کونآس پاس تو دیکھو تو شرط یہ ہے جو جاں کی امان چاہتے ہو تو اپنے لوح و قلم قتل گاہ میں رکھ دو وگرنہ اب کہ نشانہ کمان داروں کا بس ایک تم ہو تو غیرت کو راہ میں رکھ دو احمد فراز دو,1
ایٹمی اثاثے صرف گروی رکھے جائیں گے ملکیت یماری ہی رہے گی اسحاق ڈار مبارکباد پاکستانیو,0
اس ملک کیلئے فوج اور عدلیہ عزاب ہے,0
یہ وہ بیغیرت بغضیا ہے جو رانا شمیم کے جعلی حلف نامے کی خبر چھاپ کر برطانیہ بھاگ گیا تھا یہ نفسیاتی عمران خان کی نفرت میں مرتد ہو رہا یے,1
میری اسلامی تعلیمات کے مطابق دوزخ کہ ان حصوں میں ھوگا جہاں ابو جہل فرعون نمرود زرداری اور بھٹو اور شریفوں کا خاندان ھوگا,1
فیٹف معاملے پر اپوزیشن جس بندے کو بلیک میل کرنا چاہ رہی ہے وہ بلیک میل ہوگا نہیں اس نے میڈیا کو ناراض کرکے نقصان اٹھالیا لیکن انکی پر ڈانس نہیں کیا آفتاب اقبال,1
نگراں وزیر اعلی کے پی کے لیے مذاکرات کامیاب,0
ہم نے فوج سے بے پناہ محبت کی مگر چوروں ڈکیٹوں اور لٹیروں کے سردار اور سہولتکار تو یہ جرنیل ہیں اب کس ضمیر اور کس منہ سے ان کی اصلیت جاننے کے بعد ان کا ساتھ دیں یہ ہماری توہین ہے کہ ان چوروں کو سپورٹ کریں معزرت ہے,1
اگر اوپر کے چند جرنیل غدار ہیں تو باقی کی افواج پاکستان کیا مردار ہوگئی ہے جو ان گدوں کے حوالے کردیا ہے خود کو بھی اور پورے پاکستان کو بھی,1
یہ شریفوں کا دلا سینیٹر ہے اور جھوٹ پھیلا رہا ہے تیرے جیسے بدبودار دلے پیسے کے لئے ماں کو بیچ دیں وگرنہ شریفوں کی دلالی کی کوئی اور وجہ نہیں ہوسکتی,1
ظرف ظرف کی بات ہے راناثناء نے خان صاحب کیخلاف مزہبی منافرت پھیلائی اور پھر قاتلانہ کروایا لیکن کل جب ہسپتال داخل ہوا اور تحریک انصاف کے لیڈران کی طرف سے نیک خواہشات کا اظہار کیا گیا,1
یوتھیئے کا گندہ کیڑا نکل گیا جے,1
جیس کے اندر گندا خون ھے جو اس وردی کا بلکل حقدار نہی ھے,1
میرے باشعور پاکستانیوں جھوٹوں کی نانی اور جھوٹ بول کر دم دبا کر لندن بھاگنے والے نے اپنی لسٹ سے باجوہ کا نام کیوں اور کیسے نکالا,1
بکاؤ اور لفافہ ایسے سلیقے سے واردات کرتے ہیں کہ کسی قاری یا ناظر کو بہ مشکل ہی اس بات کا احساس ہوتا ہے کہ صحافی کس طرح رائے عامہ پر اثر انداز ہونے کی کوشش کررہا ہے دشمن کی طرف سے ففتھ جنریشن وار فیئر کا ہراول دستہ ہیں ہمارے صحافی,0
ارطغرل کے بعد جو چیز مجھے پسند ھےتو وہ یہ ویڈہو ھے دونو میں حقیقت بیان کی گئی ھے,1
حمزہ شہباز شریف نے اپنی پی یہ پر ڈاکٹر رضوان کو مروا دینے کی دھمکی دی تھی اور کل پرسرار طور پر ڈاکٹر صاحب کا انتقال ہو گیا مافیاز اس طرح کام کرتے ہیں,1
شاہد خاقان عباسی ایک جھوٹا انسان ہے یہاں بھی اس نے دیامیر بھاشا ڈیم کا کریڈٹ لینے کی کوشش کی تو امیر عباس کے ہاتھوں چھترول کروا لی لیکن اس شخص کو کوئی فرق نہیں پڑتا کیونکہ اس کی عزت امریکی ائرپورٹ پر لٹکی ہوئی ہے,1
سندھ کے اوپر کتوں کا قبضہ ھے انشاءاللہ ھم سندھی بھائیوں کے ساتھ مل کر ان کتوں سے اپنے بھائیوں کے جان چھڑائینگے,1
رات کا تو پتہ نہیں لیکن جب گرہن لگ جاتا ہے ہے تو جلدی ختم نہیں ہوتا یہ منہوس مارے جو ہم پر مسلط ہوگئے ہیں کسی گرہن سے کم نہیں,0
حرامی پن ہے بھیإ نیازی اس ہی لائق ہے اس کو جتنی زیدہ گالیاں ملیں کم ہیں لوگ سخت مصیبت میں ہیں اور اس کو حرامی پن سوجھی ہوئی ہےاس لعنتی کا حرامی پن چیک کریں,1
اللہ بڑے صاحب اور اس کے کارندوں کے خاندن خاص طور پر اس کے ماں بیوی اور بیٹیوں کو بھی قوم کے سامنے برہنہ ہوکر ذلیل کریں عدالتلگاؤ,1
ذرا دیکھو ذرا سنو بیشرمی کی انتہا ہی نہیں عمران خان کیا کچھ لے کر نہیں بھاگ گیا,0
یہ غدار بھی ان چوروں کے ساتھ ملا ہوا ہے,1
میں شہباز شریف کے رویے میں بہت لچک کا مظاہرہ دیکھا قاسم علی شاہ لگتا ہے قاسم علی شاہ نے ماڈل ٹاؤن واقعہ مئی واقعہ وزیر آباد واقعہ نہیں دیکھا,0
جگالی کرنیکے ثبوت حاضر خدمت ہیں,1
سنو یہ جو تم نے انداز اپنا بدلا ہے یہ بدلا ہے یا بدلہ ہے,0
گھر میں ڈاکو ڈکیتی کریں چوکیدار بولے میں نیوٹرل ھوں,0
ان لوگوں کیلۓ کامیاب بنو جو تمہیں ناکام دیکھنا چاہتے ہیں,0
نیز فوکل پرسن نقد اور آسان قسطوں پر بھی دستیاب ہیں دیگر تقریبات اور شادی بیاہ کیلئے فوکل پرسن آرڈر پر تیار کروائیں شکریہ منجاب انتہائی ویلی سوشل میڈیا ٹیم,0
الله ایک ہے اور اس کے سوا کوئی اس قابل نہیں ہے کہ اس سے مدد مانگی جاۓ,0
ڈالر اور طاقت کے لیئے کوئی بھی کسی کو بھی مروا سکتا ہے یہ تو صرف جرنیلز تھے بچارے ہم تو وہ کم نسل اور بے غیرت طبقہ ہیں جو اپنے بچوں تک کو مروادیتے ہیں ڈالرز کے لیئے,1
پاکستانی فوج کا واحد نر جرنیل,0
یااللہ عمران خان کی حفاظت فرمائے پاکستانیوں آج مرشد مرشد کو گرفتار نہیں ہونے دینا کی یہ خواہش تو انشاءاللہ پوری نہیں ہونے دیں,0
جیل میں مریم نواز کو کی سہولت تو میسر تھی لیکن بے چاری کے پاس استری نہیں تھی کیا بات ہے,1
آج پھر کچھ ججوں کی غیرت اچانک سے جاگ رہی ہے کچھ سمجھے,0
دو راستے تھے یا تو ان چالیس ہزار لوگوں جنگجوؤں اور ان کے خاندانوں کو کھڑا کر کے گولی مار دیتے اگر وہ نہیں کرنا تھا تو ان کا ری ہیبلٹیٹ کرنا تھا ساری سیاسی جماعتیں اس کے لیے متفق تھیں مگر ایسا نہیں ہوا,0
آپ کے ٹیکس کے ایک ایک پیسے کی حفاظت کر رہا ہے یہ بندا ہمارے ادارے ملک کے انٹرسٹ میں سوچے نہ کے کسی دو خاندانوں کے اور مافیا کا ساتھ نہ دے ادارے تو ملک ترقی کر سکتا ہے,1
ان آئین شکن بغلولوں کے جتھے میں کوئی شرم کوئی و حیا نہیں نوازشریف کو اقتدار میں واپس لانے کیلیے آئین سے صادق اور امین کے الفاظ نکالے جا رہے ہیں اس امپورٹڈ سرکار اور بیغیرت آئین شکنوں پر لعنت,1
یوسف رضا گیلانی یہ وڈیو جعلی یے علی موسی گیلانی ابو جی یہ وڈیو اصلی یے مریم صفدر میری لندن تو کیا پاکستان میں بھی کوئی جائداد نہیں حسن نواز الحمدللہ یہ فلیٹ ہمارے ہیں اور انکی بینفشری مریم نواز ہے یہ سارے ہی ڈفر ہیں,1
امریکہ نے بھارت کو اقلیتوں کیلئے سب سے خطرناک سفاک ظالم ملک قرار دے دیا لیکن کسی پاکستانی صحافی نے اس پر پروگرام نہیں کیا اگر پاکستان کیخلاف اتنا بڑا بیان کسی ملک نے دیا ہوتا تو پورا بھارتی میڈیا کتے کہ طرح پاکستان پر بھونکتا ہمارا بکاو میڈیا عالم دین پر بھونکنے کیلئے ہے,1
اسلام کا نام لیکر ووٹ لینے والا حافظ بھٹو کو پیارا ہو گیا,0
اسکو مدد کی ضرورت ہے اسکو کسی اچھے ماہر نفسیات کے پاس لے جاؤ اسکا علاج کرواؤ بلکہ اسکو ڈسٹرکٹ پاگل خانہ شاہ جمال لاہور داخل کراؤ اس جیسے نمبر بندے کا علاج ادھر ہی ممکن ہے صافی تیری روح گل سڑ چکی ہے بدبو کے بھبھوکے اٹھ رہے ہیں اس سے,1
علی حیدر گیلانی اپنے باپ یوسف رضا گیلانی کیلیے سینٹ الیکشنز میں ووٹ خریدتا پکڑا گیا الیکشن کمیشن ستو پی کر سوتا رہا لیکن فیصل واوڈا کو یکطرفہ فیصلہ پر نااہل قرار دے دیا,1
واہیات کے بچے تمہاری زندگی میں سوایے پہلے زرداری کی کے اب مریم کے پیر چاٹنے کے علاوہ کیا ہے,1
عدالت نے طلال چودری کو دلالی کرنے کی کھلی اجازت دے دی دلال چودری سرخرو,1
کیا یہ خبر وڈیو پاکستان میں چلائی گئی ہے,0
نیا پاکستان عالمی منڈی میں تیل ڈالر فی بیرل پاکستان میں روپے لیٹر پرانا پاکستان عالمی منڈی میں تیل ڈالر فی بیرل پاکستان میں روپے فی لیٹر سب کا پرانے پاکستان کا کیڑا نکل گیا یا ابھی کچھ باقی ہے,0
بے غیرتی میں پیپلزپارٹی والوں کا بھی اپنا مقام ہے,1
آصفہ قمبرآنی اپنے ایک گمشدہ بھائی کی لاش وصول کرنے کے بعد دوسرے لاپتہ بھائی کے لئے کیمپ میں کھڑی ہے ماما قدیر بلوچ آج بھی سراپا احتجاج ہیں آمنہ مسعود جنجوعہ کے زخموں پر آج بھی کسی نے مرہم نہیں رکھا ادریس خٹک ابھی تک لا پتہ ط,1
نعرہ عوام دا باجوہ دوسرا حرام دا پہلا وہ جو اسے سپورٹ کرے دو,1
کو اس کی حسن کارکردگی پر ایوارڈ دلوا دیا گیا اور اگلی نوکری کی یقین دھانی بھی اب عوام جائے بھاڑ میں چوروں کا ٹولہ جو چاھے عوام کے ساتھ سلوک کرے اب کا کام تو صرف مسلط کرنا تھا شرم کرو,1
وزیردفاع خواجہ آصف کے بیان پر تحریک انصاف کے رہنما فواد چوہدری کا ردعمل,0
اگر دانیال عزیز قومی اثاثہ ہے تو پھر طلال چوہدری کا بھی پتہ کرو وہ ضرور فرعون کی حنوط شدہ ممی ہو گی,1
بھارت میں مسلمانوں پر زمین تنگ کر دے گی کرونا وائرسکا ذمہ دار مسلمانوں کو قرار دیا جارہا نہ کوئی راشن دے رہا بلکہ اگر کوئی ان کی بستی میں کوئی ایک آدھا مسلمان رہتا ہے تو اس کے گھر کو تالے لگا کر اندر بند کر رہیں یا پھر علاقے سے دربدر کر ہیں,1
دھیان رکھنا وہاں کوئی کے نعرے نہ لگاۓ پلیز پلیز,0
حبیب اکرم کی مونث صورت یہ بیچاری بھی سارا سارا دن بغض عمران میں ماری ماری پھرتی ہے اور سامنے باشعور عوام آ جاتے ہیں,1
پاکستان نواز زرداری پاجوہ بندیال پاکستان بدترین عدلیہ ثابت ھو گئ ہے جسٹس پاکستان استعفے دو,1
جب سے پاوں تمھاری فضل الرحمان اور پوری پی ڈی ایم کی گانڈ میں دینا شروع کیا ہے خان نے,1
یہ شخص صرف سند یافتہ مجرم ہی نہیں بلکہ سند یافتہ ذانی اور نشئی بھی ہے,1
مراد سعید پر بہتان لگانے سے پہلے کاش فضلانڈو آئینہ دیکھ لیتا,1
اسکا مقابلہ چوں چوں کا مربہ کیسے کرے گا,0
اس ملک کے جو حالات ہیں ایک ہی دفعہ اپنی وڈیوز بنا کے سب پیش کر دیں تاکہ ان گرے ہوئے لوگوں کو بلیک میلنگ کے لئے کوئی نہ ملے شرمناک اور افسوسناک,0
تب بھی بھٹو اور شامل تھے اس گندے کھیل میں اور اب بھی بھٹو کے وارث اور وہی غدار وطن جرنل ہیں ملک کب ان غلاظتوں سے پاک ہو گا,1
لاحول ولاقوئت آپ کو پچھلے سال کا حافظ سعید کے گھر کے سامنے جوہر ٹاون دھماکہ بھول گیا,0
خان نے سہی کہا تھا کہ میں ان کو رولاؤ گا ان کو تکیف پہنچے گی اوے کنجروں یہ تو پارٹی شروع ہوئی ہے,0
ویسے مزے کی بات ہے جتنے بھی لفافہ صحافی ہیں سب کے سب پی ٹی آئی اور اسرائیل کے حامی ہیں مثال کے طور پر کامران خان اور مبشر لقمان وغیرہ,1
اس لڑکی پوری کو بلاول بنا گئ سمجھ تو گئے ہوں گے جو کام جہاں باز اور اس کا پورا میڈیا چینل اور کے سامنے گھٹنے ٹیک کر آئندہ انکی کرپشن پر رپورٹنگ نہ کرنے کا معاہدہ کر لیا وہ کام ایک نہتی لڑکی سنتھیا رچرڈ جان کا خطرہ اٹھا کر کر رہی,1
مریم نواز کہا کرتی تھی کہ اسے بوٹ پالش کرنا آتے ہیں لگتا ہے کامیابی ہو گئی پہلے پانچ کے ٹولے میں باجوہ کا نام دونوں باپ بیٹی لیا کرتے تھے اب اچانک ایک لفظ بھی نہیں تو ثابت ہوا کی اصل لاڈلی یہی تھی,1
سوشل میڈیا پر کافی پیتے ہوئے میاں نواز شریف کی تصویر فیک ہے میاں صاحب بستر مرگ پر موزی کتے کیطرح پڑے کھانس رہے ہیں مشاہداللہ,1
سچی بتانا یہ فوٹو گرافر ہیں کہ گانڈو,1
ہندوستانیوں نےٹویٹر پر جو غنڈہ گردی مچارکھی ہےسب کےاکاؤنٹ سسپینڈ کروارہے ہیں انہیں ایک بارپھرجواب دینےکا وقت آگیاہے ہم نےایک بار پہلےبھی ان کا جواب دیا تھا انشاء اللہ اب پھرجواب دینگے مجھےرپورٹنگ کیلئےایکٹو چار سو لوگ چاہئیں ہے کوئی جو ملک کیلئےیہ جہاد لڑے فالو کرکے ڈن لکھیں,1
حیرانگی اس بات پہ ہے کہ عمران اپنے سارے جرم تسلیم بھی کرلیتا ہے پر ہماری عدلیہ پھر بھی کچھ نہیں کرتیاندھے پن کی انتہا ہے ویسے,1
بی آر ٹی ٹریک پر آہنی باڑ نصب کرنے کا ٹھیکہ انتہائی مہنگے داموں دیا گیا جس میں ایک بیوروکریٹ اور سابق صوبائی وزیر ٹھیکہ دار کے خاموش شراکت دار تھے عمران خان اپوزیشن کو جیلوں میں دیکھنا چاہتا لیکن اپنے کرپٹ ساتھیوں کیلئے آنکھیں بند,0
بزدل بیغیرت اور بدکردار ملٹری لیڈرشپ کی وجہ سے ملک میں بدحالی تی ھے,1
جب تک عمران خان کھڑا ہے عمران خان کے ساتھی کھڑے ان چوروں ڈاکوؤں اور لٹیروں کو بھاگنے کا راستہ نہیں ملے گا,0
علی وزیر تقریر پہ جیل میں اور کے ساتھ مزاکرات جیلوں سے چھوٹ کوئی سزا نہیں,0
خان کو صرف خوف خدا ھے اسکا زندگی کی پرواہ نہیں,0
غدار بغلول باجوہ کہاں ہے باقی سب قاتلمجرم نیب عدالتیں میڈیا سیاستداندھشتگردتمام ادارے اس کی کٹھپتلیاں ہیںاصل مجرم کو ایکسپوز کروورنہ وہ چہرے بدل بدل کر پاکستان کو کمزور کرتا رہے گا,1
قوم و ملت کے غدار استعفی دو,1
ہم نے تو سنا تھا تم صرف قطر کی لاڈلی ہو ارے تم تو چپھی رستم نکلی,1
تحریک انصاف نے جن کو باپ کے درجے کے ساتھ ساتھ ایکسٹینشن بھی دی آج انھی کے خلاف زہر اگل رہے ہیں باجوہ صاحب کا واحد قصور تحریک انصاف کے جعلی مینڈیٹ سے اپنا ہاتھ کھینچ لینا تھا,1
اس کتے کی بھونکنے کی بعد ھر جگہ سے غیب ھے نصر من اللـه وفتح قريب دو,1
حکمران ادارے ہمیں اس لئے انسان نہیں سمجھتے کیونکہ ہماری حرکتیں انسانوں والی نہیںبدکاربدمعاشڈکیٹبے ایمانبے حسبے شرم لوگوں کا ہجوم کبھی اچھا معاشرہ بن سکتا ہے اور نا ہی ایک قومانہی حرامخور رسہ گیروں نے اداروں کو چلانا ہےاورحکمرانی کرنی ہےہمیں اپنا گریبان دیکھنا ضروری ہے,1
میں سلیم ٹاکی نوں فرائنگ پین آلا جزباتی انٹرویو دے کے لاہوریاں دی ہمدردیاں لین دی کوشش کررئ ساں مران خان دی پیشی تے لاہوریاں نے نکل کے پین یکی ماردتی سارے ڈرامے دی شرلی ڈائین,1
لاہور کے شہریوں سے اپیل ہے کہ کہیں بھی مین ہول کے ڈھکن کو غائب یا ٹوٹا ہوا پائے تو فوری طور پر پر اطلاع دیں تاکہ کسی بھی ناگہانی صورتحال سے بچا جا سکیں شکریہ,1
یی وردی والے دہشتگرد نارا لگ گیا ان غداروں جنرلوں باجوا نی عوام پی دہشتگردی کے ھی یی امریکی کتی شیطان ہی ان بیگرتوں کو عوام پکڑکے کے فانسی پی لٹکائی پہر پاکستان آزاد ہوگا,1
یہ بات سچ ہے ان بیوقوف پی ڈی ایم اور اسکے سہولتکاروں کی عقل اتنی ہے بس خان انکے ساتھ کھیل رہا ہے خان اپنی پچ پر لاکر کھیل رہا ہے ان عقل کے اندھوں کو سمجھ نہیں آرہی استعفے منظورکروانا بھی خان کی سیاسی چال تھی جس میں یہ خود پھنس گئے,1
اسی ماما قدیر نے کراچی میں حملہ کروایا ہے جسے حامر میر نے ہیرو بنایا تھا غدار کا جو یار ہے غدار ہے غدار ہے,1
پرانی روش برقرار ہے سرعام دھاندلی بھی الیکشن کمیشن اور اداروں کو نظر نہیں آئی,0
اےچاند یہاں نہ نکلاکر موٹروے کیس میں نئی پیش رفت جس ملزم عابد کو شناخت کیا گیا ہےاسکےبارے میں انکشاف ہواہے کےوہ پہلے بھی ایک لڑکی کو اسکےوالد کے سامنے ریپ کرچکاہے چیف جسٹس بتائیں اسکو کس نےچھوڑا تھاکس نے اسکو سزا سےبری کیاہوسکے تو اپنے انصاف اور ججوں کےکرتوت بھی دیکھ لیاکریں,1
رانا ثناء اللہ نے رانا ثناء اللہ کا نام سے نکال دیا رانا ثناء اللہ نے کہا کہ رانا ثناء اللہ بیگناہ ہے,1
ایک ظلم طاہرالقادری کے لوگوں پر اور پی ٹی آئی کے لوگوں پر ہوا یہ ہم کبھی نہیں بھولیں گے دو,0
پلاننگ ۲۰۱۳ سے ہی شروع کر دی تھی کہ مزید جمہوریت شفاف الیکشن ہوئے تو ملک پر ہماری گرفت کمزور ہوتی جائے گیسو جمہوریت کو لپیٹنا ہی تھا ۲۰۱۴ سے عمران کو ڈی چوک میں کھڑا کیا ہوا تھا ایک جج کو نوکری سے فارغ تو دوسرے کو کرونا سے نواز شریف الٹے بھی لٹک جاتے آپ کے کہنے پہ تو بھی,0
عمران نیازی اپنی بیٹی ٹیریان کو تسلیم کرے یا انکار کرے ایک جملہ,1
ملک ریاض کی منی لانڈرنگ پکڑے جانے پر پاکستان میں روزہ سوگ میڈیاججنیب اور سیاستدان غم کی اس گھڑی میں ملک ریاض کیساتھ ھیں,0
إنا لله وإنـا إليه راجعون لیاری گینگ وار کے سرپرست اور عزیر بلوچ کے قریبی ساتھی قادر پٹیل کی قیادت میں کرونا کی شرح میں دوبارہ اضافے ہونے پر کا اجلاس,0
مندر کی حمایت پر جے یو آئی ایف فصل الرحمن کے نمائندے کی خواجہ آصف پر تنقید خواجہ آصف کا جواب کاش یہ بات خواجہ آصف فضل الرحمن کے کنٹینر پر چڑھنے سے پہلے سوچتے,1
یہ سارے کیوں پوچھ رہے ہیں,0
اس وقت امپورٹڈ حکومت بوکھلاہٹ کا شکار ہے یہ بھگوڑے الیکشن سے جتنا مرضی بھاگ لیں ان کا ہر قسم کا بندوبست عمران خان نے سوچ رکھا ہے,0
ھذا رجل بے غیرتن کبیرہ پین یکن کثیرہ حرامخورن شدیدہ رفيق أكثر اللصوص عديمي الضمير وقواد الحدادين الذي يحمل الإجمل نارووالی ارسطو ہن دس کنجرررا وڈا عربیاں دا سالا,1
چوروں کے گھر چوری کرنے گیا تھا یہ بھکاو کتا مگر ہاتھ کچھ نہیں آیا بھگوڑا,1
وقت آگیاہے کہ لوگ کھڑے ہوںعدالتوں سے سوال کریں اور سیدھا کریں کیونکہ یہ خان صاح کا وقت بربادکررہے ہیں,0
کیسے چھوڑ دوں اس شخص کو جس نے اپنی پھول جیسی بیوی لال جیسے بچے اور بادشاہوں والی زندگی چھوڑ کر سال تک ہمارہ انتظار کیا,0
آ گئی سمجھ یہ قانون پاکستانی عوام سے مزید پیسے بٹورنے کا منصوبہ ہے ظاہر ہے پاکستانی جگت بازی سے تو باز رہ نہیں سکتے لحاظہ ہر جگت کے پانچ لاکھ اور فوجی خزانہ مالا مال اور ثبوت اس کا یہ کہ آپ نے دیکھ ہی لیا قانون نے خوف کی بجائے جگتوں کا بازار گرم کر دیا,0
امپورٹڈ حکومت کا ایک ہی خواب ہے کہ راج ریاض کو بچانا ہےبے شرم راجہ رینٹل,0
یہ خواجہ آصف اپکے سابق وزیر خوراکباور بجلی پانی رھے ھیں جو انڈیا میں ڈیمز اور پانی کے منصوبے بناتے پاکستان پر پابندیاں لگواتے شملہ معاہدے کی کھلم کھلا خلاف ورزی کرتے رھے ھیں حکومتنامنظور,1
نون لیگ سیاست میں غلیظ زبان متعارف کروانے کی موجد ہے پاکستان کے تقریبا سارے پالتو صحافی در شریفاں کے غلام ہیں اسی لیے کوئی بھی اس غلازت کیخلاف آواز نہیں اٹھاتا,0
استریاں ہی استریاں خبردار کسی نے انہیں فرائینگ پین بولا تو عدالتلگاؤ,0
ن لیگ کو بڑا جھٹکا سابق وزیربرائے مذہبی امور اورنون لیگ کے مرکزی رہنما پیر محمد امین الحسنات کی تحریک انصاف میں شمولیت,0
عمران خان کے خلاف عائشہ گلا لائی اور ریحام خان بولیں تو میڈیا ان پر ہفتوں تک بحث کرتا رہا سنتھیا رچی نے پیپلز پارٹی کی قیادت پر بھی الزام لگائے ہیں لیکن اب آزاد میڈیا کہاں چلا گیا ہے کب بلائیں گے یہ سنتھیا کو اپنے شوز میں,1
ریحام نے پورن بک لکھی تو شو میں بلا کر چادر پہنائی گلا لئی نے فحش گوئی کی تو پوری فیملی کو شو پر بلا کر اعزاز بخشا سنتھیا نے ریپ کا الزام لگایا مالکوں پر جن کا اب پاکستان کی سیاست میں نام نہیں تو وہ قومی قیادت ہو گئے ہیں اور سنتھیا ایجنٹ بلے اوئے,1
باقی سب کرپٹ قاتل مجرم بکاؤ تمام ادارے اس کی کٹھپتلیاں ہیں اصل مجرم کا رد کرو ورنہ وہ کٹھپتلیاں چہرے بدل بدل کر ملک پر وار کرتا رہے گا,1
رجیم جینج پاکستان کو کنگلہ دیشن بنا کر ناک رگڑوانے بھیک منگوانے کا انڈین منصوبہ ہے بطور ٹشو پیپر استعمال ہونے والا باجوہ ماجوہ حواری رکنی کت خانہ پیسہ پکڑ پارٹی ہے جو پوری جانفشانی سے ملک لوٹ کر اسے کنگلستان بنا چکی ہے,1
نواز شریف اور مریم صفدر باہرخواجہ آصف باہر سعد رفیق باہر حنیف عباسی باہر شہباز شریف اور حمزہ شہباز باہر آصف زرداری فریال تالپور باہر چھٹی والے دن عدالت لگا کر دھڑا دھڑ لاہور ہائی کورٹ سے نون لیگیوں کی ضمانتیں ہوتی ہیں عدلیہ واقعی شریف مافیا کی قید میں یے,1
لاہور میں پی ڈی ایم کا جلسہ لاہور جلسے کی کامیابی یا ناکامی اس پر منحصر ہے کہ آپ نے اس کی کوریج کہاں دیکھی یہ حال ہو چکا ہے ایلیکٹرانک میڈیا مکمل بے توقیر ہو چکا ہے,0
باجوے کی فوج اپنی ہی قوم کو فتح کرنے کے مشن پر,0
آگے شاید خاقان عباسی بول رہا ہے اور پیچھے تحریک انصاف کے شیر اور شیرنیاں ہیں,1
آفتوں کے دور میں چین کی گھڑی ہو تم,0
اس طرح کے جرنل صرف اپنے ملک پر قبضہ کرتے ہیں ایسے جرنل ہی تو قبضہ معافیا ہیں اور ان کا سرغنہ اور ہے,0
شرم کر ماما تم لوگوں نے ھیلتھ سیکٹر میں کیا ہی کیا تھا جو سوال کر رھے ھو کوئی ڈھنگ کا ہسپتال بنایا ھوتا تو تیرا ڈیڈی باہر کیوں جاتا علاج کیلیے اور تیری ماں لندن کے وینٹیلیٹر پر کیوں مرتی,1
گورے بھی کتنے پاگل ہیں کپتان جیسے عقاب کا موازنہ مودی جیسے کھوتے سے کرتے ہیں بہتر تھا کھوتے کا مقابلہ کھوتےنوازشریف سے کرتے تو شاید مودی کھوتا جیت جاتا,1
جان کو لاحق کوئی خطرہ یا کوئی خوف عمران خان کے پاؤں کی زنجیر نہیں بن سکتا,0
اسمبلی کے فلور پر مریم اورنگزیب نے افضل کھوکر کو لقمہ دیا کہ وزیراعظم کی سیاست سے دور بہنوں پر جملے کسیں یہ ہے ن لیگ کی گھٹیا اور غلیظ سیاست پر مجال اب تک کسی ایک بھی صحافی نے اسکی مذمت کہ ہو,1
جو شخص یا خاندان جس نسبت سے مشہور ہو لوگ اس کا آٹوگراف اسی چیز پر کرواتے ہیں شریف خاندان ہانڈیوں لیکے مشہور ہے اسی لیے کیلیبری قطری چورنی کا آٹوگراف ہانڈی پر لیا گیا,1
آرمی چیف جناب قمر باجوہ صاحب کی مدت ملازمت میں توسیع کا نوٹیفکیشن جاری چلو بھئی بھٹواریوں قلم فروشوں دین فروشوں تمہاری چیخوں کا ٹائم شروع,1
پچھلے نے اگلے کے ذریعے بہت مال کمایا ہے,0
وہ تو نظر آرہا ہے اندھے کو بھی کہ سیاست سے دوری میں کتنی دلچسپی ہے بھائی جان کو,1
میں خان کا جانشیں ہوں اور نظریاتی کار کون بھی پر مجھے کوئی فالو ہی نہیں کرتا,0
کبھی گاری پر چلتی ہے اگر نہیں پھر ملک گھنٹا چلے گا,0
انی دیو یوتھیو پیچھے دیکھو پیچھے,1
عاصم سلیم باجوہ کی وضاحت کے بعد پاکستان میں بحث جاری احتسابی قوانین میں ترمیم کر کے اس کے دائرہ اختیار کو ملٹری اور سویلین افسران تک بڑھانا چاہیے اس واقعے سے حکومت کے احتساب کے دعووں کا پول کھل گیا ہے جس کی ناک تلے کرپشن کے کئی واقعات ہوئے بشرا گوہر,0
چھاتی ٹھوک کے کہتا ہوں کہ اگر ملک پہ کوئی بھی مصیبت آئے تو عام عوام عام سپاہی کے ساتھ شانہ بشانہ ٹھہریں گے ہمیں تم سے پیار ہے مگر تمہاری صفوں میں چھپے کچھ غدار ہمیں منظور نہیں,1
عاسمہ شیرازی سے تحریک انصاف کی حکومت کے خاتمے کے خواب دیکھ رہی یے یہ رات کو خان صاحب کے خلاف تحریک عدم اعتماد کامیاب کروا کر سوتی ہے اور صبح خان صاحب کو ہی وزیراعظم پاتی یے,1
قاضی عیسی کی کرپٹ بیوی سرینا عیسی نے کیس کی سماعت کے دوران دھمکی دی گئی تھی کہ اگر میرے خلاف فیصلہ آیا تو میں سب کا کچہ چٹھہ کھول دوں گا۰اس ایک دھمکی نے سب ججوں کو قاضی عیسی کی باندیاں بنا دیا۰,1
اکیلا ہی ھڑپ کرنے کے چکر میں ھوگا,0
اغوا کاروں نے پولیس کی وردیوں اور گاڑیوں کا استعمال کیا تم چور ڈاکو اور دہشتگر ہونے کے علاوہ ڈرپوک بھی ہو,0
پیسا سب کچ نہی ھوتا اج اس بغیرت کے بچے کے پاس حرام کا پیسہ ھے مگر عزت دو ٹکے کی بھی نہی ھے یہ خود بھی کوتے کی موت مرے گا یزیز,1
رجیم چینج آپریشن کی وجہ سے پچھلے ماہ میں پاکستان کو تقریبا ارب ڈالرز کا نقصان ہوا ہے اس مردود آئین شکن باجوہ پر اور اسکا ساتھ دینے والے کسی جرنیل کو پاکستان کی مٹی بھی نصیب نا ہو,1
اوہ جاہل پٹواری پاکستان میں بنا اور ن لیگ میں بنی تھی جب جرنل جیلانی اور ضیاالحق نے نواز گنجے کو گود لیا تھا ویسے ایسی بے غیرت ماں ہم نے نہیں دیکھی جو ہر بوٹ کی گود میں جاکر سو جاتی ہے,1
ابے چل گانڈے توں آ ذرا واپس تیری بنڈ تے لتر ماراں گے,1
جماعت اسلامی بھی ایکسپوز ہوگئی اور کوئی رہ گیا ہے کیا جس کو خان نے بے نقاب نا کیا ہو,0
باجوہ تیرے پورے خاندان پر لعنت,1
آپ کے ہاں وہی وزیر ہے جو آپ کے مطابق نواز شریف کو پیندا ٹھیک ٹھاک ہو بس یہی خوبی ہونی چاہئیے بغض نواز میں ملک کا بیڑہ غرق کر دیا ہے مہنگائی سے غریب کا جینا حرام ہو گیا ہے,0
خان کے لئے ہم اپنے گھر والوں سے لڑ کر اپنی منجی اٹھا کر نکل جاتے ہیں قاسم الو شاہ تو تے شے ای کوئی نہیں,0
عدالت میں کون بیھٹا رنڈی کا ہڈی کھانے والا کتا یہ تو سانڈ کے گھر سے لسی کا پتا کرنے والی بات ہو گئی,1
ورانٹ جاری ہوتے ہی منٹ میں ضمانت دنیا کی تاریخ کا تیز ترین ریلیف توشہ خانہ میں فوری ضمانت پی ٹی ائیکورٹ نکریمینلکورٹ,1
ہو سکتا ہے ملک ریاض تک درست پیغام نا پہنچا ہو پنکی پیرنی نے قیراط کا ہیرا نہیں فٹ کا کھیرا مانگا ہو,1
بقول شہباز شریف کے حکومت کو اپوزیشن کیساتھ چارٹر آف اکونومی پر دستخط کرنے چاہئیں سنیے اسد عمر کا مددل جواب,0
کھوتی کے بچو تمہارے دور میں سال پاکستان کا وزیر خارجہ ہی نہیں تھا اس سے بڑی نااہلی اور کیا ہو سکتی ہے,0
ایسے بے غیرت کو تو واقفے واقفے سے پھانسی دینی چاہیے کیونکہ اس امریکی پالتو ایجنٹ نے ہمارے پاکستان اور ہم پاکستانی عوام کے ساتھ معاشی دہشگردی کی ہے سہی ٹریک پر چلتے پاکستان کو کباڑہ بنا کر رکھ دیا ہے,1
ان شاءاللہ تمھارے منہ گھی شکر,0
مولانا رومی نے کہا کہ اگر آپ اڑ سکتے ہیں تو رینگتے کیوں ہیں ہجوم کہتا ہے جب رینگنے سے کام چلتا ہے تو کھڑے ہو کر کیا کرنا اڑنا تو دور کی بات خان کرتا رہے جو کوشش کرنی ہے,0
پٹواریو نے اس فوٹو کو ایڈیٹ کر کے ساتھ کتے کا فوٹو ساتھ لگایا پھر یوں ہوا ہم نے فوٹو کے ساتھ چاچا بھتیجی کو ساتھ کھڑا کر دیا پٹواریو اب آرام ہے سانوں نہر والی پل تے بٹھا کے تے خورے ماہی کتھے رہ گیا,1
دکھ کی کالی لمبی راتیں جبر کی دھوپ پہ وار نہ دینا ظلم کا سورج ڈھل کے رہے گا لوگوں ہمت ہار نہ دینا,0
اس پر تو سوموٹو نہیں لگتا نا چیپ جسٹس بندیال,1
میرا شہر جنے لاہور نہیں ویکھیا او جمیا ہی نہیں,1
اس پورےصورتحال میں سب سے بےبس انسان ہیں جو روزحکومت گرانےکےخواب دیکھتا ہے کبھی توکبھی ن لیگ اور سرخ ڈھولک والوں کی گودمیں بیٹھ جاتا ہے کبھی اپوزیشن تو کبھی میڈیا اور اداروں کو ورغلاتا ہےلیکن مجال ہےکہ حکومت کا بال بھی بیکا کر سکے,1
مراد علی شاہ اس رنڈوے بے غیرت ہجڑے کو مریم کی گود سے نکالو اور شہر کی صفائی پر لگاؤ حرامی کو,1
پاکستان کے پہلے دن سے یہ کتے میرے ملک پر قبضہ کر کے بیٹھ گئے تھےلعنت ان رکھوالوں پر,1
کا پستہ کتا کامران خان دنیا والے کا تحریکی دور کی ارب کی سبسڈی کو ریکارڈ توڑ کہہ رہا ہے جبکہ اسکے شریف باپ کی نے صرف میں ارب کی سبسڈی دی تھی گالی نہ دیں تو پھولوں کے ہار پہنائیں ان کنجرو کو,1
مابدولت کی ایک گوری مریدنی کے مطابق بلاول نے اپنے گھر میں ڈیوڈ جیمز نامی گورے کو رکھا خے جوکہ اسکا انگلینڈ میں کلاس فیلو بھی تھا کی گاجروگرافی کرتا خے بلاول بھٹو گانڈوخ نکلا,1
ایف نائن پارک کو گروی رکھ کر قرض لینے کی سمری مسترد سرکاری املاک کے عوض قرضے نہیں لیے جائیں گے وزیر اعظم عمران خان جھوٹ پہیلانے والے صحافیوں اور اپوزیشن پہ لعنت,1
میں نے اسپیکر ہاؤس میں وزیراعلی کے ساتھ بیٹھنے کا کہا اکرم درانی,0
بجائے شرم آنے کے بجائے معافی مانگنے کہ آگے سے جھوٹ اور ڈھٹائی کا مظاہرہ اسی غلاظت نے فوج کو بدنام کر دیا ہے اپنے گریبان میں جھانک لو,1
حق میں فیصلہ آیا تو تاریخی چور ٹبر کے خلاف آیا تو خلاٸ مخلوق کوٸ شرم کوٸ حیا واہ رے منافقت تیرا ہی آسرا,1
پہلے کپتان کرڑو قوم کی ضد تھی اب مجبوری ہےکیونکہ چور لیڑے سارے ہو گئے بےنقاب,0
یہ ہے محب وطن سجیلوں کا نیٹورک ذرا غور سے سنیے پورے پروگرام میں جس کا لنک یہ ہے,0
پنجاب میں ہماری جیت کیساتھ ہی ن لیگ کی سیاست دفن ہو جائے گی عمران خان,0
اس وقت یزید نے کھانا اور پانی بند کیا تھا آج کے دور میں مظلوم کی پہنچ سے دور کر دیا گیا نیا دور نئی یزیدیت,0
خانہ کعبہ کے ماڈل والی گھڑی سعودی شہزادے نے اپنی حیثیت کے مطابق دی تھی عمران نشئی نے اسے اونے پونے داموں بیچ کر اپنی اصل اوقات دکھائی,1
عمران خان کے خلاف پروپیگنڈہ کرنے والے بیشرمو سنو کہ خان نے کہا کیا تھا,1
عوام آندھی نہیں ہے مائی لارڈ,0
چوتیوں ایڈیٹنگ بھی ٹھیک سے نہیں کر سکتے,1
اعزاز سید اس ٹویٹ میں رانے کو کتے سے تشبیہ دے رہے ہیںکیونکہ پیچھے صرف کتے پڑتے ہیں,1
کرپشن یا ناجائز ذرائع سے دولت جمع کرنیوالے نہ تو اپنے نام پہ کمپنیاں رکھتے ہیں اور نہ ہی اپنے اثاثے اپنے نام پہ رکھتے ہیں فائز عیسی کا استاد میاں مفرور اشتہاری بگوڑا,1
گھڑی چور عمران نیازی نے توشہ خانے سے ٹرائی فوگلیو برانڈ کا کروڑ روپے سے زائد مالیت کا گفٹ صرف لاکھ روپے میں اڑا لیا,1
ابھی تو اگیے دیکیے گا یہ نیوٹل عمران کے پاون بھی جلد پکڑین گین انشاءاللہ,1
جس وطن دشمن کے اشاروں پہ ناچ رہےتھےاس کی انسانی حقوق کی کشتی منجدھار میں ہے وطن کی غلامی میں عزت ہے فرد کی غلامی میں ذکر ہی ذلت ہے سنا ہےپیسہ تو پیشہ ور فقیر بھی بوری بھر کے کما لیتے ہیں,0
غیر قانونی فارن فنڈنگ کے بارے میں رپورٹ کیا کہتی ہے,0
میرا خیال ہے کہ وہ وقت دور نہیں جب عالیہ حمزہ ملک کی چھترول اور بے لاگ دھلائی سے ڈر کر پیپل پارٹی اور نون لیگ انکے ساتھ کسی ٹالک شو میں آنا بند کر دیں,1
نئے آرمی چیف کے بارے میں ن لیگ کوئی پروپیگنڈا کرے تو ہلکا نہ لینا کیونکہ باجوہ قادیانی ہے یہ بھی ن لیگ نے ہی شور مچایا تھایہ سب ایک دوسرے کے گھر کے بھیدی ہیںانکو کچھ نہ کچھ تو پتہ ہوتا ہے کچھ تو سچ ہی ہوتا ہوگا,1
سنو ریاض ٹھگ کی وہ بیٹی ہو جسکی طبعیت خراب ہونے پر دوائی خریدنے کے لئے تیرے باپ نے گھر کے برتن بیچ کر تیری دوائی خریدی اور اب دونمبری سے پیسا بنایااس لئے اوقات سے باہر مت نکلو نودولتئی ایسی ہی گھٹیا حرکتیں کرتے ہیں طاقت کے نشے میں,1
عمران کم چنگے کر گیا تینوں ننگا کر گیا,1
پیچھلے چند ماہ اس ملک کے اندر جو بند کمروں میں فیصلے کیے گئے انھوں نے ملک کی چولیں ہلا کے رکھ دیں اللہ کرے ایسے مقتدر حلقے اور ایسے فیصلے آئندہ کبھی نہ دیکھنے نصیب ہوں,1
یے تم جیسے کنجروں کی وجا سے ھے اگر کشمیر کاسودا انریکا مے ن کرتے ابھی مودی گانڈ مارے گا,1
اس عورت کو سارے حقوق معاف ہے عوام کے حقوق الگ اور اس کے حقوق الگ ہے یہ چاہے اسٹیبلشمنٹ پہ تنقید کرے یا عدلیہ پہ اسکی ساری باتیں مانی جاتی ہے کیونکہ یہ انکل باجوہ کی لاڈلی ہے,1
پاکستان کا قانون جرنیلوں کی باندی ہے اور سپریم کورٹ اور ہائی کورٹ کے ججز دلال ہیں,1
ہر کامیاب شخص کے پاس ایک تکلیف دہ کہانی ہوتی ہے اور ہر تکلیف دہ کہانی کا انجام کامیابی ہوتی ہے اس لئے تکلیف برداشت کرنے کی عادت ڈالو اور کامیابی کیلئے تیار ہو جاؤ,0
یی کتی کا بچا خنزیر کے پیداوار باجوہ غدار کہاں چھپا ہوا ہی غدار کو پھانسی پی لٹکایا جائے اس بیغرت نی بہت بڑا نقصان کیا ہی اس بدبودار چور ڈاکوں ابلیس زلیل بیشرم بیمان کو عوام کے سامنے لٹکایا جائیں,1
اچھا مزے کی بات یہ ہے کہ ٹکٹ اور پہلی رات کے خرچے کے علاوہ دوسری رات بھی اپنے خرچے پہ یہاں رہنا ہے مزیڈ جھڑکیاں کھانے کہ لیے,0
انصاف کا دوہرا معیار یہ گٹر جج دوسروں کی اساسوں سے زیادہ آمدن پر تو سوال کر سکتے ہیں لیکن یہی معیار اپنے لیے قابل قبول نہیں رکھتے,1
حکومت نے کی تمام شرائط مان لیں ڈالر سے روپے کا ہو جائیگا,0
جواب دو کھوتے کے کھر مفتاح اسماعیل جواب دو محترمہ کا,1
پنجاب کے عوام کو پاگل بننا بند کرو,0
بہت دن ہو گئے ہیں کا راگ نہیں سنا لگتا ہے کیسٹ خراب ہو گی ہے,0
لو بھئی پاکستانیوں آپ کا اصلی مجرم پکڑا گیا تمام اداروں کی تباہی کا مرکزی کردار,0
ابھی تو گھنٹے پورے نہیں ہوئے اس کے فراری باپ کی تقریر کیے,1
راجہ فیصل بھائی کسی دن جنرل بخشی کی کوئی دماغی شریان پھٹ جانی ہے اور الزام آپ پر لگنا ہے,1
اگرملین پاونڈزکی رقم ملک ریاض سپریم کورٹ میں جمع کرائیں گے تو سپریم کورٹ تو پہلےہی انہیںارب روپےدینے کا فیصلہ دے چکی ہے پھر آپ کیوں دعوی کر رہے ہیں کہ لوٹی ہوئی دولت واپس لانے کا کام شروع کردیااس میں حکومت نے کیا کمال کیا ہے,0
سنا تھا میاں صاحب نے ایکشن لیں گے انسانی حقوق کمیٹی کے معاملہ پہ کیا خبر ہے,0
ایک معصومانہ سوال قانون جب غریبوں کو پکڑتا ہےتو امیر سڑکوں پر نہیں آتے اورجب امیروں کو پکڑتا ہے توغریب کیوں سڑکوں پر نکلتے ہیں کيوں بے غيرت بن جاتےہو ان دلالوں کے لئيے,1
ن لیگ کا نیا بیانیہ عدلیہ اور فوج کی مخالفت ن لیگ اعتزاز احسن کی بات کو سچ ثابت کر رہی ہے کہ یہ اقتدار سے باہر ہوں تو پاؤں اور اقتدار میں ہوں تو گریبان پکڑتے ہیں,0
جو نہیں جانتا اور نہیں جانتا کہ وہ نہیں جانتا وہ بیوقوف ہےاس سے بچ,0
جس دھج سے کوئی مقتل گیا وہ شان سلامت رہتی ہے,0
بےنظیر نے آئ پی پی کی سنگ بنیاد رکھی جب پاکستان کو اسکی ضرورت بھی نہیں تھی میرے گاؤ میں بجلی آئ کے نام سے مہم چلائ دو دھائ گزر جانے کے بعد بھی وہی آئ پی پی عوام کا خون چوس رہے ہیں ایسے قانون بناۓ کہ لوٹ مار کی انتہا کر دی وڈیو دیکھ کر اندازہ کر لیں,1
ن لیگ آہستہ آہستہ ایسے ننگی ہو رہی ہے جیسے کترینہ کیف دھوم میں کملی کملی گانے میں ہوئی تھی دنیا گول ہے,1
اگر وقت پڑا تو قوم فوج کے شانہ بہ شانہ لڑے گی پھر آخری گولی آخری نا ہوگی اور نا آخری فوجی آخری دشمن کو پتا چل جاے,0
بہن چودنےکہاہےکہ پاکستان کلمےکےنام پربناہےاسلیےاسےکوئی نقصان نہیں پہنچاسکتا,1
ہوتی نہیں جو قوم روپے پر یکجا روپے فی لیٹر ہی فقت اسکی سزا یے,1
غدار تمھاری باجی کا یار باجوہ ہے اور پوری قوم یہی ٹرینڈ چلارہی ہے کہ,1
جو لوگ عمران خان كے خلاف بات كرتے تو یہ ویڈیو غور سے دیکھیں الشيخ ابو عامر روح الله,1
یہ کوئی گالی تھی جو ٹوں لگا دیا برطانیہ سے زیادہ آزاد میڈیا,1
سر غدار اعظم کو تو پیسے کھانے سے فرصت نہیں ہے,0
سجنو تے سجنیو بس تسی دعا کرو انشاءاللہ,1
سو سنار کی اک لوہار کی,0
دنیا کی بدترین جیل میں ایسے رکھا جاتا ہے مجرموں کواس محسن پاکستان کا جرم تو بتا دواور اس سے اس سلوک کی وجہ بھی بتا دواوہ ہاں محسن پاکستان سے ڈاکٹر قدیر خان یاد آگئے,1
اس میں باجوے غفورے وغیرہ شامل کریں,0
پیپلز پارٹی جرائم پیشہ افراد کرمنلزکی پارٹی ہےکامران شاہد کی طرف سے یہ بیان کرنے پر قمر زمان کائرہ آگ بگولہ ہو گئے کامران نے علی زیدی کا یہ کلپ چلا دیا جس ملک کو ماں کا درجہ دیتے ہواسکے پیروں تلے جنت تلاش کروتم نے اسکو بازار میں بیچا ہے,1
یہ سچ میں بہت مادرچود,1
سال میں تھر میں ہزاروں بچے بھوک بیماریوں سے مر گئے سندھ میں ہزاروں لوگ کتے کے کاٹنے اور مختلف وبائی بیماریوں سے مر گئے کراچی میں ہزاروں لوگ ڈینگی سے اور گندگی سے مر گئے اور ایک طویل فہرست ہے اس کے جرائم کی اور یہاں بیٹھ کر مگرمچھ کے آنسو بھا رہا ہے بس کر دو یہ ڈرامے بازیاں,1
کہاں وہ بے غيرت جہنوں نے ڈيم ميں حصہ تو نہيں ڈالا تھا مگر انڈيا کے کنجروں کی طرح بھونک رہے تھے کہ ڈيم کہاں ہے تو آپ کی نانی کی مسہری سجا دی گئی ہے,1
انارکلی اٹھو دیکھو تو تمہارا بڑا لڑکا صابر شاکر کہاں ہے آجکل ملک ریاض کے ملین پاونڈ پر کوئ پروگرام نہیں کررہا,0
تحریک انصاف کی حکومت کو توڑنے کے دعوے کرنے والی پیپل پالٹی کے اپنے ارکان حکومت سے رابطے میں ہیں اور بلو چلی تھی حکومت گرانے,1
خان صاحب پیٹرن ان چیف بننے جا رہے ہیں پھر نااہل کرکے دکھانا خان کو تم لوگ روتے رہ جاؤ گے مگر خان کا بال بھی بیکا نہیں کر سکتے انشاء اللہ,1
آپ کو بھی بھٹواری زبردستی مرد بنا رہے ہیں,1
چور چوری سے جائے ہیرا پھیری سے نہ جائے پہلے خارش ہوتی ہے پھر سازش ہوتی ہے دو,1
ہر زبان پر یہی ھے اب نہیں روکا جا سکتا,0
تاریخ میں یاد رہے گا کہ پاکستان کے ڈی جی آئی ایس پی آر میجر جنرل آصف غفور صاحب نے پورے بھارت کی نیند حرا,0
انگریز برصغیر سےتوچلےگئے مگر اپنا بوسیدہ نظام عدل یہیں چھوڑگئے وہ نظام انصاف جوصرف اورصرف طاقت رکھنےوالوں کےگھر کی باندی ہے غریب کےحصےمیں صرف تسلی و دلاسے وہ بھی سزا بھگتنے کےبعد بشرط اگر وہ زندہ بچ جائے,1
باقی تم پر اتنی امید نہیں تھی کہ تم ایسا بھی کرو گے,0
پیپلز پارٹی کا وہ مجاہد کہاں ہے جو کہتا تھا ہم تو مسجد میں بھی سیاست کرتے ہیں کرونا پر کیوں نہ کریں کراچی کی صورتحال پر لالہ موسی کے کسی چھپڑ میں ہی غوطہ زن ہو جائیں,1
اسی میں آپ کی اورملک کی عز ت ہے,0
عمران خان کاغریبوں کے لئے سو ارب روپے کاتاریخی ریلیف پیکیج ایسا پیکیج ملائشیاانڈونیشیابھارتاوربنگلہ دیش جیسےبہتراکانومی والےممالک بھی نہیں دے سکے لاہور اور پشاور میں لاک ڈاؤن کامیاب سندھ میں ناکام کیوں,1
دوست محمد مزاری ڈپٹی سپیکر پنجاب اسیمبلی اور خالد خان دیکھیے دو نہیں ایک پاکستان اور ریاست مدینہ,0
یا اللہ اس باجوہ کو ایسی موت دینا کے جب یہ مرے تو ہم پاکستانی اس کی موت پر کھڑے ہو کر ایسے ہی مسکرائیں جیسے یہ بیغیرت پاکستان کو اجاڑ کر مسکرا رہا ہے,1
یہ ایک وجہ بالکل ہو سکتی ہے بہت ساے لوگوں کا یہ خیال ہے,0
بہت چھوٹی حرکت کی تصویر کا کاٹ کر,0
جھوٹے لوگ جھوٹے پراپیگنڈے پی پی اور نون کے,0
اگر انسان دلیر ہو تو خان جیسا ہو ورنا نا ہو اگر کسی ماں نے اپنے بیٹے کیلیے ایمان کیبعد کچھ مانگنا یے تو خان صاحب جیسی دلیری مانگے اللہ تعالی کیبعد خان صاحب کی زندگی بچانے والا ابتسام,1
یہ نانی اب اپنے نا اہل اور نالائق والد نواز کیطرح وزیراعظم بننے کے سہانے خواب دیکھ رہی ہے اس کے دماغ میں یہ بات اٹک رہی ہے کہ اگر اسکا ابا اتنا نالائق نااہل پاکستان کا تین بار وزیراعظم بن سکتا ہے تو میں کیوں نہیں لیکن اب وقت مکمل تبدیل ہو چکا ہے,1
وہ کتے کے بچے بھی آج شوگر رپورٹ پر تنقید کر رہے ہیں جن کی حکومت نے ماڈل ٹاؤن کمیشن کی رپورٹ پبلک نہیں ہونے دی تھی,1
اسکو صحافت نہیں غلاظت کہتے ہیں ایسا کیسے کر لیتے ہو بے غیرتو,1
ارطغرل ڈرامہ پاکستان میں دکھانے پر عمران خان کا بہت بڑا کردار ہے اس سے ایک چیز واضح ہوئی کہ نواز شریف نے ڈرامہ مانگا تو طیب اردگان سوفٹ وئیرخراب کا بہانہ کر کے ٹال دیالیکن عمران خان کی ایک ہی سفارش پر سارا ڈرامہ پاکستان آجانا بہترین لیڈرشپ کا ثبوت ہے قدر کرو اوئے,1
تنقید اور فقر بازے اور طنز اور سے کبھی حوصلہ مت ہار و شور کھلا ڑے کرتے ہیں تمشی,0
شکر ہے عمران اور اس کی ٹیم ہے ورنہ اس میں بھی سندھ حکومت کٹوتی کرتی بعض مقامات پر حرام خوری جاری ہے سندھ میں زرداری ذلیل کی قوم ابھی تک غریب کو لوٹ رہی ہیں,1
وزیراعظم عمران خان نے حالیہ دورہ ہزارہ میں ہزارہ کمیونٹی کو یقین دلایا تھا کہ میں سارے کنجر مروا دینے ہیگے,1
عمران کو كيسز سے فرق نہیں پر تھا عمران اس وقت سیا سی حق هقيت ہے جس کوئی انکار نہیں کرسکتا سعد رسول,0
جی ڈی جی صاحب کینیڈا میں جو کتے والی ہوئی ہے اس کا جواب دینا ہے یا انکو بھی ٹویٹر پر بلاک کرنا ہے کچھ بولو نا جناب نیوٹرل صاحب کچھ حیا شرم ہے یا بیغرت ہو گئے ہو,1
ہمیں کی ایموشنل بلیک میلنگ نہیں چاہئیے بلکہ رجیم چینج آپریشن والی غداری کا جواب چاہیے ارشد شریف شہید کے قاتلوں کا عبرتناک انجام چاہیے عمران خان صاحب پر قاتلانہ حملے میں ملوث جرنیلوں پر قانونی کارروائی چاہیے این آر او کا حساب چاہیے جو نے دیا,0
عام آدمی کرونا کی خلاف ورزی کرتا تو لا محدود چھترول اور لتریشن ہو رہی ہوتی لیکن شریف خاندان کا سات قتل معاف ہیں کیوں جی,1
جن کی شراب کی بھٹییاں چلتی ھوں وہ کیا عادی شرابی زانی نہبھو گا ھر وقت نشے میں اوول فوول بکنے والی اس کا نارکوٹکس ٹیسٹ کرواؤ غدار بھکاری پٹواری غدار نامنظور امپورٹڈحکومتنامنظور,1
اپنے آقا سے ملاقات ہو رہی ہے ان کے چرنوں میں بیٹھیں یدو,1
زرائع کےمطابق شہباز شریف کو وزارت عظمی کا جھانسہ دے کر پاکستان بلانے والے صحافی مریم نواز کے تنخواءدار تھے نون لیگ میں آپسی گیم آف تھرونز عروج پہ ہے شہبازشریف کے ہاتھ سے کنٹرول کھسک رہاہے,1
دین کے ان ٹھیکیداروں کا بس نہیں چلتا ورنہ فتوی صادر فرمادیں کہ میرشکیل الرحمن کو رہا کریں ورنہ دائرہ اسلام سے خارج ہو جاوگے کیا ہی اچھا ہوتا کہ یہ لوگ چور اور غدار کی سزا کے متعلق بھی قوم کی رہنمائی کرتے مگر افسوس,1
کسی سے بدلہ لینا ہو تو ضروری نہیں کہ اسے لاہور اور کراچی کی سڑکوں پر گھسیٹیں اسے وزیراعظم بنا کی بھی بدلہ لیا جا سکتا ہے کمینی مسکراہٹ ملاحظہ فرمائیں,0
او کسی کھوتی دے پتر مری ہوئی ماں کو کیوں گالیاں نکلواتا ہے بے غیرت تو توں ہے تیرا پورا خاندان ہے,1
امید اے سجناں نوں نیندر ول آوے دی,0
پھر یوں ہوا کہ نیلسن گوالمنڈیلا اسی اسٹیبلشمنٹ کے قدموں میں لیٹ گیا جنرل بیغیرت باجوہ نے این آر او دے دیا پہلے جعلی رپورٹس بنوا کرملک سے فرار کروایا پھر شہباز شریف کو حکومت مل گئی مریم کا انقلاب لندن جاکر تھم گیا اور کرپشن کے کیسز ختم ہوگئے,1
نانی کی ایسی تیسی پھیر دی خان صاحب نے,0
گشتی کے بچے,1
لو جی سیالکوٹی رنگ باز کے اکاؤنٹ نیب نے دھونڈ لیے دوسروں کو شرم دلانے والا خود بے حیا بے غیرت نکلا,1
پاکستانیوں کا لاڈلہ پاکستان کے دلوں پر راج کرنے والا شہزادہ صرف عمران خان,0
مریم صفدر کی کل کی آڈیو لیک پر عمران ریاض خان کا تبصرہ مریم صفدر کی اور بھی آڈیوز لیک ہونے والی ہیں جن میں ججوں جرنیلوں بیوروکریٹس صحافیوں اور پولیس والوں کو کیسے بلیک میل کیا جاتا تھا اور انکی وڈیوز کیسے مینج کی جاتی تھیں مریم کے تلوے چاٹنے والے کچھ صحافی شراب کے,0
بے شرم انسان میاں نواز شریف کی بنائی گئی موٹروے پر سفر کر رہا ہے اور اسی گندے منھ سے اس پر الزامات لگاتا ہے,1
بھائی ڈیٹا آپ کے سامنے ہے شواہد پیش کیے ہیں اینالیٹکس کی سپرد شیٹ دی ہی آپ ہوائی بات کر رہے ہیں,0
کتوں اور کنجروں کی حکومت اور آپ جیسی گشتیاں رنڈیاں وزیر ہوں تو کشمیر کیا کچھ مہینوں میں پاکستان کا بھی سودا ہو جائے گا,1
میں تقریبا دو سال پہلے سارے فیملی گروپس چھوڑ گئی تھی ایک سے ایک پاگل بیٹھا ہوتا ہے,1
ہر اس شخص کی گانڈ مارے گی فوج جو پاکستان سے غداری کرے گا چاہے وہ کسی بھی قوم سے ہو ہر غدار کو انجام تک پہنچایا جائے گا,1
وہ کوئی اور نہیں بلکہ حرامی دھرتی ماں کا سودا کرنے والا ملک کا غدار اعظم چیف آف ڈالر آرمی اینڈ ڈائریکٹر آف انٹر سروسز پورن ٹوٹا انڈسٹری حاجی باجوہ تھا,1
یہ کچ لوگ ھی اصل مین پاکستان کے غدار ھین,0
دیکھیں بی بی سی آپ ایسی سٹوریاں کر کہ خود تو کریلے گوشت کھا کر سو جاتے ہیں زمینی سیاست تو خاجہ صاحب کرتے ہیں,0
اچھا نشئی نے باجوے کی جو ڈی نوٹیفیکیشن دستخط کر کہ دراز میں سنبھالی ہوئی تھی وہ تو اب ضائع ہو گئی نا اور اسیمبلی توڑنے والی صدر سے دستخط شدہ سمری بھی,1
گلالئی بجائے ہریسر پہ مقدمہ کرنے کے نے مظلوم پر کیس کر دیا گل بخاری کالا قانون ہے پارلیمنٹ اور حکومت وقت نون لیگ کو لابی کیا کہ یہ قانون اس شکل میں نہ لائیں آج یہ خواتین کو خاموش کرانے کے لیے استعمال ہو رہا ہے دیکھیے فرائیڈے فوکس,0
جہانگیر ترین اور خسرو کا نام عمران کے سامنے پیش کر دیا گیا ماڈل ٹاؤن کیس میں بھی رانا ثناء اللہ اور ڈاکٹر توقیر کا نام آیا تھا فرق صرف یہ ہے کہ تب ایک نفسیاتی مریض ہم پر مسلط تھا آج وزیراعظم ہاؤس میں عمران خان بیٹھا ہے,1
کرپٹ حکومت کان کھول کر سن لے اگر عمران خان کو بدمعاشیہ دکھانے کے لئے گرفتار گیا تو یاد رکھیں جیسے حالات پیدا ہو جائیں گے موجودہ حکومت کے ہر فرد کو ہندو سمجھا جائے گا اور سری لنکا جیسے حالات ہو نہیں سکیں گے بلکہ ہو جائیں گے فوج دور رہےگی,0
حرام مال کمانے کے لیے ایمان بیچنے والے چاہے مولانا ہوں یا صحافی قرآن پہ حلف اٹھانے کے بعد ملک سے غداری کرنے والا چور مفرور نواز یا اسکے حواری یہ سب اسوقت رسوا ہیں اور رہیں گے,1
امپورٹڈ ناجائز وزیر اعلی حمزہ ککڑی کا پروٹوکول مہنگائی اسوقت آسمان کو چھو رہی ہے اور ان بیغیرتوں کی عیاشیاں جتم نہیں ہو رہیں سارا بوجھ عوام اٹھا رہی یے اللہ غارت کرے ایسے حکمرانوں کو,1
قانون کے محافظ قانون کو ہوا میں اڑاتے ہوے کیا ایسا کرنا ہمارے قانون اور عدالتوں پر ایک لعنت نہہں کیا ان بدمعاشوں سے بھی کوئ سوال پوچھے گا کیا چیف جسٹس اس چیز کا نوٹس لیں گے وکیل بنو بدمعاش نہیں,1
عمران خان اکیلے نے ان سب چوروں کو شکست دی خان نے انکو چاروں شانے چیت کردیا اب سوائے رونے دھونے کے انکے پاس کوئی چارہ نہیں بچا,0
لعنت ہے تیرے عورت ہونے پر بیغرت زلیل عورت,1
جنرل نے پچھلی بڑی عید پر دو بکرے قربان کیے اور مجھے بلوا کر کہتے لے چوہدری ایک تیری سری تے دوسری تیری پین دی سری جاوید چوہدری کا اپنے کالم میں اشکبار انکشاف,1
غریب عوام کے ٹیکس پر پلنے والےجو تمہارا کام تھا ملک کی دفاع کرناوہ تو تم نےنہیں کیاباور چور حکمران ہم پر مسلط کیےاستعفی دو گھر جاؤں,1
تم نے مٹایا ہر ہنر آزمایا ہر ستم ڈھایا ہر وار ہتھکنڈا اپنایا لیکن وہ آزاد قوم کا سلطان ہے اور وہ عمران خان ہے,0
تقریبا چالیس سال سے قوم کی یہی ھوسناک تربیت جاری ھے,1
ہم پاکستانیوں پر جب بھی کوئی مشکل وقت آیا ہم چائینہ کی طرف بھوکی نظروں سے تاکتے ہیں اور ہمیشہ امداد کے منتظر رہتے ہیں اور چائینہ نے پاک چین دوستی کی ہمیشہ لاج رکھی لیکن ہمارے ہاں کچھ حرام خور ایسے بھی پائے جاتے جنکو یہ تکلیف ہے کہ ہم نے چائینہ کو مشکل وقت میں ماسک کیوں بھیجے,1
عالیہ میری بہن نے مارس کی چوسنی کو ڈپریشن کروا کر دم لینا ہے ثناء ٹچہ کے دماغی حالات آگے ہی ٹھیک نہیں ہیں,1
شاد رہے امریکہ کا نعرہ لگاؤ چند ڈالر پر بکنے والے بیغیرتو,1
تعجب ہے کہ کرونا وائرس کی وجہ سے ن لیگ کے سرغنہ نوازشریف جو دلپلیٹلیس کی کمی ہائی بلڈ پرشر اور ہائی شوگر لیول جیسے امراض میں مبتلا ہیں اسکا علاج ملتوی ہونا پڑا لیکن معجزاتی طور پر یہ شخص اب بھی بغیر علاج کے بلکل نارمل ہے,1
مرتضی بھٹو کو گھر کے سامنے قتل کرنے پر کمیشن نا بنوایا جائے میمو گیٹ کمیشن کے بارے میں بات نا کی جائے ایان علی پارسل گرل کے تفتیشی افسر کے پرسرار قتل پر کمیشن نا بنوایا جائے صحافی کے قتل پر کمیشن نا بنوایا جائے,1
یہ بےشرم كليجہ چبانے والی عورت اپنے چور ڈاکو لٹیرے بھگوڑے باپ کے لئے مانگ رہی ہے,0
ووٹر تو ہیں نہیں لیکن ووٹ کہاں سے آئے فیاض الحسن نے چوسنی کے منہ والی کی بولتی بند کر دی,1
قانون کی پاسداری کرنے والی قوم کو توشہ خانہ چور کا اندازہ نہیں,1
ہمت مرداں مدد خدا اللہ تعالی سلامت رکھے,0
پاکستانی فوج کا سیاست سے کوٸی تعلق نہیں لیکن جو تین چار بار مارشل لاء لگا ہے وہ ہیرا منڈی کی کنجریوں نے لگایا تھا اخے تھو ہمارا سال کا تجربہ ہے,1
سال میں سندھ میں جتنی بھی کرپشن ہوئی اس کا ذمہ دار جی آئی ٹی میں مراد علی شاہ ہےسندھ کی وزیر صحت ڈاکٹر عذرا پیچوہو جب سے کرونا وائرس آیا ہے تب سے مل نہیں رہیحلیم عادل شیخ,1
کس کس طرح کے بھانڈ پاکستان میں صحافت کر رہے ہیں یورپی یونین کے صدر نے پاکستان سے یوکرین معاملے پر مدد مانگ لی ہے اور پاکستانی صحافی اپنی اوقات دکھا رہے ہیں,1
ان کی اوقات صرف اتنی سی ہے آقا ہو یا آقا کی کتی انہوں نے جھکے ہوئے ہی رہنا ہے غلام ابن غلام,1
کینیڈا میں بھی اب میں بھی شرم کرو اور نکلو,1
خان صاحب کا آپوزیشن کو سیدھا سادھا جواب,0
اور پورا پاکستان ان کی پراپرٹی سی وی دینا بند کریں اور عوام کی حالت زار کے لیے کچھ کریں لوگوں کی آدھی تنخواہ بجلی کے بل میں جا رہی ہے اور آپ یہ باتیں کر رہے ہیں,0
حامد میر کتنی لعنت پڑی ہوئی استغفار دو,1
کسی کھوتی کے بچے اب جبکہ اسلام آباد آچکا ھے تو وہاں کسے سیکورٹی چاہیے خالی گھر کو تمہارے باپ کا پیسہ ھے جو بیغیرت لنگڑے گھڑی چور کے ہر گھر کو سیکورٹی دیں,1
کون سی جنگ لڑی ملک کو دہشتگردی کی آگ میں دھکیل دیا امریکہ کی ہر بات مانی آج اس کا خمیازا بھگت رہے ہیں,0
ان کو شارٹ نہیں انتہائی لانگ کورس کی ضرورت ہے,0
لعنت لعنت لعنت قمر جاوید باجوہ,1
بختاور چونکہ اپنی بیٹی ہے تو کورونا ٹیسٹ لازمی ہے جبکہ جلسے میں پکڑ کر لائے جانے والے غریب کمی کمین ڈھول ڈنگر ہیں ان کو کورونا نہیں ہوسکتا ہے او کون لوگ او تسی کتھوں آندے او,1
ایک اور دھماکہ پہلےوڈے باجوے نے انکشاف کیا کہ نکے کو بیرونی پریشر پہ لگایا یعنی ایجنٹی اور آئین شکنی آج نکا کہتا ہے عاسم باجوہ کو بیرونی مشاورت پہ سی پیک چئیرمین لگایا یہ پہلا وجیر آجم ہو گا جو آرٹیکل چھے کا مرتکب ہو گا سنیں ذرا,0
بے غیرت دلال صحافی گریدہ گشتی,1
پرانے وزیر پرانے چور کہتے ہیں عوام کا مسلہ نہیں چور چوکیدار کہتا ہے عوام کا مسلہ نہیں پھر عوام نے تمہارا پچھواڑہ مارنے کے لیے اتنی تنخواہ دیتی ہے,1
نئے نقشے کے حساب سے انڈیا کی نو لاکھ فوج پاکستان میں بیٹھی ہے اب اس کا کیا کرنا ہے,0
میں نے ان ٹرینڈز پر ابھی تک کوئی ٹویٹ نہیں کی,0
عمران خان کا بول نیوز پر خصوصی انٹرویو دلچسپ گفتگو ہونے والی ہے اب قوم جاگ چکی ہے ان کے مستقبل کے لیے میں نکلا ہوں چیئرمین پی ٹی آئی عمران خان,0
اپوزیشن اور لفافوں کو مبارکباد دیں کیوں کہ ان لاوارثوں کو اللہ نے چاند سا نیا ابا ترین دیا ہے,1
اس سانڈ کا بھی شوہر ہے مجھے تو لگا کہ رنڈی ہے یہ,1
ریاست ہو گی ماں کے جیسی کا عملی مظاہرہ احساس پناہ گاہیں سنیے,0
یہ وجہ ہے کہ ہم سیاستدانوں کے باہر علاج کروانے پر تنقید کرتے ہیں خود امریکہ اور برطانیہ میں جب کہ ووٹر اور ہسپتال کی حالت دیکھ لیں اک طرف سیاستدان دوسری طرف ووٹر,0
عوام کا شور سن کر جج نے کہا باہر طوفان آیا ہے وکیل نے کہا نہیں جج صاحب باہر عمران خان آیا ہے,0
مجھے سمجھ نہیں آتی کبھی وقت سے پہلے الیکشن کروا اور کبھی باجوہ استعفی دو اوے کنجرو اے ملک تھاڈے پیو دا اے یا اے ائین تھاڈے پیو دا اے بے غیرتو فرمائشاں تے انج کردے او جس طرح اے ملک تھاڈے پیو نے قربانی دے کے لیا ہووے,1
پاکستانی صحافیوں کو اپنے گریبان میں جھانک لینا چاہیے جو بھارت کے ہر جھوٹ کو پاکستان کے خلاف سچ بنا کر پیش کرتے ہیں,0
نیوٹرلز کی کہانی جنرل حمید گل کی زبانی,1
ایک مسلم ایٹمی ملک کا چیپ قادیانی بیوی کے ساتھ زندگی گزار رہا ہے اور اسرائیل کی پھینکی ہڈی چبارہا ہے ایسا غزوہ ہند لڑنے والا لمبر ون کہاں ملے گا آپکو امریکی سائفر کی تحقیقات سے کانپیں کیوں ٹانگ رہی ہیں اگر حکومت عوام کے ووٹوں سے بنی ہیں بزدل نکمی ام حریم,1
عمران خان نے کہا تھا کہ حکومت کیخلاف تحریک عدم اعتماد کے پیچھے بیرونی قوتیں ہیں آج حمزہ شہباز شریف نے تصدیق کر دی کہ اپوزیشن بین الاقوامی خداؤں کے ایما پر کار فرما ہیں,1
آج اس کی زبان کو لقوہ ہو گیا ہے,1
ابھی بھی شہباز بھائی نے کم کیا اس کی لفظی لتریشن ہونی چاہیے یہ گنجا اپنی طرف سے بنتا ہے لیکن ہے در شریفاں کا زر خرید,1
بی بی سی اردو کے لیے عثمان زاہد کے عمران خان کے ساتھ ایک خصوصی انٹرویو میں یہ سوال رکھا گیا کہ کیا وہ معاشی اور ملکی بہتری کے لیے حکومت سے بات کرنے کو تیار ہیں اس پر سابق وزیر اعظم نے کہا کہ آج تک کون سا سیاسی رہنما آیا ہے جو اپنی حکومت گرا دیتا ہے,0
چیری بلاسم کا انتھک استعمال کر کے چور دروازے سے اقتدار حاصل کرنے والی ن لیگ نے اپنی سیاسی موت واضح دیکھ کر دوبارہ انقلابی بیانیے کو ٹاکی مارنا شروع کر دی ہے,1
تیرے جیسے مرضئ کتے کے بھونکنے کی کیا اوقات ہے تیری یا تیرے آقاؤں کی بکواس ملک میں فرقہ واریت نہیں پھیلا سکتی کتے ک,0
لوجی نواں کٹا کھل گیا جے اب آو ن لیگیو پوچھو ہارون رشید سے یہ بتا رہے ہیں گنجہ چور ملین ڈالر دے کر بیماری کا بہانہ کرکے لندن گیا ہے,1
تمام چوروں کے ترجمان فضل الرحمن مکس اچار پارٹیز والو سن لو عمران خان الیکٹڈ ہے یا سیلیکٹڈ لیکن تم لوگ ریجیکٹڈ ہو وہ بھی سو کالڈ گھر کی سیٹوں سے ڈیزل اقتدار کے بغیر بالکل ایسے ہے جیسے بنا پانی کے مچھلی,1
پاکستان کو سے لے کر تک یعنی آج تک چلنے ہی نہیں دیا گیا کسی بھی سیاسی جماعت کو پورا کام کرنے نہیں دیا گیا انہیں ان کے پانچ سال میں ان کو کسی اور کام میں لگائے رکھا,0
لیڈر اور چور میں فرق ملاحظہ فرمائیں,0
نفیسہ شاہ کیجانب سے عزیر بلوچ کے بارے میں متضاد بیانات پر کاشف عباسی نے نفیسہ شاہ کو خوب آڑے ہاتھوں لیا اور بینڈ بجا دی,1
اگر بموںٹینکوں اور میزائلوں کے تجربے ہو گئے ہوں توکچھ تجربے گندم مکی چاولگنا اوردیگر فصلوں کی پیداوار بڑھانے پر بھی کرلیں ملک میں جو بائیس کروڑ کیڑے مکوڑے ہیں کچھ کھانا پینا بھی ہے یہ دنیا میں صرف آتش بازی دیکھنے نہیں آئے ہیں,0
گجرات سلیم سرور جوڑا کا گجرات عمران خان کا قاٸد کی أواز پر لبیک,0
میرے تو آنسو نہیں رک رہے ہنس ہنس کہ حال خراب ہو گیا ہے,0
کیا باجوے کا کورٹ مارشل ہونا چاہیے ہاں یا نہی,0
عوامی نیشنل پارٹی نے حکومت کیخلاف کسی بھی قسم کی تحریک سے علیحدگی کا اعلان کر دیا شریف اور زرداری خاندان ہمارا کندھا استعمال کرکے لینا چاہتے ہیں صوبائی صدر اے این پی اپوزیشن تباہ دے,1
ھم سب ساتھ ھیں اکیلے کپتان نے اس ملک کو لوٹنے والی تمام اشرافیہ کو برھنہ کرکے قوم کے سامنے ڈال دیا ھے اسٹیبلشمنٹ کا مکروہ کردار غلیظ عدالتی نظام بکاؤ میڈیا سمیت سارا سیاسی گند اس پاک وطن کو متعفن کر رھا ھے,1
چلو شروع ہو گیا محلے کی عورتوں کی طرح بددعائیں دینے پاگل کا پتر,1
ڈالر کی مد میں ارب روپے کا پاکستان کو چونا لگا کر ملک ریاض کے ارب پر بھنگڑے ڈالنے والے جاھل یوتھئے,0
بنی گالا میں لگانے کے ہزار ملے باجوہ اور ججوں کو حکومت گرانے کا کتنا ملا ہوگا باقی جرنیل روٹی کھاو چاہیے سور کے گوشت کا سالن کیوں نہ ہو,1
یہ سب بیغرت جرنل کروا رہے ہیں اپنی اپنی رانیاں انکو بھیجا راتیں رنگیں کرنے کے لیے پہلے پھر پرچے کرواۓ گۓ,1
اوئے گشتی کے بچے کتی کے بچے اپنے امی کے یاروں کو خوش کر رہا,1
پٹرول اور ڈیزل پر ارب روپے کی سبسڈی ختم کیے جانے کے اگلے روز دفاعی بجٹ اور دفاعی تنخواہوں میں کل ملا کے ارب روپے کا اضافہ ہو گیا جی یہ ہو رہا ہے آپ کے ساتھ,0
نواز شریف نے کشمیریوں کا ساتھ نہ دیا تو زلیل و رسوا ہو رہا ہے,0
ایک شخص صرف اس ایک شخص نے پورے ملک کو یرغمال بنا رکھا ہے اس کی سات نسلوں پہ لعنت بیشمار,1
سب کو معلوم ہے اور سب کو خبر ہو گئی,0
کیسے بدترین نفرت اور بغض سے بھرے لوگ ہمارے میڈیا میں آگئے ہیں جن کو وزیر اعظم کا ماسک نا پہننا نظر آجاتا ہے لیکن منظور پشتین کا ماسک نا پہننا نظر نہیں آتا بلکہ تعریف ہو رہی ہے جن کو حکومت کے جلسوں میں کورونا نظر آجاتا ہے پر منظور پشتین کے جلسے میں نہیں,1
میجر جنرل آصف غفور صاحب ہم سب پاکستانی آپ کے تہہ دل سے مشکور ہیں آپ ہی کی وجہ سے آج دشمنان پاکستان اور دشمنان اس,0
خامد میر کتا ہیں تو کتا,1
بریانی ہوتی تو شاید اور زیادہ ہوتے,0
دو مہینے پہلے بجلی کی قیمتوں کا بڑھنا مہنگائی تھا آج معاشی حکمت عملی ہے لعنت پٹواریو,1
بے غیرت اور بے شرم لوگ,1
یہ اپنی مرضی سےسوچتاہےاسےاٹھا لو اٹھانےوالو سے کچھ جدا ہے اسے اٹھالو وہ بےادب اس سے پہلےجنکواٹھالیاتھا یہ ان کےبارےمیں پوچھتا ہےاسےاٹھا لو اسےبتایابھی تھاکہ کیا بولناہےکیانہیں مگریہ مرضی سےبولتاہےاسےاٹھالو,1
کھوتی کا پتر ڈرامے باز کل نیب میں آدمی کے سامنے پیش نہیں ہو رہا تھا کہ کورونا ہو جائے گا اور آج اتنے مجمع میں لوہار کورٹ میں پیش ہوا پھپھی دا,1
اوئے کسی اوارہ کھوتی کے بچے صحت تعلیم اور بلدیات تینوں صوبوں کی زمہ داری ہے نہ کہ وفاق کیں لیکن تیرے جیسے بغیرت سے سوائے وفاق پر بھونکنے کے اور امید بھی کیا کی جاسکتی ہے کالے مسلی,1
شوباز کی شوبازیاں دیکھ کر اسکے اردگرد کھڑے لوگ بھی ہنس رہے ہیں,1
کتنا غلیظ لگ رہا ہے منحوس کہیں کا,1
ارب سالانہ بجٹ بیرونی امدادیں ہیرامنڈی کی الگ کمائی بھتہ خوری پاپا جونز نامعلوم دہشتگردی ہمیں ترانے سناتے رہے خود چکلے چلاتے رہے بیغرتوں,1
بزدار کے خلاف پروپیگنڈہ کرنے والا میڈیا کراچی کی بے کسی پر خاموش ہے کیونکہ پیپل پارٹی کے خلاف بولنے پر عزیر میمن اجے للوانی ناظم جوکھیو والا حشر ہوتا ہے,1
ان لے آگے کنویں پیچھے کھائی ہے عمران کا خوف ان سب کی شکلوں پر ظرف آتا ہے,0
نلسین منڈیلا نے سال جیل کاٹی لیکن فرائی پائین سے کپڑے استری کرنے والی چول کھبی نہیں ماری,1
کسی کیا مجال ہماری طرف میلی آنکھ اٹھا کر دیکھ سکے چ و ک ی دار,0
نام نہاد طاقتور باجوہجنرل رانی دنیا کا سب سے ذلیل ترین انسان کا منہ کالا ہوگا امپورٹڈحکومتنامنظور جنرل باجوہ کا نک نیم بغلول ہے جنرل رانی,1
نواز شریف شائد پیدا ہی لعنتیں وصول کرنے کے لیئے ہوا ہے,1
اربوں کی جائیدادیں اور آئر بلیو کے مالک شاہد خاقان عباسی نے لاکھ ٹیکس دیا اندازہ کریں کہ یہ لوگ پاکستان پر حکومت کرنے اور عوام کے ٹیکس کے پیسوں کو چوری کرنا اپنا پیدائشی حق سمجھتے ہیں لیکن ٹیکس دینا اپنی ہتک سمجھتے ہیں,1
حیران کن بابا جان کی شادی میں لوگ کتنی دور دور سے آئے کچن دیکھیں اور محسن داوڑ کا استقبال,0
اور اس بے شرم اور چور کو تم لوگ اپنا لیڈر کہتے ہو,1
فوٹیج دیکھنے کے بعد میں حیران ھوں کہ یہ بڈھی اتنے پکے منہ سے اتنے پکے پکے جھوٹ بولتی ھے فراڈن نانی,1
ہم سمجھے تھے بےغیرتی کی بھی حد ہوتی ہوگی لیکن آپ نے تو بتا دیا کہ بےغیرتی اور غداری کی خوئی حد نہیں,1
قائم علی شاہ بھول گئے ہونگے کہ وہ عذیر بلوچ سے ملے تھے وہ اپنے اسٹاف کے لوگوں کو بھی بھول جاتے تھے قادر پٹیل کیونکہ وہ ہر وقت سستے نشے میں ہوتا ہے,1
جنرل مشرف انٹرویو میں بتاتا ھے کہ میں نے مولانہ فضل الرحمان سے پوچھاکہ بتاو کشمیرکسےازاد ھوگا کوئی منصوبہ بتاو جواب کہ میں تو لسی پتا ھو اور سو جاتا ھوں بس لسی کا پتہ ھے کہ گجر شھباز شریف بھیج دیتا ھے گجر شھباز کون ھے پتہ نہیں لاکھ کی لسی میں کتنے لٹرز یا کلو لسی,1
رب ان کتو کو جمع کرنے والو کو ان کے ساتھ برباد کرے حستے ہستے ملک کو برباد کر دیا اس طاقت کے نشے والے نے,1
دن ہو گئے کشمیر میں کرفیو لگے ہوئے کدھر گیا وہ شخص جو کہتا تھا میں کشمیر کا سفیر بنوگا ایک تقریر کے بعد نظر نہیں آیا,0
شرم ان کی گٹھی میں نہیں,1
کروڑ کی گندم کھانے والے چوھے,0
کیا یہ ایک یہودی سازش ہے یا چئیرمین نیب یہودی ہوگا,1
پاک فوج کے جنرل باجوہ نہ فیصلہ کیا ہے کے اپ ہم جنگ انڈیا سے ٹک ٹوک پر ہوگی,0
یہ ہے ملک ریاض جو لفافے بھی بانٹتا ہے کرپٹ سیاستدان کو سنبھالتا ہے ان کی جعلی ہارٹ سرجری بھی کرواتا ہے انہی ھارلی اسٹریٹ کے ڈاکٹر سے معاہدہ بھی کرتا ہے اور اب کرپٹ سیاستدان کی بیوی کی فیک سرجری کا تماشاہ بھی نچاتا ہے,1
دو میاں بھگوڑے کی کرپشن کی لا زوال داستان,1
کسی کی شکل صورت پر تنقید نہیں کرنی چاہیے لیکن یہ شاہد خاقان عباسی حرام کا بے پناہ پیسہ ہونے کے باوجود شکل سے مصلی ہی لگتا ہے,1
موجودہ حکومت چاہتی ہے کہ وہ چندماہ میں بھی کارکردگی کا مظاہرہ کرے انہیں یوٹیلیٹیز کی قیمتوں ٹیکسز میں اضافے کے ذریعے شاید راستہ دکھا ئی دے جائے,0
کو غلطی تم سے شادی غلطی اب یہ بتاؤ فائدہ کس کا ہوا خان کی شخصیت میں ایک کمال کی روحانیت ہے کوئی دو نمبر شے اس کے پاس زیادہ دیر ٹھہر نہی سکتی سب سے بڑی مثال تم خد ہو الل تمام چالیں الٹ رہا ہے خان کے مخالفین کی بڑے فیصلے ہونے ہیں,0
اس عدلیہ پر لعنت اس میں بیٹھے ہوئے سفید ہاتھیوں پر لعنت,1
اگرچہ بت ہیں جماعت کی آستینوں میں مجھےخان ہے حکم اذان لا إله إلا الله,0
پنجاب میں دھاندلی کا بندوبست لاہور سے جو کا برگیڈئیر چلا رہا ہے اس پر قوم کو لاہور کینٹ گھس کہ اسکے دفتر میں جوتے میں مارنے چاہئے,1
کیوں اب ادارے یاد آدھے ہیں اصلی پری کا دھاگہ پھٹی تو بھاگا,0
زندگی کا سب سے بڑا نقصان موت نہیں ہے,0
اینکر جاوید چوہدری صاحب ملک ریاض کی بہت تعریف کیا کرتے ہیں آج وہ نظر نہیں آ رہے نہ کوئی ٹویٹ نہ کوئی پوسٹ جاوید چوھدری کدھر ھو عاصمہ شیرازی کدھر ھو شاہ زیب خانزادہ کدھر ھو او سارے کتوں کدھر ھو,1
اندازہ کریں کہ اب دلال چوہدری ہمیں اخلاقیات کا درس پڑھائے گا سپریم کورٹ سے اپنی بدزبانی کی وجہ سے الیکشن سے نااہل ہونے والا اور کے باوجود تنظیم سازی کرنے کی نیت سے عائشہ رجب علی کی دیوار پھلانگ کر ہاتھ پاؤں تڑوانے والا اللہ کی شان,1
پٹواریوں روک سکے تو روک لو,0
پورا پاکستان یک زبان ہو کر بول رہا ہے,1
انھیں ڈر ہے عمران خان بنے گا تو یہ اکیلے اکیلے تو اسکا مقابلہ نہیں کر سکیں گے,0
غلیظہ فاروقی کا رمضان کا پہلا سچ,1
باجوہ صاحب ملک کے غدار نہیں ہیں بس اب انکی مزید خدمات نہیں چاہئیں شکریہ,0
بزدلو کتنوں کو بلاک مارو گے تم لوگوں کی جان اب اس وقت تک نہیں چھوٹے گی جب تک تم سب غدار پبلکلی اپنی غداری تسلیم نہیں کر لیتے تھاڈی ایسی دی تیسی تسی سمجھ کی رکھیا سی ایسی پٹواریاں طرح چپ کر جاواں گے,1
عمران خان انڈیا کے شہر لاہور میں چھپ کر بیٹھا ہے جبکہ نواز شریف پاکستان کے ضلع لندن میں پاکستان کی بقا کی جنگ لڑرہا ہے نانی,1
کینیڈین وزیر کو ٹویٹر پر بلاک کرکے اینٹ کا جواب پھتر سے دیا جائےگا,0
پاکستانی سیاست کی ذہنیت میں شدید فطور ہے پاکستان کی ترقی کی راہ میں صوبے سب سے بڑی رکاوٹ ہیں صوبوں کوختم کرکے ڈنمارکانگلینڈکیطرح کے چھوٹے چھوٹے ریجینزبنائے جائیں جنکووفاق کے ماتحت کیا جائےسارے ملک میں یکساں قوانین لاگوکیے جائیں,0
میرا تو ہاسا ہی نکل گیا اس عوام کی سادگی پہ,0
آجکل یہی انکشاف ملک کے وزیر آعظم پہ ہو رہا ہے کبھی مطیع کے اغوا کا پول کھول دیتا ہے تو کبھی نون لیگی رہنماؤں اور کشمیر کے وزیرآعظم کی ایف آئی آر کا کٹھپتلی اپنے لانے والوں کے ہاتھوں تنگ پڑا بیٹھا ہے,0
کراچی میں پٹواری بس اتنے ہی رہ گئے ہیں جتنے لاہور کی سڑکوں پر کھسرے,0
سوچیں عوامی بہتری کے منصوبوں سے باجوہ بیلجئیمی کو کس قدر نفرت تھی کہ سب ختم کرکے رکھ دیا اسے سرعام پھانسی ہونی چاہیے دو,1
اوئے بخشیں گے نہ بھولیں گے,0
تجھے نشے میں اپنی کار نظر نہی آئ نہ اوقات شرابی بدکار کو کرکٹ کے تباہ کار کو مودی را کے ایجنٹ کو فوج وطن کے دشمن کو پھانسی دو غدار بھکاری پٹواری غدار نامنظور حکومتنامنظور,1
اک رات چاندنی مرے بستر پہ آئی تھی میں نے تراش کر ترا چہرہ بنا دیا,0
تیننوں ویگو ڈالا تے معافیاں بھل گیئاں گشتی مریم نواز دے یار غدار بھکاری پٹواری غدار نامنظور امپورٹڈحکومتنامنظور,1
میں نے پہلے بھی کہا ہے کہ مریم صفدر سے زیادہ قابل نفرت بیغیرت بیشرم عزت نفس سے آری کرپٹ اور بدبودار عورت پورے پاکستان میں نہیں,1
بغلول کی کارکردگی سے پتا چل گیا کہ عمران کو انگلی پکڑ کر چلانے کا بھی جھوٹ بولا تھا تم اس قابل ہوتے تو کم از کم حالات بہتر نہ ہوتے تو پہلے جیسے ہی رہتے مگر تم نے ثابت کیا تم لوگ امریکی غلام ہو اور چوروں ڈاکوؤں کے پارٹنر,1
پچھلے دس مہینوں سے خان نے اس کے تھوبڑ ے کو سیاسی چپیڑوں سے لال کر دیا ہے یہ کسی اور چیز کے لال ہونے کا انتظار کر رہے ہیں ایسا بے غیرت ٹبر اس کر ارض پر نہیں ملے گا,1
کوئی مسٹر باجوہ کو بتائے تم نے غلامی قبول کی ہے قوم نے نہیں ابھی بھی وقت ہے ہوش کے ناخن لو ادارے کے وقار کو داؤ پر مت لگاؤ استعفی دو اور دفعہ ہو جاؤ امریکہ جہاں تمہاری اولادوں کا مستقبل ہے,1
ہم تمہیں گمنام ہونے نہیں دینگے تمہارا پیچھا دنیا بھر میں کریں گے کیونکہ تم میر جعفر ھو,0
اس وقت پورے پاکستان میں سب سے اچھی کارکردگی عثمان بزدار کی ہے زرتاج گل,0
ڈالرز لے کر پختونخوا میں آپریشنز کر کے پختونوں کے خون کاروبار کرنے والے جرنیلوں پر لعنت,1
اللہ نے انسان کو آزاد کر دیا ہے,0
یہ ہو کیا رہا ہے یہ منظم فوج ہے استغفار گیو,0
یہ دو سکرین شاٹس پڑھیں سندھ کے بارے میں اور ماتم کریں اس فارغ العقل انسان کی سوچ پر یہ خود ماضی میں صوبائیت پھیلاتا رہا ہے,1
یہ پشاور کے ڈاکٹر فخر الاسلام ہیں ہر روز اپنی دو ڈاکٹر بیٹیوں کو کرونا وائرس کے مریضوں کا علاج کرنے کے لئے بھیجتے ہیں اور جانتے ہیں کہ جس طرح ایک فوجی کی زندگی اہم ہے انکی بھی اہم ہے اور ان بیٹیوں کو اللہ کے آسرے سپرد کر کے بھیجتے ہیں,1
کوئی رہ تو نہیں گیا جو آج خوش نہ ہو,0
ہمارے کروڑ لوگوں کی توہین کی گئی ہمارے اوپر بوٹ پالشی کو بٹھا دیا گیا عمران خان,1
خنزیر ہے یہ سور کا بچہ ہے یہ اس کی اپنی بیٹی امریکہ کے نائٹ کلبوں میں کھیلتی رہتی ہے,1
پاکستان کے بارے مثبت خبریں اور فائز عیسی کا کیس واپس لگنے کی خبرلگتے ہی سریناعیسی کاپالتو کتا کپڑے پھاڑ کے چلاتاہواباہرنکل آیااورانتظارمیں بیٹھا حامد میر بھونکواس کرنے لاؤڈ اسپیکر لے کر چوک پر کھڑا ہوگیااتنا فارغ قسم کا اسکرپٹ کسی تھرڈ کلاس بی مووی کا بھی نہیں ہوتا,1
دنیا کے دو مطمئن بے غیرت,1
مرشد نے پنڈی بوائے کو رہائی کیبعد سگار کا ڈبہ تحفہ میں دیا,0
ڈوب کے مر جاؤ نونیوں وہ بھی گندے پانی میں,1
بس شئیر کرتے وقت در فٹے منہ اور لکھ دی لعنت ضرور لکھیں,1
جمہوریت کو دو سیاسی خاندانوں نے چکلہ ثابت کیا تھا عدلیہ کو ججوں کی حرامزدگی کا تسلسل چکلہ ثابت کر رھا ھے,1
تھکتا نہیں جھکتا نہیں انمول ہے بکتا نہیں,0
کچھ سال پہلے طالبان نے عمران کو اپنا نمائیندہ مقرر کیا تھا پھر عمران کی جان فیض نے پشاور جاتے ہی ان سب کو میں واپس آباد کیا اور اب عمران فیض کے مدد کے لئے آج دو بڑے حملے کئے ہاتھوں سے لگائی ہم کب تک دانتوں سے کھولتے رہیں گے اور کے خلاف آرٹیکل لگاؤ,0
سپریم کورٹ نامی چکلے کا سب سے بڑا دلال,1
امریکہ کے فالتو انسان پاکستان کی غریب عوام کو کھا رہے ہیں,0
ڈٹ گیا ہے کپتان نہ جھکے گا نہ لیٹے گا منتیں کرے گا,0
یہ عداد وشمار جو چیخ چیخ کر دنیا کو بتا رہے یہ ان کی اپنی تحقیق نہیں بلکہ ان کی مالک کی ڈالی ہوٸی ہڈی ہے یعنی جو ایک ماہ پہلے گورو نے ہڈی گھر سے باہر پھنکی تھی وہ کل یہ منہ میں دباۓ سارا دن تیتر پر بک بک کرتے ہے ان کی بات سے ذات کر سب پلانٹیڈ,1
دنیا کا سب سے ذلیل ترین انسان وہ ہے جسے حق اور سچ کا پتہ ہو وہ پھر بھی جھوٹ کیساتھ کھڑا رھے عوام كيليے لمحہ فکریہ,1
شہباز شریف کی واپسی حامد میر اور نجم سیٹھی سنیے اور سر دھنیے,1
لفافے نے بھی کی چھترول میں حد کر دی ویلڈن منصور لفافے کم از کم سچ تو بتا دیا,0
چیئرمین پی ٹی آئی عمران خان نے وزیراعظم شہباز شریف کے خلاف اعتماد کے ووٹ کی کارروائی کرنے کی منظوری دے دی ہے,0
یہ بلو کھسری سمجھتی ہے کہ وزیراعظم پر گھٹیا بکواس کرکے لیڈر بن جاے گا لیکن اس کو یہ نہیں پتہ,1
انشاء اللہ باجوہ فرعون کی طرح عبرت کا نشان بنے گا اور اس کے پیچھے وردی والے غنڈے بھی جہنم میں جائے گے,1
یہ بیشرم بیغیرت تو ہے ہی لیکن منافق بھی ہے اس کی ٹویٹس میں تضاد ملاحظہ فرمائیں,1
ڈالر لے کر دھرتی ماں کو بیچنے والوں تمھیں جنم دینے والی تمھاری ماؤں پے کروڑوں لعنتیں,1
باجوہ جواب دو ظلم کا حساب دو,0
کان کھول کے سن اس بار غلط آدمی سے پنگا ہے تیرا نہ یہ کی دہائی ہے نہ کی بیغرتی سے باز آجاؤ,1
کیا لوگوں کو اغوا کرنا دہشتگردی نہیں,0
اجیت دیول کا دھمکی نما بیان اج ہی دی نیوز میں شائع ہوا ہے کامران خان کا ایسے بیان کا حوالہ دینے پر اسد طور انکو گٹر سے تشبیہہ دے رہے ہیں اور دوسرے صحافی ارشد چوہدری اس پر مسکرا رہے ہیں کیا صحافیوں کے بداخلاقی کرنے میں کوئی مسئلہ نہیں,1
آج عمران نیازی کی درخواست ضمانت جسٹس عامر فاروق نے منظور کی بس یہی بتانا تھ ہم عدالتوں کے احترام میں بول بھی نہیں سکتے تھے اور آج پی ٹی آئی کے غنڈوں نے عدالتوں کے دروازے توڑ دیئے اور ضمانت بھی چند منٹوں میں منظور کروا کرچلے گئے لعنت انصاف کےدوہرے معیار پر,1
دوستو جے کسے پرا دی کمر کہار لمے پے پے کے درد کر رہی ہے تے اک گیڑا باہر چوک دا کڈو پنجاب پولیس فیری آف کاسٹ سروس کر رہی اے,1
جناب آپ نے بھی کوئی سڑک بنوانی ہے تو ویسے ہی پیسے مانگ لینا گھڑی بیچنے والی چول نہ مارنا,1
جسے یہودی کہتےہیں وہ واحد پاکستانی رہنما جس نے احتجاج کیا باقی مولوی سمیت اس وقت نگران ڈھونڈ رہیں ہیں,0
خاص طور پر اس وقت اس فرسودہ نظام کے خلاف کھڑے ہونا ہر پاکستانی پر فرض ہےبول سکتے ہو تو بولولکھ سکتے ہو تو لکھو,1
میں نے اپنی زندگی میں بڑے بڑے ڈرامے دیکھے لیکن شریف خاندان جیسے ایکٹر نہیں دیکھے اداکاری میں ڈھٹائیبےغیرتی اور بےشرمی کی آخری حدود سے ساڑھے ایک کلو میٹر آگے نکل جاتے ہیں,1
تینوں ایک دوسرے سے بڑھ کے ہیں,0
پیپلز پارٹی کے غنڈوں نے حلیم عادل شیخ پر بدترین تشدد کیا لیکن پی ٹی آئی سندھ اور کراچی کی سینئر قیادت خاموش کیوں ہے حلیم عادل شیخ نے پیپلز پارٹی کی غنڈہ گردی کو بہادری کے ساتھ للکارا ہے ہم سب کو انکی آواز بننا چاہئے,1
سر آپاں تے پہلے دن توں ای ایہہ آخ رئے آں,0
سرپراٸز کپتان کو پیٹرن انچیف بنانے کا فیصلہ اب کردو نااہل,0
چونکہ کے سانحہ کے بعد جرنیل بیک فوٹ پہ تھیے تو ملک کے بانیوں کے وژن کے مطابق وفاقی جمہوری کا آئین بن گیا میں جنرل ضیا نے آتے ہی آئین پہ وار کیا نام اسلام کا استعمال کیا مکمل شو یوٹیوب اور فیسبک,0
کنول شوزب کی یہ وڈیو دیکھنے لائق ہے اگر کسی کو کٹھ پتلی حکمران کا کانسیپٹ کلئیر کرنا ہے تو وہ یہ وڈیو ضرور دیکھے اور سنے کیا امریکہ کو کہنے والا حکمران کٹھ پتلی ہے یا امریکی ڈرون حملوں میں پاکستانیوں کو مروانے والا,1
بھاشاڈیم اور سی پیک کے خلاف پیپل پارٹی ن لیگ پی ٹی ایم اور چند ٹانگہ پارٹیوں کا واویلا ہر محب وطن پاکستانی کو سمجھ آتا ہے اور یہ مشترکہ کنجرخانہ جرنل عاصم باجوہ کے خلاف جتنا چاہے شور شرابا کر لے کچھ نہیں ہو گا,1
یقین مانیں پٹواری شکلوں سے بھی انسان نہیں لگتے دماغ تو ہے کھوتوں والے,1
پہلے لوٹ رہے تھے تو خوش تھے اب خالی ہوگیا تو مزا ختم ہوگیا اقتدار کا چور سعد رفیق چور,0
پاگل خان غریب عوام میں پیسے بانٹ رہا ہے اپنے اور اپنے بچوں کے لئے لندن دبئی میں فلیٹ اور سرے محل نہیں خرید رہا کیسا پاگل خان ہے,1
پارٹ ملکی بحران کی تاریخ اپوزیشن رقم کرے اور ضدی نادان کی طرح جھٹلائے موجودہ حکومت کی پالیسی اور شفا فیت کو کیا مسلم لیگ ن اور پیپلز پارٹی اب دوست جماعتیں ہیں جو ایک دوسرے کے مفادات کی حامی ہیں اور پاکستان کی بہتر ی سے بے فکر,1
ہم نے میٹرک فیل ان دو چوتیوں کو تین تین دفعہ وزیراعظم اور وزیراعلی بنایا ہوا تھا,1
جو کچھ جنہوں نے اس کے ساتھ کیا پوری دنیا جان چکی ھے,0
لکھ دی لعنت ہے ایسے جرنیلوں پر چوکیدار چور ہے,1
مجھے کچھ خاص اعتبار نہیں ان ذرائع پر,0
یہ باز نہیں آرہا مجھے لگتا ہے یہ پشاوری چپل کا انتظار کر رہا ہے شاہد پھر ان کو آرام آئے گا,0
پہلے بھی کہا ہے کہ سلیم صافی جاتی امرا کا پالتو ہے جسکے منہ میں ہر وقت ہڈی ہوتی ہے جنوری میں ملنے والی امداد بھیک تھی اور جنوری میں ملنے والی امداد ملک بچانے کیلیے لی جا رہی یے,1
بیچاری نے اپنی خدمات بھی پیش کیں اپنی صحافت کو طوافت اور زلالت میں بدلا لیکن شہباز شریف نے عہدہ فہد حسین کو دے دیا,1
لگتا ہے اس کا ٹھیکا بھی کرتارپور گردوارے والوں کو دیا گیا تھا ماشاللہ ہر کام نمبر دو,0
کھلاڑی ہمیشہ فائٹ کرتا ہے اور اپنی کامیابی کا راستہ ڈھونڈ نکالتا ہے,0
مقدمہ کے دوران ارشد ملک نے ملاقاتیں ن لیگ اور شریف فیملی سے کیں ن لیگی لیڈران کے پیسوں پر عمرہ کرنے اور حسین نواز سے ملنے گیا ویڈیوز شریف فیملی کے پاس تھی لیکن بلیک میل حکومت نے کیا لیگیوں اور لبرلی کرپٹوں اور لفافوں کی یہ منطق کسی کو سمجھ آئے تو مجھے بھی سمجھا دے,1
ایک بار پھر سے پرچی اردگان کے چہرے کے تاثرات بتا رہے ہیں کہ آگر جو انکے پیچھے تھا,1
یہ جو اب عمران خان نیازی کا پچتاوا ہے کہ باجوہ کو ایکسٹینشن دینا میری سب سے بڑی غلطی تھی اس کو پتہ نہیں کہ نا دیتا تو ساتھ ہی اس کی حکومت بھی جاتی اس کو تک چلانے والا باجوہ ہی تھا یہ اس کو چلتا کرتا تو آنے والے اسی وقت اس کو چلتا کرنا تھا,0
اس میں حکومت کی ہماری ملاوں کی میڈیا کی مان باپ کی معاشرے کی بلکہ سب کی غلطی ہے اس بچی کو انصاف مل بھی گیا تو کیا ملا واپس تو نہیں آئے گی,1
تمہاری ماں کو پیلی ٹیکسی بنایا تم چپ ننگی تصویریں بنا کر بانٹی گھٹیا الزام لگائے تمہاری ماں پر تم چپ,1
بعض مبصرین کا دعوی ہے کہ تحریک انصاف کی مہم معاشی عدم استحکام میں اضافہ کر رہی ہے ان الزامات پر عمران خان کا جواب تھا کہ ان سے کوئی یہ سوال پوچھے کہ انھوں نے سازش کر کے ہماری حکومت کیوں گرائی تھی جبکہ سال میں ہماری سب سے بہتر معاشی کارکردگی تھی,0
بلکل اور کچھ لوگوں کی گانڈ بھی کھل رہی ہے ساتھ,1
ہم بستری کیلیے نکاح ضروری نہیں کیپٹن صاحب گیراج ایکشن کو حلال قرار دیتے ہوئے,1
شریف اور زرداری جیسےکرپٹ سیاستدانوں کی کرپشن عوام کے سامنے بری طرح بے نقاب کرنے کے بعد لگتا ہے کہ عمران خان فضل الرحمن جیسے سیاسی مولویوں کی دکانداری بھی بند کروانے جا رہا ہے,1
حاجی صاحب کو بیرون ملک صفائی ستھرائی کا ٹھیکہ ملنے پر مبارکباد پیش کرتی ہوں,1
ظالم مٹ جاتا ھے یـزیـد کی طرح حــــــــسینی امر ھو جاتا ھے حــــــــسین عـلـــیه الـســلام کی طرح,0
کہو خوف سے اس وبا سے ناں ڈرا ہمیں ہم ڈرے نہیں ہم وہ قوم ہیں جہاں ہر جواں از خود جری جہد و مہرباں,1
مجھے تو یہ پاکستانی نیوٹرل لگتا ہے کیوں کہ ایسی چول نیوٹرل ہی مار سکتے ہیں,1
ساڈے واسطے ترانے اپنے واسطے خزانے اسی پھدو آں,1
نوازشریف فرنٹ سے لیڈ کرتے ہوئے,0
یار ان میں ایک آنے کی بھی عقل نہیں ہے,0
اس زھنی مریظہ کا ٹھکانا پاگل جانہ ے,1
ماڈل ٹاؤن اور بنظیر نقیب اللہ کے قاتل حکمرانوں جواب دو غدار بھکاری پٹواری غدار نامنظور امپورٹڈحکومتنامنظور,1
باجوہ کا پالا ہوا پالتو درندہ ہے اس پر اعتبار ہر گز نہیں,1
ہمارے صحافیوں اور مسخروں میں کتنا کم فاصلہ ہے یہ اس ٹویٹ کو پڑھ کر دیکھ لیں,0
امریکی رجیم چینج آپریشن کے زریعے امپورٹڈ سرکار مسلط کرنے والے جنرل باجوہ پر لعنت,1
کہاں مر گئے عمران خان کو یہودی یہودی کہنے والے آؤ سامنے اور اب اپنے آقاؤوں کے خلاف بکواس کرو جنھوں نے اسرائیل کو تسلیم کر لیا ہے سینئر تجزیہ کار عمران خان ن لیگ اور فضل الرحمن پہ پھٹ پڑے,1
عوامی مطالبہ پاکستان کے بہترین مستقبل کیلئے یہ قربانی دینی ہی ہو گی,0
اللہ کرے یہ کی طرح چوری نہ کریں اور کی طرح ملک سے غداری نہ کریں,0
باجوہ کا تیار کردہ اسپیڈو شوباز شریف,1
حامد میر جعفر کی شکل دیکھ لیں تو آپکو اس قرب کا اندازہ ہو جائے گا جس سے یہ شخص اس وقت گزر رہا یے,0
ایبسولوٹلی ناممکن نتیجہ آپکے سامنے ہے,0
عمران خان پوری قوم کی آواز بن چکا ہے حب الوطنی صرف اللہ کے سامنے جھکنے اور حق کی خاطر ہر جابر حکمران کے سامنے ڈٹ جانے کا جو درس سالا سیاسی جدوجہد میں اس نے قوم کو دیا اس کی وجہ سے قوم کا بچہ بچہ اس کی آواز پر لبیک کہ رہا ہے,0
شاہد خاقان عباسی جو آج کل مسلم لیگ کا چہرہ ماناسمجھا جاتا ہے اس نے کل قومی اسمبلی میں ارکان اسمبلی اور اسپیکر کیخلاف نہایت گھٹیا اور غیر پارلیمانی الفاظ کا استعمال کیا اس سے اندازہ لگایا جاسکتا ہے کہ ن لیگ کی سیاسی پرورش اور ڈی این اے میں ہی گالی بدتمیزی اور بدتہذیبی شامل ہے,1
گڑیا مجھے اور سرخرو نا کرو نواز شریف کی مریم صفدر کو درخواست,0
سارا پاکستان خوشی منا رہا ہے لیکن اگر تتے توے ہو کوئی بیٹھا ہے تو وہ مودی راتب خوروں کی سپر وائزر اور پالتو راتب خور ہیں,1
اس لعنتی کھسری نے پہلے سے ہی پیشن گوئی کی تھی,1
پرویز الہی کو اگر باجوہ اتنا اچھا لگتا ہے تو اس سے شادی کرلو ویسے بھی بل پاس ہوا ہے,0
کوئی زرداری کے کتے قادر قاتل پٹیل کو بتائے کہ عمران احمد خان نیازی پر بھونکو گے تو تماری زرداری والی کریں گے,1
اسد عمر کو عہدہ کی آفر کرنے والے ہمارے بغیرت نمک حرام فوجی جرنیل تھے مسئلہ عمران خان سے تھا جو خودار پاکستان چاہتا تھا اور ان نمک حراموں کو دوسروں کی جنگیں لڑ کر ڈالر بٹورنے اور اثاثے بنانے کی لت پڑی ہوی ہے یہ قوم تمہارا حساب بھی لے گی نمک حرامو میر جعفرو,1
سندھ کے ایڈووکیٹ جنرل نے آج سپریم کورٹ میں کہا کہ سینیٹ انتخابات میں پیسہ چلنے کے کوئی شواہد موجود نہیں ہیں شواہد پپپلز پارٹی کے سے دو سینٹر بن گئے انکا پارلیمانی لیڈر گن گن کے پیسے دیتا رنگے ہاتھوں دیکھا گیا اور کیا شواہد ہوتے ہیں,1
کیسے پتہ نا چلے کہ خاندانی بھانڈ ہے,1
سی این این کی الیکشن نائٹ کو اس کیک گرافکس نے مات کر دیا,0
یعنی جیسے تم امریکی ڈالر میں لفافہ پا کر حرام کر رہے ہو ایسے ہی جو بھی کوئی امیریکی کپڑا پہن لے وہ بے غیرت ہو جائے دو,1
عمران نیازی کو عدلیہ میں بیٹھی کالی بھیڑوں سے ریلیف مل رہا ہے کیونکہ وہاں کچھ عمرانڈو جج بیٹھے ہیں,1
مگر ایسی کیا وجہ اور مجبوری ہے ہمارے بے داغ صحافی اور سابق وزیر اعظم عمران خان کے قاتل ابھی تک نہیں پکڑے گئے ایسی کیا مجبوری ہے یا خود ان ہی کے کام ہے سؤال تو اٹھے گا,0
سندھ انتظامیہ کی نااہلی ہو یا غفلت لیکن شکار سندھ کے عوام بن رہے ہیں خاتون کا زچگی کے دوران انتقال لاڑکانہ کے چانڈکا ہسپتال انتظامیہ نے کرونا کا کیس بنا کے میت دفنا دی,1
استاد بحریہ ٹاون کے مالک کا کیا نام ہے شاگرد ایک کاروباری شخصیت,0
سندھ حکومت مرغیوں کی کی پرورش پر کروڑ خرچ کررہی ہے آپ کی کیا رائے ہیں ان شاہی مرغیوں کے اخراجات پر,1
لعنت بر غلامان مرزائی بوجوہ غدار,1
اللہ خان صاحب کو ہر محاذ پر کامیاب کرے آمین,0
کوی دوست جہانگیر تریں کو بتا سکتا ہے کہ عوام لوٹوں کو مسترد کرچکی ہے,0
رہنما پاکستان تحریک انصاف جمشید اقبال چیمہ اور محترمہ مسرت جمشید چیمہ کی قیادت میں این اے میں الیکشن کراؤ ملک بچاؤ ریلی کا انعقاد عوام کی بڑی تعداد ریلی میں شریک,0
ایک سیکنڈ فخر یہ آپ لوگ کمال کی سپن دے رہے ہیں بات جانبداری کی اگر ہے تو جیو سے زیادہ کسی چینل نے سال ہا سال عمران خان کو پروجیکٹ نہیں کیا لیکن بات یہاں جانبداری کی بھی نہیں بات یہ ہے کہ جیو نے بھی فوج کے حکم پر اس کے ٹاوٹ اپنے ہر شو میں بٹھائے اور ڈھنگ کے لوگ ہٹائے,0
قاسم شاہ کہتا عمران خان خود ٹھیک ہوں گے لیکن اردگرد لوگ ٹھیک نہی یہ بھی ایک سازش ہے خبردار خان کی ٹیم خان کے ساتھ کھڑے لوگوں کے بارے کسی نے بات کی ان لوگوں جتنے پریشر میں خان کا ساتھ دیا وہ قابل تحسین ہے اتنے مشکل وقت میں ڈٹ کے کھڑے رہے,0
جس بیدردی سے پیپلز پارٹی والوں نے لوٹا اور وہاں ظلم و ستم کی اندھیر نگری مچا رکھی ہے جس دن سندھ کے لوگوں جو شعور اگیا انہوں نہ صرف نثار کھوڑو جیسوں کو زندہ جلا دینا ہے بلکہ بے نظیر اور بھٹو کی قبروں پر جوتے مارنے ہیں,1
حامد میر صاحب اور جے تسی اپنے اپنے ابے دے او تے جاؤ کے پاس اور پوچھو ایویں تماشہ لایا جے روندے صحافت نوں انی دے,1
کب تک لوگوں کو بے وقوف بناؤ گے بس کردو اپنا تو پیٹ سے بھر لیا ہے اب لوگوں گمراہ کر کے جہنم کی ٹکٹ کٹا لو بیغیرت کب تک ہر بات کا الزام خان پر لگاؤ گے کب تک جب یہ ملک اجڑ جاۓ گا تم اور تمہارے آقا تو لندن بھاگ جاؤ گے میرے ہم وطنوں کو برباد کر دیا,1
مونس الہی تمھارا وہ حساب ہیں ایک طرف کٹا باندھا ہے اور دوسری طرف کٹا کھل جاتا ہے تمھارے باپ کا اور سسر یہ حساب بنا ہوا ہے خان صاحب ان بغیرتو کو دفعہ کیا جائے پلیز یہ بہت خطرناک ہے الہی خاندان جب دیکھتے غلط ہوگیا ہے تو فیر بولتے مٹی پاؤ مٹی درفٹے منہ مونس الہی,1
تب یہ مادرچود ایم کیو ایم میں تھا اور اپنا سیاسی چکلہ پی ایس پی نہیں کھولا تھا,1
جب میں جیل میں تھی تب کیپٹن صفدر میرے کپڑے پہن کے گھر میں گھومتے تھے تاکہ بچوں کو ماں کی کمی محسوس نا ہو مریم نواز,0
تو بیغیرت ہے مادرچود دلے کنجر کے بچے تم سب چور ہو گشتی کے بچو گندی نالی کے کیڑوں حرام خوروں,1
کروڑوں روپے لگتے ہیں پارلیمنٹ اجلاس میں عوام کی فلاح کے لیے گفتگو کی بجائے حرامخور گھنٹہ گھنٹہ اپنی سیاسی گفتگو میں گزار دیتے ہیں ظلم کا نظام,1
اوہو آپ بھئ نا اب جیو کے حامد میر کو احمد کا نام کیسے پتہ ہو سکتا ہے وہ اسی گروپ کا سال ہا سال سٹار رپورٹر تھوڑی تھا,0
کسی بھی جج نے یہ نہیں کہا کہ فتنہ عمران دگڑ دلے لنگڑے کا میڈیکل کرواؤ کہ واقعی لنگڑا ہے بھی یا نہیں پاکستان کا قانون إنا لله وإنـا إليه راجعون,1
اٹھارہویں ترمیم پاکستان کو کمزور کرنے کےلیے بنائی گئی صوبوں کو پیسہ منتقل ہوا لیکن کرپشن ایک ہزار گنا بڑھ گئی پیسہ عوام پر لگنے کی بجائے ٹی ٹیوں پاپڑ والوں فالودہ اکاونٹس اور اومنی گروپوں کے زریعے لوٹ لیا گیا ترمیم ہر صورت ختم ہونی چاہیے اس کےخاتمے سےفیڈریشن مضبوط ہو گی,1
ایک کالم نما کہانی میں حامد میر نے یو ٹیوبرز پر حکومت سے پیسے لینے کا الزام لگایا الزام لگانے والا خود بیرونی فنڈنگ اور کرپٹ مافیاء سے بھاری معاوضے وصول کرتا رہا ہے سپریم کورٹ کے میڈیا کمیشن کی رپورٹ ثبوت ہے,0
سمجھ نہیں آ رہی ایک غنڈہ جو عدالتوں پر اس وقت اپنے غنڈوں کے ہمراہ حملہ آور ہے اسکو ضمانتیں کیوں مل رہی ہیں,1
عمران خان نے میں کا صفایا میں تخت لاھور کو گرایا میں سندھ سے زرداری راج کو ہمیشہ کے لیے دفن کر دینگے ان شاء اللہ,1
بی بی گل بلوچ بلوچستان سے دیکھئیے صرف فون سے آڈیو لی ہے کیونکہ وہاں انٹرنیٹ کے حالات کتنے پسماندہ رکھے ہوئے ہیں پاکستانی فوج نے تم ایک کریمہ مارو گے ہر گھر سے کریمہ نکلے گی کریمہ بلوچستان کی ماں تھی پورے شو کے لیے,0
لیکن پھر بھی پاکستان ترقی نہ کر سکا اور اب تو معاشی طور پر بہت ہی گہری کھائی میں جا گرا ھے,0
دبئی کی زیبرا کراسنگ پر لگی ہوئی ٹریفک لائٹ پاکستان کے آئین سے ذیادہ طاقتور ہے قمر باجوہ,0
عام لوگوں کی بھینسیں کٹی کٹا دیتی ہیں شہباز شریف کی بھینسیں شوگر ملزسٹیل ملز بےنامی جائیدادیں اور لندن میں فلیٹس دیتی ہیں ایسی بھینسیں ہمیں کہاں ملیں گی,1
ایک ہی کتاب میں پھنسے پڑے ہیں خسرو ترین زرداری و شوباز,1
سال کی خاموش زندگی گزارنے والی قوم کو شعور دیا اور اس کرپٹ نظام کو ننگا کیا اور اس قوم کو خوداری کی منزل دیکھائی ان شااللہ ہم ضرور حقیقی آزادی حاصل کریں گے,0
لیکن ہو گا ان کے ساتھ دھوکہ ہی کرتے رہیں ڈیلیں باجوہ صاحب بلاول شہباز اور معلوم نہیں کس کس سے وعدے کر رکھے ہیں اسی سے ان کو سمجھ جانا چاہئیے مگر نہیں پنجاب میں پہلے بھی شہباز کو دھوکہ دیا گلگت میں بلاول کو دھوکہ دیا کچھ سیکھا نہیں,0
عجیب ریاست ہے ایک ڈاکو کی نسل کے اتنے نخرے ہیں اور سر عام اپنے ساتھ غنڈے بھی لارہی اس جگہ کوئی غریب ہوتا خاندان سمیت جیل میں ہوتا خان جی کب بدلیں گے نظام کو آپ,1
جب حامد میر سچ بولا کرتے تھے اور ن لیگ سے لفافوں کا سلسلہ شروع نہیں ہوا تھا,1
یہ ہے غریدہ فاروقی کی اصلیت اپنے گھر میں بچی کو ملازمہ رکھا ہوا ہے اور اسے ماں باپ سے ملنے نہیں دیتی بچی کی ماں نے بحریہ کے دفتر جا کر شکایت کی تو بچی کے ماں اور باپ دونوں کو متعد دفعہ جھوٹا اور حرام زادہ کہہ دیا,1
اڑھائی ارب بمقابلہ ارب پٹواری انی دے ایویں مٹھائیاں کھاندے پھردے جے,1
اور ابھی دوسری شرط بھی جیت لوں گی,0
معاشی گروتھ کے بعد نیوٹرلز کو ڈوب جے مر جانا چاہیے یہ بوٹوں نے آج تک اس ملک کو ٹھیک نہیں ہونے دیا بھٹو والی بیماری ان بوٹوں نے لگائینواز شریف والی بیماری ان بوٹوں والوں نے لگائی جان چھڈ دیو ساڈی خدا دا واسطہ جے,1
پاکستان کی بنیاد دو قومی نظریے نے رکھی اور دو قومی نظریے کی وجہ برصغیر میں ہندوؤں کی مسلمانوں کے خلاف سازشیں اور معاندانہ رویہ بنا یہ دو قومی نظریہ ہی تھا جس نے پہلے قرارداد پاکستان کی شکل اختیار کی اورپھر پاکستان کو ناگزیر قرار دی,0
ریڑھی والوں کی کیوں بے عزتی کر رہے ہیں وہ شائد سب سے زیادہ شعور رکھتے ہیں,0
چودا اگست کو قائدا اعظم نے ملک گوروں سے ازاد کروا کے لوڑوں کے ہاتھ میں دے دیا,1
این آر او مل جائے اس کی دوڑیں دنیا دیکھے گی اس طرح کے نشئی ہوتے ہیں لوگوں کےسامنے دو قدم نہیں چل سکتے مگر اکیلا چھوڑو تو محلے میں ٹرانسفارمر بھی نا چھوڑیں,1
زرداری اور نواز شریف کو سپورٹ کرنے والے یا تو ابنارمل ھیں یا خود کرپٹ ھیں کیونکہ یہ تو ھو نہیں سکتا کہ نارمل یا دیانتدار لوگ چوروں کو سپورٹ کرے,1
پی ڈی ایم کا نہ کوئی بیانیہ ہے اور نہ کوئی کارکردگی صوبائی اسمبلیوں میں انھیں دو بار منہ کی کھانی پڑی اب عمران خان کو اسمبلی واپس آنے سے روک رہے ہیں کیونکہ اسی ادھوری اسمبلی سے انھوں نے ای وی ایم ختم کر دی,0
ثنا توصیف میں کیا خاص بات ہے کہ جنرل عاصم باجوہ جب آئی ایس پی آر میں تھے تو وہاں میڈیا ونگ میں ان کو رکھا جب کورکمانڈر کوئٹہ تھے تو وہاں ڈی ایچ اے کا ممبر بنایااب سی پیک میں اپنے ساتھ میڈیا کیمپین منیجر بنا دیا ہے منی ٹریل کے ساتھ اس کا بھی جواب ملنا چاہئے,0
جنگ گروپ اور میر شکیل الرحمن پر پینتیس سال نوازشریف نے انوسٹمنٹ کی جنگ اور جیو نیوز نے آج پکا حلالی ہونے کا ثبوت دیا,0
نونیوں اور پپلیو کوئی حیا کرو صرف آپ لوگوں کو غیرت دلانے کے لیے اتنی محنت کر رہی یے لیکن آپ ہیں کہ بےغیرتی پر آڑے ہوئے ہیں,1
عمران خان کو روکنا ان چور لوٹیررو کے بس کی بات نہیں اکیلے ان سب مافیا سے لڑ رہا ہے صرف پاکستان کی خاطر,0
کتے کا بچہ غدار حرام زادہ شکل دیکھو اس کنجر بغیرت منھوس کھوتے کی لعنتیں بھیجیں اس پر آج جو ہو رہا ہے نا اس کی وجہ سے ہو رہا ہے اپنی حیثیت کے مطابق اس پر لعنت کرو ہمارا مستقبل کھا رہا ہے,1
گانڈو تھا مطیع بچپن میں اس لۓ کاکول سے نکالا گیا,1
اندرونی و بیرونی بے غیرتوں کی بکواس شروع ہونے کو ہے کیونکہ یہ فیصلہ ملک دشمنوں کے لئے موت ہے,0
بہت افسوس کے ساتھ کہنا چاہونگا سر باجوہ اینڈ کمپنی نے بہت بہت بہت گندہ کھیل کھیلا ہے اس وقت اور ہمیں اس سے چھٹکارا دلاؤ پاکستان کوئی امریکی طوائف نہیں مسلم امۃ کا لیڈر ہے,1
اگر باپ نہ ملے تو پھر ماں کو گرفتار کرلیں,0
ایک طرف ملک کی معیشت ڈیفالٹ کر رہی یے تو دوسری طرف حکومتی وزراء ڈالروں کے بھرے بیگ دبئی اور لندن منی لانڈرنگ کر رہے ہیں اس غاصب سرکار پر لعنت انکو لانے والے آئین شکن باجوہ پر ہزار دفعہ لعنت,1
ہم پاک فوج کو پہلے دن سے سپورٹ کرتے چلے آئے ہیں اور سپورٹ کررہے ہیں اور کرتے رہینگے مگر اور جرنیلوں کی سپورٹ نہیں کرتے ہم صرف ادارے کا دفاع کرتے رہینگے,0
ظالموں نے مریم نانی کو کال کوٹھڑی میں اے سی تو دیا مگر کپڑے استری کے لیے فرائی پان دیا,0
اماں جی نے شوباز شعبدہ باز پر لعنت بھی بھیج دی اور پاکستان کے مسائل کا آسان حل بھی بتا دیا,1
کیا کہتے ہو پاکستانیو پہلے دجال آئے گا کہ پٹواریوں میں غیرت,1
فلم میں یا گانے میں موجودہ کنجروں اور بے غیرتوں سے کوئی امید نہیں حمایت کی بھی,1
بقول بغلول سارے چور ہی پاکستان کے اثاثے ہیں,1
اسلام آباد ائیر پورٹ مریم نواز کے سمدهی چوہدری منیر کو تعمیر کے لئے ٹهیکے پر دیا گیا تها نواز دور میں اس پر اسلام آباد ہئکورٹ میں بیٹھا کوئ خرامی جج اس کا نوٹس نہی لیگا کیونکہ یہ ائرپورٹ میاں نواز شریف کے ٹھیکےداروں نے بنایا ہے,1
اس باجوے نے پوری قوم کا باجا بجادیا ہے اور ابھی بھی سکون نہیں اسے,1
انکل باجوہ اب کیا کرنا ھے,0
حامد میر کی صحافت پاکستان کے مفاد میں نہں,0
انشاءاللہ خان کو اب کوی نہی روک سکتا,0
تارڑ منوں ہم نے تو صرف مشاورت کا اعلان کیا تھا کہ واپس آرہے ہیں اور آپ لوگ بھاگ گئے جب آئیں گے تو کیا حال ہوگا آپ لوگوں کا انشاءاللہ چھپنے کی جگہ نہیں ملی گی,1
بغلول سےاسی طرح کی چولیں کی جاسکتی ہیں,1
اس لفافہ صحافت کو اس طرح سمجھیں جیسے خلیفہ سوٸم سیدنا عثمان رضی اللہ عنہ کی شہادت ایسے ہی مخبروں کی خبروں پہ مشتمل واقعیات کی وجہ سے رونما ھوٸی ان لفافیوں کا سر کچلنے کی اشد ضرورت ھے,0
نس گیا اے واپس مشن مکمل ہوا آپکا یا نہیں فصلی بٹیرے بھگوڑے,1
یار اتنی بستی تو مفرور اشتہاری بگوڑے اور کیلیبری باجی کی بھی نہیں ہوئی,1
عقل فہم فراست جیسے الفاظ اس شخص کے نام کے ساتھ ایک جملے میں لکھے ہی نہیں جا سکتے اور نہ ہی اس کے لانے والوں کے ناموں کے ساتھ,0
اتنا پالا لگتا تھا اف طوبہ,0
کراچی کے الیکشن کو پیپلز پارٹی نے ایک مذاق ہی بنا لیا تھا ان کو معلوم ہے عوام فیصلہ کرچکے ہیں یہ کرپٹ گورنمنٹ فرار کا راستہ اختیار نہیں کر سکتی قومی اسمبلی میں بھی ان کو اعتماد کا ووٹ لینا پڑے گا,1
نیوٹرلز سے مودبانہ سوال ہے کہ اگر گھر کے اوپر ڈھاکہ پڑے تو کیا چوکیدار نیوٹرل ہو سکتا ہے,1
آج کا عدالتی احوال دیکھ لگتا نہیں کہ حکومت کامیاب ہو پاۓ گی مانا کہ وہ فتنہ ہے لیکن غریب کا کون ہے غریب بھوک سے مر رہا ہے حکومت کو صرف گھڑی چور کی پڑھی ہے بی بی آپ کے آنے کا بھی فاٸدہ نہیں ہوا ن لیگ والے سپورٹر اب بے بس ہو چکے ہیں,1
ہم نے فرائڈے فوکس کو پوڈکاسٹ کی شکل بھی دے دی ہے جائن کیجیے یا ویسے سنئیے,0
اس کی ساس اور والدہ کو دل سے سلام پیش کرتا ہوں,0
پی آئی اے کا امیج عمران خان نے خراب کیا ہے سارے جتیا لاہ لو سارے,1
افسوس بھی ہوا اور حیرت بھی راجا داہر کی محبت میں ٹویٹ کرنے والے سارے پیپلز پارٹی والے نکلے ایسا کیوں ہوا بغض قاسم لبرلزم تعلیم کی کمی کیا موجودہ حالات میں بلاول راجا داہر بننے کی سوچ رہے ہیں,1
رب بنائی جوڑی اک انا تے اک کوہڑی,1
امین ثمہ امین اور ملک کے غدارون کو جیسے باجوہ ھے عبرت ناک سزا دینا,0
اس بےغیرت نے ان چوروں کو مسلط کر کے اپنی نوکری کر لی پکی اتنی ذلت ریٹائرمنٹ سے پہلے الحمدللہ کسی کسی کو ملتی ہے,1
بیشک حق پہ چلنے والے کےلئے مشکلات ہیں مگر درجات بھی ہیں,0
میرے ناقص علم کے مطابق زرد صحافت کا آغاز ءمیں دو مشہور اخبارات نیو یارک ورلڈ اور نیو یارک جرنل کی آپس کی جنگ کے نتیجے میں ہوا دونوں اخبارات کے مالکان ایک دوسرے کو نیچا دیکھانے کے لئے اپنی مرضی کا مواد اخبار میں شائع کرتے تھے,0
مل جاتی اگر مجھے ایک دن کی بادشاہت مرشد میرے دور میں تیرے نام کے سکے چلتے,1
ایک وقت تھا جب ہم کہتے تھے فوج میں جائیں گے مگر اب پراپرٹی ڈیلرز جیسے لوگ ہمارے اوپر مسلط ہوں اس سے بھتر ہے ہم کپتان کے ساتھ ہوں,1
چین میں جب طلبا نے پاکستانی سفارت خانے سے مدد مانگی تو جواب ملا موت اللہ کے ہاتھ میں ہے اس قدر بے حس مجرمانہ حکومت آج تک نہیں دیکھی,1
نوازشریف شہباز شریف اور مریم نواز کو مقدموں سے نکال کر جنرل باجوہ نے بہت بڑا جرم کیا ہے سئینر وکیل اور پیپل پارٹی رہنما اعتزاز احسن,1
خان صاحب اگر ڈاکٹرز نے غلط رپورٹ دی ہے تو ڈاکٹرز کو پھانسی دیں آپ ملک کے وزیراعظم ہیں چپڑاسی نہیں ورنہ جھوٹ بولنا چھوڑ دیں,1
اچھی چیزیں بولے تو بیغیرتوںلوٹیروںمنی لانڈروںچوروں کا ٹولہ,1
آئیے سب مل کر اللہ تعالی سے دعا کریں کہ جس جس شخص نے پاکستان میں اپنے اقتدار اور اختیار کو استعمال کرکے ناجائز دولت جمع کی اوریا یہ دولت بیرون ملک منتقل کی اللہ تعالی اسے تباہ و برباد کرے اور اسے اسکی نسلوں کو عبرت ناک انجام سے دوچار کرے,1
سندھ میں پی پی کی سائیں سرکار کےمحکمہ صحت کے کارنامے جہاں بیرون ملک سے لوگ علاج کےلئے آتے ہیں اس وڈیو میں شکارپور کے رہائشی فقیر محمد کی نعش ایمبولینس کی عدم دستیابی کی وجہ سے گدھا گاڑی پر گھر بھجوائ گئی,1
ارشاد بھٹی ن لیگ اور شہباز شریف کی سول سپرمیسی اور ووٹ کو عزت دو کے نعرے کی زبردست چھترول کررہا ہے اور دوسری طرف دلال چوہدری کا لٹکا ہوا چہرہ دیکھنے والا ہے,1
یہ بھابھی کو ساتھ لے کر بیٹھا ہوا ہے,0
یہ گلالئی اسماعیل وہاں امریکہ کے لئے انگلش میں ٹویٹ اس لئے نہیں کر رہی کہ انہیں پتہ نہ چل جائے کہ میں ان کے خلاف ٹویٹ داغ رہی ہوں جبکہ پاکستان سے متعلق انگلش میں ٹویٹ کرتی ہے تاکہ ان آقاؤں کو سمجھنے میں دقت نہ ہو یا منافقت تیرا ہی آسرا,1
ہمارے ایک سینیئر صحافی بتاتے تھے کہ کیسے ان کا اخبار خشک دودھ کی معروف کمپنی کے خلاف مہم چلاتا رہا پھر ساز باز ہو گئی تو مہم بھی ختم کردی گئی,0
لاڑکانہ اور لاہور کی سڑکوں پر ہم دونوں نے ایک دوسرے کو گھسیٹنا تھا لیکن گھسیٹ عمران خان رہا یے,1
لانت ایسے بےشرموں پہ یہ وہی وزیر ھے جو لینے کیلئے کی چاٹتا تھا اور اب بجائے ان کے مسائل حل کرنے کے یہ الزام تراشی پہ اتر آیا ھے,1
افواج پاکستان کو سلام پاک فوج کے ینگ ڈاکٹر بھی عوام کا علاج کررہے ہیں اس وباء میں جس طرح پاکستان کے ڈاکٹر عوام کے لیے حاضر ہووے ہیں ان سب کو سلام ہے,1
سماجی رابطے کی ویب سائٹ ٹوئٹر پر شیخ رشید نے لکھا کہ پاکستان کی سیاست میں دن اہم ہیں غریب ایڑیاں رگڑ رہا ہے وزراء موج میلہ کر رہے ہیں اپنے ڈالر لانے کے بجائے یہ ڈار کو لے آئے,0
مارس کی چھپکلی کو بچے کچے ٹکڑے آئے ہیں سندھ ہاؤس سے,1
تھوک کر چاٹنے کا طریقہ کوئی نون لیگ پیپلز پارٹی اور مولوی ڈیزل سے سیکھے بڑے ڈھٹائی اور بے شرمی کے ساتھ اپنا تھوکا ہوا چاٹتے ہیں قمر زمان کائرہ صاحب اس چور ٹبر کے ساتھ جلسے کرتے ہوئے کیسے لگیں گے,1
نانی اماں کا اکاؤنٹ چلانے والا بھی چسکے لے رہا ہے عید کی مبارکبادی ویڈیو پر ہمارے قومی نغموں کی بجائے نانی اماں کی تصویر کے ساتھ قطری میوزک لگا دیا,1
اس طرح گیا اور دھڑلے سے واپس اے گا,0
یہ یے احسن بھون سپریم کورٹ بار اسوسیشن کا پالتو صدر وزارت قانون کی طرف سے کرمنل جسٹس میں ریفارمز ریجیکٹ کر دہیں اور ساتھ ہی نواز شریف کی کرپشن پر تا حیات نااہلی کے غلاف سپریم کورٹ میں درخواست جمع کروا دی یہ یے پاکستان کا نظام عدل,1
افسوس ناک ہے مگر اچھا سبق ہے,0
مفتاح اسماعیل کو ہٹا کر نوازشریف کے سمدھی مفرور اشتہاری بگوڑے اسحاق ڈار کو وزیر خزانہ بنانے والی کہتی ہے کہ یہ میری حکومت نہیں,1
ارشد شریف کو سازش کے تحت شہید کیا گیا پھر عمران خان کو گولیاں ماری گئیں کیونکہ دونوں مل کر پاکستان کے اصل مجرموں کو ننگا کررہے تھے اعتزاز احسن,1
دوسروں کو چور ڈاکو کہنے والا خود سب سے بڑا چور نکلا بنی گالہ کے ملازمین کو صرف اس وجہ سے نکالا جاتا ہے کہ وہ چوری کے مال کی تصویریں لیتے تھے چورں کی سب سے بڑی جوڑی پنکی اور نیازی,1
خان صاحب آپ کو اپنی جان کی فکر نہیں لیکن ہمارے پاس آپ کے علاوہ کچھ ھے ہی نہیں خدارا اپنی سیکورٹی کا خیال رکھیں,0
ایک طرف مریم صفدر نوازشریف کی سرخ رو کر رہی ہے اور رہی سہی کسر رانا شمیم پوری کر رہا ہے,0
مجھے لگتا ہے سب لڑکے آنٹیوں سے ہی سٹارٹ لیتے ہیں,0
باجوے کی یہکیاں پاکستان کو بہت مہنگی پڑ رہی ہیں,1
جب فیصل رضا عابدی نے فضول سوال کرنے چبل مارنے پر میرے منصور کو ٹھوکنا وجانا شروع کیا تھا تو پھر میرے منصور کی بیشرمی والی حالت دیکھیں اگلے نے نہ روون دتا تے نہ ساہ لین دتا,1
اس میں کوئی شک نہیں ہے کہ بےنظیر ڈائیریکٹلی انوالوڈ تھیں آصف زرداری کے ساتھ کرپشن میں عامرمتین,1
باجوہ امریکہ سے مدد مانگ رہا ہے کیا یہ باجوہ کا کام ہےاسکا مطلب ہے باجوہ نے آپنی ماں اچھی طرح چودی ہے,1
خیبرپختونخوا حکومت نے آخری کابینہ کے اجلاس میں ملین اساتذہ کو اپ گریڈ کیا,0
فوجی فاؤنڈیشن کی پہلی فلم رلیز کے چند منٹ بعد ہی فلوپ,0
سندھ بلدیاتی انتخابات میں تمام تر دھاندلی کے باوجود کی جیتی ہوئی نشستیں بعد از انتخابات نتیجوں میں ردوبدل کر کے پیپلز پارٹی جماعت اسلامی نون لیگ اور دیگر جماعتوں میں بانٹ دی گئیں,0
جس ملک کے نواجوان بیدار ہو جائیں اس کو قوم کوئی شکست نہیں دے سکتاتا,0
تم جیسے دلے جو کوٹھوں پر پیدا ہوعے جنکی نظر میں دنیا کی ہر زلت عزت ہے,1
عوام کا مشترکہ مطالبہ ہے کہ اب عمران خان و ہمنوا سے حساب لیں اور لوٹا پیسہ واپس قومی خزانے میں جمع کروایا جائے,1
اگر کتے کی موت نا مر گئی ہوتی تو مہنگائی پر سوال ضرور اٹھاتی,1
بیرون ملک مقیم پاکستانیوں کی مخالفت کرنے والے بیشرم ملاحظہ فرمائیں احسن اقبال ارسطو کے پاس سعودی کا اقامہ بگوڑے اشتہاری نواز کے پاس دبئی کا اقامہ مریم نواز کے پاس سعودی عرب کا اقامہ اور خواجہ آصف دبئی کا اقامہ تھا لیکن سیاست پاکستان میں کرتے تھے,1
جس ملک میں بڑے بڑے ادارے بک جائیں وہاں ایک چینل کا حق کے ساتھ کھڑا رہنا قابل فخر ھے اے آر وائی چینل زندہ باد,0
بہادر کی ایک دن کی زندگی گیدڑ کی سو سالہ زندگی سے بہتر ہے,0
کیا کسی بھی پاکستانی کو یہ زیب دیتا ہے کہ وہ بھارتی میڈیا پر بیٹھ کے کسی بھی شخصیت یا کتاب کے حوالے سے پاک فوج کے جرنیلوں کو اغواء کار اور قاتل قرار دے بیغیرت باپ کے بیغیرت بیٹے نے یہ بھی کر دکھایا,1
استعفے دینے کا اثر ان ملکوں میں ہوتا ہے جہاں ملک آئین کے مطابق چل رہا ہو مجھے خدشہ ہے کہ یہاں آئین کو تبدیل کرنا شروع کر دیں گے صدارتی یا نیم صدارتی نظام دینے کا شوق رکھتے ہیں ایسی حرکت سے ملک ٹوٹنے کا خدشہ ہو گا شاہد خاقان عباسی,0
جہاں مری کے المناک حادثے نے ہماری معاشرتی بیحسی اور خودغرضی کو بینقاب کیا وہاں ہمارے درمیان کچھ ہیروز کو بھی آشکار کیا,0
گیلانی صاحب کے بیٹے نے بہت ہی اچھے سے سکھایا تھا,0
تختی چور نوازشریف شہبازشریف کے منصوبوں کے افتتاح کر کر کے دفان ھو جائیں گے اپنی اہک اینٹ بھی نہیں لگائی,0
پی ڈی ایم کا کوئی مسئلہ نہی وہ کل بھی ذلیل ہوتے تھے آئندہ بھی ہونگے اصل خطرہ بادشاہ کو ہاتھ سے جاتی ہوئی سالا بادشاہت کا ہے,1
یہ تو ایک کے بزدل ہیں,0
ثابت ہوا کہ عمران خان کے سامنے اقتدار کی کوئی اہمیت نہیں خان صاحب اس ملک اور قوم کو ایک حقیقی ازادی دلانا چاہیے ھے,1
کیا بات مریم نواز کے ٹھوکو نے جی ایچ کیو سے کنفرم کی ہے,1
ڈبل جرم ہو رہا ہے کے ساتھ سولئین کا کورٹ مارشل غیر قانونی ہے اس کو بنیادی طور پہ کن وجوہات پہ قرار دیا گیا ہے سنیے یہ بھیانک وجوہات,0
ـپاکستان میں صحافت اب پیسہ بنانے کی مشیبن بن چکی ہے ـاس مشین سے فیضیاب ہونے کے لئے پرنٹ میڈیا اور الیکٹرانک میڈیا مالکان مستفید ہورہے ہیں,0
بیچاری چائیلڈ ابیوزر کی توقعات کے برعکس جواب,0
پنڈی مطلب قمر جاوید باجوہ حرامی کی عدالت جج صاحب نے واضع بتا دیا ہے کہ یہ کیس ان کے دائرہ اختیار سے باہر ہے,1
تیری بیٹی کی شلوار کے نیچے تک آگیا ہے سورنی کے بچے,1
افریقی ملک برکینا فاسو میں فوجی افسران نے اپنے ہی سپہ سالار کو عہدے سے برطرف کر دیا یا اللہ پاکستان میں بھی ہمارے فوجیوں کو یہ توفیق دے,1
پاکستان میں منافقین کی کمی نہیں اب یہ لبلرز شعار اسلام کے پیچھے پڑ گیے ہیں,1
بندیال صاحب آپ اتنے بڑے عہدے پر ہو کہ اگر اس ملک میں کتے کے ساتھ بھی زیادتی ہو گی تو آپ اللہ تعالی کو جوابدہ ہوگے عیدیں تو آتی جاتی رہتی ہیں ایک مظلوم کی داد رسی کیلئے اٹھیں,1
یوتھیوں جب یہ باجوا تمارا ابا تھا تم اس سے پیار کرتا تھا اب جب نیازی کو باہر پھنکا اب بکواس کرتے ہو,1
جناب عالی نواز شریف نے آئین میں ترمیم کی بات کی تھی سپریم کورٹ کی طرح ماورائے آئیں ایک شخص کو فائدہ پہنچانے کی بات تو نہیں کی تھی غلط موازنہ تو نہ کیجیے,0
وہ حرام خور جو پنجاب فتح کرکے وزیراعظم بننے کے خواب دیکھ رہا اس کے اپنے گڑھ اندرون سندھ میں اس کو جیتنے کے لیے پہلی دفعہ سرعام دھاندلی کرنا پڑی اور کوئی عقل کل اس چ کو وزیراعظم بنانے کے خواب دیکھ رہا,1
لندن فلیٹ کس نے بنائے اسکا نہیں پتہ لیکن امریکی ٹاماہاک میزائل نواز شریف نے بنایا اسکا پتہ ہے اولاد نے حرام کا پیسہ کیسے بنایا اسکا نہیں پتہ لیکن انکے خلاف جو سازش ہورہی وہ پتہ ہے انہی کے لوگ قانون سازی میں ووٹ دیکر غداری کرتے ہیں انکا نہیں پتہ لیکن نیب نیازی گٹھ جوڑ کا پتہ ہے,1
جرنل اس کے پکے گاہک ہیں اس لیے انکی حمایت کرتی ہے,0
پی ڈی ایم اب ہر میدان سے بھاگ رہی ہے بھاگو کتنا بھاگو گے انشاءاللہ خان کو کوئی نہیں روک سکتا میرا رب اس کے ساتھ ہے,0
لے باجوہ سن لے ڈوب کے مر جا,1
سادہ الفاظ میں حمزہ شہباز کو طاقتور ادارے کے طاقتور ترین شخص نے شیرین مزاری کی گرفتاری کو پنجاب حکومت کی جانب سے اون کرنے کا کہا گیا حمزہ نے نو سر کہہ دیا بیٹی درست فرما رہی تھی اور والدہ جانتے بوجھتے ہوئے بھی رانا ثنا رانا ثنا کان میں پھونکتی رہیں,1
گرفتاری کے ڈر سے جو ماں کے جنازے کو کندھا دینے نہیں آیا میت کو لندن سے پارسل کردیا نانی کہتی ھے وہ فرنٹ سے لیڈ کررھا ھے,1
کیس حکومت ہاری لیکن نظر ثانی کی اپیل الٹا بار کونسل اور فائز عیسی کرنے جارہےہیں ان اوارہ کھوتی کے بچوں نے اپنے لفافوں کے چکر میں ہمیشہ ن لیگ کو پھدو بنایا کل مٹھائیاں کھانے والے اج مریم عظمی بخاری سمیت ن لیگ والوں سے گندی گندی گالیاں کھا رے ہیں,1
عمران احمد خان نیازی کو روکنے کیلئے ہر کردار کو آپس میں جوڑا گیا جو ایک دوسرے کی شکل نہیں دیکھنا چاہتے تھے انہیں بھی نیازی کے بغض اور نیازی کو روکنے کیلئے ساتھ ایک ساتھ بٹھایا گیا لیکن نیازی کے ساتھ اللہ کی طاقت ہے اسی لئے,0
ملک ریاض کےپیسےبرطانیہ نےکسی جرم میں پکڑےپاکستان کوواپس دئےشہزاد اکبرکہہ رہےیہ پیسےخزانے میں جمع کرنےکی بجائےملک ریاض کی ان ارب میں ریکوری کے نام پر ایڈجسٹ کیجائیگی جوانکےذمےبحریہ ٹاون کراچی کی مدمیں کیطرف سےواجب الاداہیں نہیںادارےبچاؤ,1
شہباز شریف کی کمر دررد کا کریڈٹ غریدہ فاروقی صاحبہ کو جاتا ہےاحسان اقبال,1
شریف خاندان نامی سسلین مافیا اپنے خلاف منی لانڈرنگ کیسز کے تمام گواہان اور انوسٹیگیشن افسران کے کھانوں میں خاص کیمیکل ملا کر انہیں قتل کر رہا یے شہباز گل,0
ایسے مادرچود یوتھئے ہیں کہ کشمیر ہاتھہ سے نکل رہا ہے لیکن یوتھئے ابھی بھی کشمیر کی ثالثی پر نیازی کی واہ واہ کررہے,1
تم جیسے غداروں کو پاکستان نے اتنا بڑا مقام مرتبہ اور عزت دی پر تم بے غیرتوں نے چند پیسوں کی خاطر اس ملک کا سودا کر دیا لعنت ہو تمہارے اوپر پوری پاکستانی قوم کی طرف سے ڈوب کے مر جاؤ اگر تھوڑی سی بھی غیرت ہے,1
مسٹر واقعی ہی کوئی ماں بہن بیٹی کےسامنے ایسے الفاظ نہیں کہہ سکتا لیکن سب سے بڑے کمینے تم ہو جو اپنی بیوی کو عورت مارچ میں لے کر جاتے رہے سب سے بڑے کمینے تو تم ہو جو ہر روز جھوٹ بولتے ہو سب سے بڑے کمنیے تو تم ہو جو روزانہ چوروں کے قیصدے پڑتے,0
سنتھیا لیکس میں پیپلزپارٹی کے سکینڈل تو صرف ٹریلر ہیں اصل پکچر تو ن لیگ کے کرتوتوں کی ہے جب ریلیز ہو گی تو کھڑکی توڑ رش ہو گا اور سنا ہے ن لیگ کی اعلی قیادت میں سے کسی شخصیت کی وڈیوز بھی ہیں,1
سندھ میں جا کر ٹڈیاں بھی عمران خان مارے لاڑکانہ میں باولے کتے بھی خان ختم کرے تھر میں بھوک کا خاتمہ بھی خان کرے کراچی کو ٹرانسپورٹ اور صاف پانی بھی خان دے کچرا بھی خان اٹھائے پیپلزپارٹی بس اٹھارویں ترمیم کا گلے میں پھنڈا لگا کر لٹک جائے,1
میرے میزبان در شریفاں اور زرداریوں کے نمک خوار ہیں ان کے لیے نون لیگ کی حسیناؤں کے حرم سے نکلنا مشکل ہی نہیں نا ممکن ہے اوپر سے ماہانہ لفافے موجیں,1
پاکستان کی آن ھیں آپ پاکستان کی شان ھیں آپ پاکستان کی جان ھیں آپ کیوں کہ عمران خان ھیں آپ,0
دھماکے نا کیے تو انڈیا حملہ کر سکتا ہے مئی کو گوہر ایوب نواز شریف سے ملنے گیا تو شہباز شریف نے کہا کہ نواز شریف بل کلنٹن سے فون پر بات کر رہا ہے اور اگر ہم دھماکے نہیں کرتے تو امریکہ اچھی قیمت دے گا سنیے اور شریف خاندان پر لعنت بھیجیے,1
شوہر لڑکی کی عزت لوٹ رھا اس دوران بیوی اس منظر کی ویڈیو بناتی رہیفلم کا عنوان تھا کشمیر بنے گا پاکستان,0
پٹواریوں اور دلال صحافیوں کو عدالتی فیصلہ سمجھ آنے کے بعد کچھ ایسا حال ہوا پڑا ہے اب تو برنال بھی کارآمد نہیں رہا,1
کیوں کیا ہوا پہچان لیا اپنے نسلی بھائی کو اپنی اوقات پہ اتر آئے اتنی جلدی یہ فرق ہے حلالی اور حرامی کا ہاہاہا,1
بدتمیز عورت وکیل ثابت ہوئی ہے جس کو اس کا شوہر طلاق دے چکا ہے,1
بزرگوں کی تصویر نہیں جبکہ ابا جان رو رو کر اسکا نام لیتے رہے ہیں اسکا مطلب نانی کی ویڈیو بزرگوں کے پاس ہے,1
بہن چود اس سے اچھا تجزیہ تو نائی کی دوکان پر ہوتے ہیں کوئی ان چغدرو کو بتاؤ کہ انکی بک بک پر لوگ ہنستے ہیں اب,1
جی جی آپ نے درست فرمایا سوشل میڈیا زندہ آباد بڑے بڑے مہان کلاکاروں کی قلابازیاں اور دروغ گوئی عیاں کر دیتا ہے یہ سوشل میڈیا بہت جنکا نام تھا اپنے ہی ہاتھوں خوار ہوتے دنیا نے دیکھے اور پورا رلے جھوٹے انفارمر اور چس عوام کو آیا,1
اس بے شرم کی بھی سن لو چل دفع ہو جاؤ لنڈے کے بدمعاش,1
بالکل درست کہا یہ خبر سن کر میرے منہ سے بھی یہی الفاظ نکلے تھے حرامزادہ,1
یہ خوددار قوم ہے اور سب جانتی ہے قوم نے ان کو مائنس کرنے دیا ہے اسی وجہ سے تو الیکشن سے بھاگ رہے ہیں,0
حرام کی کمائی پر پلنے والی بد اخلاق جاہل بدکردار بلیک میلر بازاری زبان بولنے والی جھوٹی کی بدزبانی کو رعب اور دبدبہ کہنے والی اس اینکر کا اپنا کیلیبر اور لیول کیا ہے کیسے کیسے جاہل لوگ خود کو صحافی اور تجزیہ نگار سمجھتے ہیں,1
یہ خبر اگر نواز شریف یا شہباز شریف کے بارے میں ہوتی تو بڑا بڑا لکھا ہوتا اب کیوں اس شخصیت کا نام چھپایا جا رہا ہے یہ ملک ریاض کے بارے میں خبر ہے,0
یہ سمجھتے ہیں عوام بھیڑ بکریاں ہیں,0
مبارکاں مبارکاں بھارتی کرکٹر حاردک پانڈیا کی بیوی نے شادی کے ٹھیک تین ماہ بعد بچہ پیدا کرکے پٹواریوں کی باجی مریم نواز کا ماہ والا ریکارڈ توڑ ڈالا,1
یہ یے وہ کتے کا بچہ ابلیس ابن ابلیس جس کا کام صاف شفاف الیکشنز کروانا ہے,1
جماعت اسلامی کو پی ڈی ایم میں شامل ہونے پر مبارکباد کوئی رہ تو نہیں گئی پارٹی اب,0
تم نا جانے کس جہاں میں کھو گئیے,0
ٹیپو سلطان نے انگریزوں اور ہندو مراٹھوں کے خلاف بہادری سے لڑتے ہوئے ہرمیدان میں شکست سے دوچار کیا,0
میسج نے چند گھنٹوں میں اربوں روپیہ غریب مستحق لوگوں تک پہنچا دیا نہ کی منتیں نہ کا رحم ضرورت پڑا ایسا شفاف نظام پٹواری اور جیالہ ڈاکو راج اس زندگی میں سوچ بھی نہیں سکتا,1
بلاول کے منہ پر اگر مونچھ لگا دی جائے اور کاندھے پر پٹکا رکھ دیا جائے تو کھسرا نہیں کنجروں کا دلا لگے,1
تیسری بار وزیراعظم بننے کے بعد بنی کہہ رہا تھا کہ پہلے مہینے تو سمجھ ہی نھی آتی کہاں سے شروع کریں تو پہلی بار وزیراعظم بنا ہے اگر اس نے کہہ دیا کہ ہمیں پہلے مہینے سمجھ نھی آئی حکومت کیسے چلانی ہے خان کی نفرت میں اندھے ہیں,0
خان تھا خان ہے خان رہے گا انشاءاللہ,0
میں ایک ملازم پیشہ شخص ہوں میرا کسی سے کوئی تعلق نہیں کبھی کسی جلسہ میں نہیں گیا ووٹ ہمیشہ نواز شریف کا,0
ٹن گھوم رہا ھے وہ رات اپن ساری رات پیا,0
ہم پاکستانی قوم کا اللہ ہی حافظ ہے یم شاید دنیا کی واحد قوم ہیں جو جیتے جاگتے اپنے پاؤں پر کلہاڑی مارتے ہیں آرمی عدلیہبیوروکریٹس اور بچے بچے کو پتہ ہے کہ شریفوں نے اس ملک کو بیدردی سے لوٹا لیکن پھر بھی مریم کے تلوے چاٹنے کی تمنا یے,0
رات کے اس پہر جب لوگ تہجد پڑھتے ھیں یہ ڈیوڈ کے بستر کی صفائ کرتی ھے اور بلورانی کے بچے انگور کے شربت سے شغل لگاتی ھے سندھ میں تو اب ماٹھو بھی نہی جاتا وہ بھی بھاگ بھاگ کر کراچی پناہ گزین ھو رھے ھیں,1
پاکستان کا سب سے بڑا غدار اگر کوی ھے تو وہ ھے یہ بغیرت باجوہ,1
بے غیرتوں جان چھوڑ دو اس ملک کی,1
نانی اور اس کے غلام میڈیا نے ایک بار پھر بیغیرتیاں دکھانی شروع کردیں فیک آڈیو آنے کے کچھ گھنٹے بعد فلاپ ھوگئی اور پہلے کی طرح امریکی بھکاری اور حرامخور میڈیا پھر ننگا ھوگیا,1
فالوورز تک پہنچنے پر ٹیم انصافین پاور کے سربراہ کو دل کی گہرائیوں سے مبارکباد جس طرح آپ خان کو سپورٹ کرنے کے لیے دن رات محنت کر رہے ہیں اپ اس سے زیادہ کے مستحق ہیں اللہ آپ کو ترقی اور کامیابی عطا فرمائے آمین,0
نے پچھلے ماہ کے دوران ساڑھے چھ کھرب روپے کا قرضہ لیا ملک کا پھر بھی بیڑہ غرق کر کے رکھ دیا شکریہ کس کا ادا کرنا ہے,0
دلا ہاراں والا ویڈیو سنٹر جاتی عمرہ رائیونڈ لاہور یہاں ہر قسم کی ویڈیوز دستیاب ہیں,1
بلٹ پروف شہزادہ عارف وزیر کا کزن فرہاد وزیر وہ بلٹ پروف شہزادہ ہے جو عارف وزیر کیساتھ فرنٹ سیٹ پر بیٹھا ہوا تھا عارف کو چار گولیاں لگی لیکن اس نے جوابی فائرنگ کرکے دو حملہ آوروں کو زخمی کر دیا علی وزیر کو صرف اپنے بیوی کا یار مارنا تھا,1
سندھ میں انسانوں کا بجٹ نہیں چھوڑا جاتا کتوں کا کون چھوڑے گا,1
انتظار نہ کریں جاری کر دیں,0
موت مانگے مگر تجھے موت نہ ملے زندگی بوجھ لگنے لگے تجھے جینے میں,0
اوئے نیوٹرل تو اتنا بیغرت ہو گیا ہے اب عوام کا بھی تجھے خیال نہیں لعنت ہے تیرے پر اللہ کرے تیرا بیڑہ غرق ہو باجوہ نیوٹرل چوہدری شجاعت تم نے بھی مرنا ہے,1
چوروں کو این آر او ٹو دیکر ملک پر اصل ظلم کیا گیا عمران خان,0
یہ بھیک ادھر خرچ ہو رہی ہے نہ ہماری صیحت پہ نہ تعلیم پہ نہ غذا پہ نہ غریب کی چھت پہ,0
سارے پٹواری ورغلا رہے ہیں اس کو عدلیہ کے خلاف,1
ھونا تو یہ چائیے تھا کہ توشہ خانہ چور فارن فنڈنگ چور کو اب جرم ثابت ہونے پر گرفتار کرکے جوتے مارتے ہوئے جیل میں ڈالنا چاہیئے تھا نہیں ھوا مگر اب بھی پاکستان کی قوم منتظر ہے کہ کیا اس ملک کا نظام ایک کو انصاف کے کٹہرے میں کھڑا کرسکتا ہے یا نہیں,1
یہ کسی شیطان کے باز ھی نہیں آ رہے آخر یہ کرنا کیا چاہتے ہیں اس ملک کے ساتھ,1
کھوتا بریانی بس ایک پلیٹ پھر تماشہ دیکھ میاں تیرے کھوتے بے شمار,1
جیسی گانڈو لیڈر شپ ھے ویسے ھی فولورز بھی ہیں,1
لعنت تم سب پر لعنت پر امریکہ اور بھارت کے غلام,1
کچھ لفافے اپنے اندیوتا کے ساتھ,1
لگتا ہںے ایک رجسٹرار تو میرے جیسے جج سے بھی زیادہ طاقتور ہںے عیسی فاٸز نکریمینلکورٹ,1
میں تجھ کو بتاتا ہوں تفسیر بجٹ شمشیر و سناں اولتعلیم و صحت آخر دو,0
سندھ حکومت کے خلاف راشن نہ ملنے کی جعلی ویڈیو بنائیں اور وائرل کریں پی ٹی آئی رہنماء علی پلھ ماشاللہ,0
بیٹیاں کیا کمال چیزیں ہوتی ہیں وڈیو بیٹی نے ماں کو دی جس پہ ماں نے میآں پہ گولی چلائی,0
میں کلا ای کافی آں عمران خان اکیلے نے ان سب چوروں کو شکست دی خان نے انکو چاروں شانے چیت کردیا اب سوائے رونے دھونے کے انکے پاس کوئی چارہ نہیں بچا روک سکو تو روک لو تبدیلی آئی رے,0
جب سے علیم خان نے سماء ٹی وی خریدا ہے انڈینز کی صحیح مٹی پلید کر رہے ہیں,1
آج فضلانڈو کے جتھوں کا پہلا دستہ اسلام آباد پہنچ گیا کل اور پہنچ جائیں گے انسے اسی طرح نمٹا جائے جس طرح فضلانڈو تحریک انصاف کے دھرنے کے شرکاء سے نمٹنے کا مشورہ دے رہا ہے,1
جب تک پاکستان میں ایک فوجی جرنیل کو سر عام آرٹیکل کی سزا نہیں ہو گی یہ آئین شکن ہونہی عوام کے حقوق پر ڈاکا ڈالتے رہیں گے آئین شکن جنرل باجوہ پر آرٹیکل کا مقدمہ چلنا چاہیے اور اسے سر عام سزا دینی چاہیے,1
سجنو تے سجنیو یہ کیا سائنس ہے,1
ہماری عدلیہ نے میں سے ویں پوزیشن یونہی نہیں پائی اسکے لیے ستر سال عرق ریزی کی یے,1
جب نوازشریف کی والدہ شمیم اختر کی پرسنل نرسوں کو اور عائشہ رجب علی جیسی تنظیم ساز خواتین کو خدمات کے صلے میں قومی اسمبلی کی مخصوص نشستوں سے نوازا جاتا ہے تو عوام کے پیسوں پر یہی پرفارمنس ہوتی یے,0
سب تیری بہن کے گھر گئے ہوئے تھے بے غیرت ٹٹو,1
یااللہ جو جو غدار ھے ان کو عبرت ناک بنا دیے تیرے سوا کوئی بھی نہیں تو ھی خالق ھے یہ غداروں کو بتا امین,0
باجوہ سے پوچھو اس کی اولاد نرینہ ہے دو,1
شکریہ نہیں فیصل نصیر فہیم نعمان ندیم انجم سمیت ان غدار کور کمانڈرز جنہوں نے باجوہ کی ایکسٹینشن کے کیلئے عمران حکومت کی کنپٹی پر گن رکھ کر ایکسٹینشن دلائی تھی سب کو ڈی چوک پر لٹکایا جائے,0
حکومت انتقام میں اندھی ہو چکی آئین و قانون کی دھجیاں اڑا دیںعمران خان,0
اور ان کی شکل کون دیکھنا چاھتا ھے سب ان پر لعنتین بھیج رھین ھین,1
اسحاق ڈار سے معافی مانگ کر اکونومی بہتر کروانے کا مشورہ دینے والا امام المنافقین انثار عباسی کہاں غائب ہے,1
شرم تم کو مگر نہیں آتی بے شرم بے غیرت باجوہ اینڈ کمپنی,1
کیسی خبیث انسان تھی جسکے مرنے کی ہمیں خوشی ہوئی ہے یہ لعنتی مودی پتا نہیں کب مرے گا کتے کی موت,1
اگر باجوہ کو ایکسٹینشن نہ ملتی تو تیسری عالمی جنگ چھڑ سکتی تھی کیونکہ باجوہ نے بغیر جنگ کے کشمیر کا سودا کر لیا نیا چیف شاید اس سودے پر یو ٹرن مار لیتا اس طرح کھوسہ اور جعلی وزیراعظم نے دشمنوں کے عزاٸم خاک میں ملا دۓ اور ایک بڑے جنگ کا خطرہ ٹل گیا,0
ایک کو روکنے کے لیے ہورا نظام کھڑا ھو گیا,0
لولز سائلنس اس طرح کہہ رہی ہے جیسے بیٹے کے باپ کا نام پتہ کرنے نکلی ہے اچھا یہ بتا یہ کھسرا کیا کہہ رہا ہے,1
عمران خان میں ٹویٹ کرکے ملین ڈالر کی انویسٹمنٹ کا بتا چکا ہے جو کہ واپس بھی ریکور ہوچکی ہے تو پھر یہ کہاں کی بنا دی میڈیا ہاؤسز نے,0
حد ہو گئی صبح سے کر رہی ہوں آپ نے اتنا پیار دیا ابھی میرے خیال سے کافی لوگ مس ہو گئے بہت بہت شکریہ,0
باجوا کا جو یار ہے غدار ہے غدار ہے,1
اس میں کوئ جرم نہیں کہ میں اپنے ملازم کے نام پر اکاؤنٹ کھولوں اور اس میں کروڑوں کا کاروبار کروں رانا ثنااللہ اس سے زیادہ کوئ ڈھٹائی ہو سکتی ہے اور یہ وزیر قانون تھے ۱۰ کروڑ لوگوں کے صوبے کے واقعی نواز شریف ایک نشہ ہے اور یہ سب نشئی لوگ,1
کیونکہ میں نہ صرف ڈرپوک آعظم ہوں بلکہ میں منافق آعظم بھی ہوں,0
کہتے ہیں برطانیہ سے لوٹا ہوا پیسا واپس آ رہا ہے جو کہ ارب روپے ہے مگر سب یہ بتانے سے قاصر ہیں کہ یہ پیسا لوٹا کس نے تھا,0
چوتیا عورت ندین ظبییر,1
اندر کھاتے چل کیا رھا ھے آخر اک دن تو پبلک ھونا ھے,0
ہم طالبان کا امن دیکھ چکے ہیں اور ہمیں ایسا امن نہیں چاہئیے کیا کو وانہ کے عوام کے اس سمندر کا کچھ اندازہ نہیں علی وزیر کو گرفتار کرکے انہوں نے یہ سوچا کہ وانہ کا سٹیئرنگ ان کے ہاتھ میں ہے لیکن ہم انہیں یہ بتا دینا چاہتے ہیں منظور پشتین,0
یہ لفافے لفافے ہیں یا کوئی اور اتنے جھوٹ کیوں بولتے ہیں اور لوگوں کو ایک دوسرے کے خلاف کیوں اکساتے ہیں,0
اپریل میں انٹرویو دیتے ہوئے سیلمان شہباز نے عمران نیازی کی جانب سے لگاۓ گے الزامات اور کیسز کو جھوٹا کرارا دیا تھا اور بتایا تھا کے کس طرح اس حکومت کو پریشانی اور مایوسی ہوئی تھی شہباز شریف کی ضمانت پر,0
ارب کا حساب مانگنے پر والے کہتے ہیں کہ صدقہ ایسے کرو کہ دوسرے ہاتھ کو علم نہ پڑے اس لئے ریکارڈ پر نہیں لا سکے یہ بے غیرت تو عمران خان کے احساس پروگرام پر بھی اپنی مہر لگانے پر تلے ہوئے ہیں,1
مجھے یقین کامل ہے کہ نواز شریف سمیت ان کی ٹیم کا ایک فرد کی بے گناہی سامنے آتی رہے گی اور آرہی ہے اور نواز شریف کی قیادت میں سے لے کر تک تمام تر نامساعد حالات کے باوجود ترقی کے منصوبے شروع کیے گئے ان کو پایہ تکمیل تک پہنچایا گیا صدر,0
او بڑوے کے بچے الیکشن میں پتہ لگ جائے گا کیونکہ اب تیری بیوی کا یار باجوہ بھی نہیں ہے جو تم کو جتوانے گا,1
اور اب سارا میڈیا جھوٹ خبریں چلا رہا ہے کہ عرصہ سے بیمار تھا اور زیر علاج تھا یہ نہیں بتا رہا کہ اس جمعہ پین دی سری نے بتانا تھا کہ دھرنا کرنے اسے کس نے بھیجا تھا,0
تھوڑی سی اہمیت کنیڈا کو بی دے دو,0
مادرچود بکواس بند کر,1
مریم نواز صاحبہ کو ایک اور ملک نے جھوٹا قرار دے دیا انسان کبھی کوئی شرم کر لیتا ہے کوئی حیا کر لیتا ہے کوئی خدا کا خوف لیکن اس بے ھودا عورت کو کوئی شرم نہیں,1
جنرل باجوہ ایکسٹیشن سے پہلے بہت مدد گار تھے فوج واحد ادارہ ہے جو اور منظم ہے کورونا میں فوج نے ہمیں بہتر لوجسٹک سپورٹ دی پولیو اور ٹڈی دل میں بھی فوج نے بڑی مدد کی لیکن این آر او دے کر جنرل باجوہ نے بڑا نقصان پہنچایا عمران خان,0
جو اتنا گھٹیا ہو کہ بینالاقوامی طحفہ بھی بیچ کر کھا جائے جب ملکی کرپشن الگ بے بہا کر رہا ہو تو لکھ لعنت تو بنتی ہے کسی صورت معاف نہیں کیا جا سکتا,1
پاک فوج کا ایل او سی پر بھارت کو کرارا جواب افسر سمیت فوجی ہلاک,0
غدار یہ ٹرینڈچلانےوالےبےغیرت واپنی عورتین نچانےوالےھین عمران کےبھڑوےایسےٹرینڈچلارھےھین یہ لوگ کہتےھین کہ فوج انکوالیکشن جتوائےواقتداردلائےلیکن عوام یہ سازش کامیاب نہین ھونےدےگی عوام کوان ریٹائرڈ جنریلون برگیڈئرس کی غیرت پرشک ھےجو پاگ فوج کوغدارکہلوا رھے ھین,1
اگر خان اس طرح ہر قسم مافیا کے خلاف لڑتا رہاصادق اور امین رہاتو میں روز کم از کم ایک ٹویٹ خان کے حق میں اور لفافوں کے خلاف کرونگا جس دن میں ٹویٹ نہ کرسکا تو سمجھو میں اس دنیا میں نہیں ہوں,1
پاکستانیوں ڈین جونز آپکا پھینکا ہوا گند اٹھارہا مجھےشرم آرہیدیکھ کر سب شئیر کررہےاس وڈیو کو میں سوچاچلو میں بھی شئیر کرکےشرم دلا دوں پاکستانیوں کو ابھی وقت ہےسدھرجاو پاکستانیوں کیونکہ ہم بدلیں گےتوپاکستان بدلےگا,1
باجوہ صاحب سب سے پہلے آپ نے گھبرانہ نہیں ہے ہم سب آپ کا نام بھی جانتے ہیں آپ کی صورت بھی پہچانتے ہیں یہ بندہ کچھ بے نقاب نہیں کر سکتا,1
نون لیگ آفیشل ٹیم نے افواج پاکستان کی ایسی سہولت کاری کی کہ بات ان سے ہٹ کر سیاسی پارٹیوں پہ آ گئی حامد سے شو کروایا گیا اداریے لکھوائے گئے آپ ایڈ چھپوائے گئے جن میں فوج کا نام و نشان نہیں تھا اور ملبہ سارا عوام پہ ڈالا گیا اور بدقسمتی سے خرم دستگیر نے اسی تاثر کو مظبوت کیا,0
ایسے نا بولوں پاکستان کے تمام ہیجڑے غم و غصہ سے بھر جائیں گے,1
اسکا دو ہزار نہیں مک رہا,0
مسز صفدر تمہارے والد کی ساری زندگی بوٹ چاٹتتے ہی گزری ہے اور تم نے اپنے والد کی رویت برقرار رکھی تم لوگوں کا نظریہ ہی یہ ہے بوٹ چاٹو اور منزل پا لو,1
اگر نانی گیت سنگیت آڈیوز اور وڈیوز کا کاروبار کھول لے تو سیاست سے زیادہ ترقی کرے گی,0
کہا تھا نا بھائی دوبارہ لید کرنے آیا ہے,1
میزائلوں ٹینکوں کے نام غوری بابر خالد اور ابدالی لیکن جب ایک سائفر آیا تو میدان ہوا خالی قوم کے ساتھ دھوکہ یا فاتحین کی توہین,1
معزز چیف جسٹس صاحب کوئی شرم کوئی حیاء اس بےغیرتی پر کوئی سوموٹو لینا بنتا ہے کہ نہیں خیر کوئی بات نہیں قوم دیکھ رہی ہے,1
سب لوگ گھبرا رہے میں کہہ دیتی ہوں آج جو جج گھبرائیں گے کل ان پہ لگے ہی لگے گا,0
ان لفافوں کی دیانتداری اور سچائی صرف تحریک انصاف تک محدود ہے عمران خان نے اپنے دو ممبر سندھ اسمبلی نکال باہر کیے اب نون لیگ کو چاہیے کہ اپنے سات سینیٹرز پارٹی سے نکالے پھر ہم سوچیں گے,1
ششٹر مریم کی چیدو چیدہ خصوصیات,1
اس توشہ خانہ چور کو کڑی سے کڑی سزا دی جائے,1
عمران ریاض خان نے توہین باجوہ کی تو اس کے خلاف ایف آئی آر درج ہو گئی اور دوبارہ گرفتار ہو گیا یہ کیپٹن صفدر جرنیلوں کی معشوقہ کا خصم ہے کیا,1
باجوہ ڈاکٹرائن سمجھنے میں بہت ٹائم لگے گا آپ لوگوں کوکیونکہ جنرل قمر جاوید باجوہ شہبازشریف کے ذریعےجنرل فیض حمید کو لائے گا جنرل فیض شہباز شریف کو مار کر بھگاۓ گا,1
تحریک انصاف والے صبح صبح فالورز بڑھائیں جسکے فالورز دو ہزار سے کم ہیں وہ ریٹویٹ کر کے اپنا ٹویٹر ہینڈل مینشن کریں اور مجھے فالو کریں,0
سب پاکستانیوں سے درخواست ہے کہ اس وقت دماغی مریضہ ہے اس کو انتہائی سخت نفسیاتی مسائل ہیں سب خدا سے دعا کرے کہ خدا ان کو جلد اس بیماری سے نجات دینے کے لیے اپنے پاس بلا لے آمین,1
اداروں کے پاس دینے کے پیسے ختم ہوچکے گاڑیوں کا استعمال بند ہوچکا دیکھنا یہ ہے کہ پہلے ادارے بند ہوتے ہیں یا پھر ریاست,0
ملک کو لوٹنے کے لیۓ اندھیرے کا ہونا بہت ضروری ہے دن کی روشنی میں لوگ دیکھ لیتے ہیں کہ کون چور لوٹ ریا ہے,0
اس گدھے کی شکل سلیم صافی سے ملتی جلتی یے,1
بلاول بھٹو کی سراج الحق سے ملاقات کی اندرونی کہانی پی ڈی ایم میں جماعت اسلامی کی کمی محسوس کی جاتی ہے ذرائع پیپلزپارٹی جماعت اسلامی میں آئے تو تحریک زیادہ مؤثر ہوسکتی ہے ذرائع پی پی ہنسنا منع ہے,0
یہ وہ اغوانی نمکحرام ہے جسکی اپنی بہنوں کا کریاکرم کرنے واسطے رنڈین کتے اغوانستان میں آئے بیٹھے ہیں اور یہ دلال انکی پیمنٹ لینےواسطے نیودہلی بیٹھا ہوا ہے اےبیغیرتو اےشرمیدلو,1
شاہزیب حرامزادہ کے بعد مبشر لقمان کے زلیل ہونے کا وقت ہوا چاہتا ہے ایان علی کی ائرپورٹ کی وڈیو کو فوٹو شاپ کر کے فرح گجر دکھانے کیلیے زور و شور سے کاوشیں جاری ہیں ہم تیار ہیں بیغیرتو,1
عمران خان دو تہائی نہیں بلکہ تین چوتھائی اکثریت سے وزیراعظم پاکستان بہت جلد,0
راناثناء نے کہا کہ آجکل وہ لوگ اینکرز بنے ہوئے ہیں جن کے باپ کا بھی نہیں پتہ یہ بات عاسمہ شیرازی جیسوں پر بالکل صادق آتی یے,1
معیشت گر نہیں رہی گرائ جا رہی ہے چین نے سی پیک کا متبادل تلاش کر لیا ہے بزریعہ افغانستان اور ایران,1
ہم سیاسی طور پر لبرل ہیں جبکہ تحریک انصاف مذہبی ہے خواجہ آصف کا انٹنرنیشنل فورم پر بیان,1
مرشد کے الفاظ نون لیگ کے پچھواڑوں پر تازیانوں کی طرح وجتے یوئے,1
غداروں کے سر پر سینگ ہوتے تو پاکستانی جنرلز کے سر پر سب سے بڑے ہوتے,0
ابھی تو ہم بدلے ہے بدلے تو ابھی باقی ہے,0
یہ مریم نام کی خاتون میں عقل نام کی کوئی چیز نہیں یہ کہتی کہ نواز شریف ایسا لیڈر ہے جو فرنٹ سے لیڈ کرتا ہے یہ سمجھتی ہے کہ قوم بھی اس کی طرح بیوقوف ہے جو لندن بیٹھے بزدل کو فرنٹ سے لیڈ کرنے والا سمجھ لے گی,0
کل کی بدزبانی کے بعد ملک سے توہین عدالت کا قانون ختم ہو چکا ہے اب مزید اس قانون کا اطلاق کسی فرد یا جماعت پر نہیں ہوگا اور یوں سادہ کفظوں میں عدلیہ بے غیرت ہو چکی ہے,1
ایک بلاول کیلیے بوتل کے ڈھکن کھولتا ہے اور دوسرا ادی صاحبہ کا پرس اٹھائے پیچھے پھرتا ہے سال صوبے پر حکومت کے باوجود کراچی کو ایک بس نا دے سکے اس پر ڈھٹائی سے جھوٹ بولنے کی ہمت صرف پیپل پارٹی ہی کر سکتی ہے سعید غنی اور اویس قادر شاہ کے جھوٹ کا جواب لفط با لفظ,1
بھائی جان وہ کوئی اوریجنل سیلفیاں تھی کیا سب پیڈ تھی عوام اتنے بیوقوف تو نہیں ہے جو یہ ڈرامہ باذیاہ نا سمجھے اگر کبھی اوریجنل پاکستانیوں سے واسطہ پڑا تو کنکریاں ہی پڑتی بغلول کو,0
یہ کمینے بغیرت لوگ ہیں ان سے کوئی بھی توقع کی جا سکتی ہے,1
نیوٹرل کی مہربانی ہے گیراج والی کی کے حکم سے,0
ان خوارجیوں کے پواڑے میں ہم نے نوٹ نہیں کیا کہ شریفوں پر ایک اور جمعہ پہاڑ بن کر گرا,1
سندھ میں الیکشن کا واحد حل ہی ہےنہیں تو بھٹو کبھی نہیں مرے گا دھاندلی نہیں دھاندلا کرتے ہیں یہ لوگ,0
آخر یہ شخص چاہتا کیا ہے دو,0
ابے دلے مادر چود ابھی پچھلے دن تیری گانڈ نونیوں نے ماری ہے بے غیرت آ ساڈے کولوں وہ مروا جا دلے میں تیری اور تیری بہن مریم اور ماں ازمہ کو یانے پاکستان پہنچ گئی ہوں گنجے,1
خیبر پختونخوا کا تاریخی اقدام خیبرپختونخوا میں سرکاری سکولوں کے اساتذہ کی اپ گریڈیشن جو کہ اساتذہ کا دیرینہ مطالبہ تھا تفصیل اس تصویر میں,0
مجھ سےمیرےہونےکی پہچان نہیں لے سکتے ہو جب تک رب نا چاہےمیری جان نہیں لے سکتے ہو میری سانسوں میں جلتی بارودیں توبھر سکتے ہو لیکن تم مجھ سےمیرا ایمان نہیں لےسکتے ہو,1
کرنے کی پوری کوشش کی لیکن اللہ تعالی کے فضل سے ناکام و نامراد ہوئے الٹا نون لیگیوں کے نام نکل آئے,1
جب نیب کی طرف سے مریم نواز کو نوٹس ملا تو مریم بغیر اطلاع قاسم خان کے کورٹ میں گئی قاسم خان کھڑا ہو گیا اور فورا ناصرف ضمانت دی بلکہ نیب کو پابند کر دیا کہ اگر مریم کو گرفتار کرنا مقصود ہو تو نیب مریم کو گرفتار کرنے سے دس پہلے مطلع کرے تاکہ وہ ضمانت قبل از گرفتاری لے سکے,1
یہ منحوس کرونا ختم ہونے دو,1
پہلے اس نے کپڑوں کی بات کی تھی وہ اتر گئے غریبوں کے اب جان تک آگیا ہے اللہ خیر کرے,0
شہزاد اکبر کے شہباز شریف کو سوال مگر شہبازشریف کا ایک ہی جواب میں تیرا بہنوئی نئی بننا,1
اللہ بھگوڑی مریم جو اج جیل میں ہے ایسی چور دھوکے باز جعلساز بھگوڑی اور ماں کی بیماری پر سیاست کرنے والی بیٹی بہن کسی کو نہ دے,1
آج اقرار الحسن نے بتایا کے پولیس جب احتیاط کا بولتی ہےتو اس کا مطلب ہوتاہے کہ پولیس کچھ نہیں کر سکتی اور جب پولیس کرمنل کو پکڑنےمیں مددکرنے پر رقم کا اعلان کرتی ہے تو اس کا مطلب یہ ہوتا ہےکہ پولیس کرمنل پکڑ نہیں سکتی اصل ارسطو تو ہمیں اب ملا,1
پاک فوج ذندہ باد اکستان کے آخری وائسراۓ صاحب ہماری جڑوں میں بیٹھ چکا ہے باجوہجنرل رانی گوالمنڈی ی قادیانی,1
میرے خیال میں شہباز شریف صاحب نے جو کیمپین مفتاح اسماعیل صاحب کے خلاف شروع کی ہے اور جس کا اصل حدف شائد شاہد خاقان عباسی صاحب ہیں وہ آخر میں بیک فائر کرے گی,0
آپ جائے اور ہمیں معاف کریں مہربانی کرکے جاو بس,0
سلیم لفافی صاحب محنت کر کے عزت سے روزی کما کر دیکھیں عزت سے بڑھ کر کوئی چیز نہیں,1
راجہ فیصل اگر آپکی انڈینز کی دھلائی کے دوران ارناب گوسوامی یا اسکے کسی مہمان کی کوئی دماغی شریان پھٹ گئی تو مارخور پر ایک اور الزام لگ جانا یے دھیان کریں بھائی,1
انکی شکل کتنی ملتی جلتی ہے ہمارے اس نظام سے,0
بڑی مشکل سے ہوتا ہے چمن میں دیدہ ور پیدا کوئی ایک بھی لاؤ اس لیڈر کی برابری کا,0
حقیقت یہی ھے زندہ باد فوج زندہ باد یہ اس قوم کی بدبختی تھی ایک غدار وطن مادر فروش بیغیرت بدکردار بد نسل اس عظیم فوج کا سپہ سالار بنا آج قوم بحیثیت مجموعی اس ملعون کے دفع دور ھونے کی خوشی میں شکرانے کے نوافل ادا کرے گی,1
پاکستان کے آخری وائسراۓ یہ ملعون بغلول میرجعفرملعون امریکی خنزیر اپ ہماری جڑوں میں بیٹھ چکا ہے باجوہجنرل رانی گوالمنڈی ی قادیان,1
نبرد جنگ جو راتوں سے ہیں ان سے یہ کہہ دینا کہ اب سورج نکلنے میں ذرا سی دیر باقی ہے,0
پانچ مئی کو عارف وزیر کے قتل کا احتجاج,0
متفق ہوں بھرپور رد عمل آنا چاہئیے,0
کی ٹوٹل اوقات عمران خان کے ایک منٹ میں اتنے لائق اور ریٹویٹس اور کے گھنٹوں بعد بھی اوقات نظر آرہی ہوتی,0
وقار سیٹھ کو پاگل سپریم جوڈیشل کونسل نے قرار دیا تھا,1
سر آپ پاکستان کی عوام کا فخر ہیںہم سب آپ کہ ساتھ ہیں اور امریکہ کہ پالتو کتوں کی کہ سامنے ہم کبھی نہیں جھکیں گہ لعنت ہو تم پر اور کتے پر لعنت آزادی اظہار رائے ہمارا حق ہے کتے,1
بریکنگ نیوز باجی کی ایک اور وڈیو ریلیز اس عورت کی فرعونیت کا اندازہ لگائیں کہ کوئی سرکاری عہدہ نا ہونے کے باوجود یہ کیسے میڈیا کو کنٹرول کر رہی تھی میڈیا فریڈم پر بات کرنے والے شدید لقوے کا شکار ہو چکے ہیں,1
ایک پیدائشی بادشاہ اپنی قوم کی خاطر بھکاری بن گیا اور ایک پیدائشی بھکاری اپنی اولاد کی خاطر قوم کو بھکاری کرگیا اب فیصلہ پاکستانیوں پر زرا نہیں پورا سوچھو,1
عطا تارڑ اور عظمی بخاری اپنی پریس کانفرنس میں شہباز شریف کا جس طرح بھر پور دفاع کرتے ہیں اس سے تو محسوس ہوتا ہے کہ سوالوں میں سے کے جوابات دینے والاشہباز شریف نہ صرف اپنے پورے سوالوں کے جواب دیکر آیا ہے بلکہ کئی اور نیب ملزمان کے پرچے بھی حل کر آیا ہے,1
اگلے کی بات نا سننا اور اپنی ہی ناجائز بات کرتے جانے کی محمد مالک کی عادت نہی نہیں ملاحظہ فرمائیں محمد مالک بارے کی ٹویٹ,0
نیب قوانین میں ترامیم کے مطابق اثاثہ وہ ہوگا جو اپنے نام ہوگا بیوں بچوں کے نام اثاثہ آپ کا نہیں مگر نواز شریف نے کہا تھا کہ کرپشن کرنے والے اپنے نام پر نہیں بچوں کے نام پر اثاثے رکھتے ہیں,1
جو حق کے مقابل ائے گا ہم اسکو مٹا کر دم لیں گے,0
ہولناک خبریں پڑھ کر گھنٹوں اداس رہتی ہوں پاکستانیوں حیا کرو یار ایک معصوم سے بچے کی جان لے لی مرے نہیں تم,0
یہ جو مریم گردی ہے اس کے پیچھے وردی ہے,0
نیوٹرل کو جتنا ننگا عمران خان نے کیا ہے اتنا سالہ تاریخ میں کسی نے نہیں کیا شاباش,1
ڈرگ ڈیلر زانی جھوٹا مریم کا ہم پلہ ہم نوالہ و ہم پیالہ ان سے جب بھی نکلے گی بکواس ہی نکلے گی جا رانے اپنے باپ کو یہ سٹوری سناؤ وہ پاکستان کے دشمنوں کا سب سے تگڑا سہولتکار ہے پاکستان میں,1
بھارت کی تاریخی بے عزتی کے بعد انڈین سفارت کاروں کا انڈیا کی طرف بے غیرتی کا لمبا سفر,1
کون رو رہا ہے سب دیکھ رہے ہیں,0
باقی سولہ ہزار میں شجا پاشا حمید گل زہیر الاسلام فیض اور پنکی پیرنی وغیرہ ہیں,0
پتا نہیں چودھری نثار کونسا امب لینے بیٹھا ہوا ہے نون لیگ میں,1
گنج لیگ والے لندن میں رکنے کی تاویل دینے کیلئے یہ اگلی بار پریگننٹ بھی ہوجائیں گے,1
باجوہ تم غدار ہو اس پاک وطن کے تمہیں قبر بھی نصیب نہیں ہو گی جو تم نے کیا دے کر گھٹیا اور دلال ہو تم اس ملک کے اور اپنے بیوی بچوں کے بھی,1
حکومت تو آنی جانی چیز ہے خوشی اس بات کی ہے کہ مئی کے بعد سے یہ سب تندروست ہو گئے ہیں اور فوجی جرنیل انکو باقاعدہ سلامی دیتے ہیں,0
نثار گل سلمان شہباز کے ساتھ لندن دبئی اور قطر نہیں گیاشہزاد اکبر براہ راست دیکھیئے,0
یہ بے غیرت لوگ ہیں بغض عمران میں ملک مخالف ہو گئے ہیں,1
پاکستانی میڈیائی طوائفیں اور دلال اس پر بات نہیں کریں گے پروگرام نہیں کریں گے چھاتیاں پیٹ کپڑے پھاڑ احتجاج نہیں ہوگا اب کیونکہ الزام کی زد میں پیپلزپارٹی ہے پاکستان تحریک انصاف یا عمران خان نہیں,1
میں این آر او نہیں دوں گا میں ملک ریاض کا نام نہیں لوں گاتک کا سفر,0
کروڑ عوام کا ترجمان اور ہر دل عزیز عوامی نمائندہ عمران خان جلد ان شاء اللہ بھاری اکثریت کے ساتھ پاکستانیوں کی سپورٹ اور دعاؤں کے ساتھ اقتدار کے ایوانوں پر اس عوام کی فتح کا جھنڈا گاڑنے آ رہا ہے,0
گوگل مائیکروسوفٹ فیسبک ٹوئٹر کی طرح ایمازون نے بھی اپنے ملازمین فارغ کردئیے,0
اگر ان میں سے کسی اینکر کو اپنے ماں باپ کا پتہ ہے تو برائے مہربانی رانا ثنا کو رپورٹ دکھائے وہ شاید ان کیوجہ سے سارے اینکروں کو حرامی قرار دے رہا ہے,1
کوئی شک نہیں کہ ہمارے ادارے اور عدلیہ ان ڈاکوؤں کی لونڈیاں بنی ہوئی ہیں,1
سنیے اس بھائی سے خان صاحب کی بیرون ملک جائیدادوں کی تفصیل,0
بڑوں سے سنا ہے کہ ایک دفعہ ایوب کتا ہاے ہاے کہ نعرے لگے تو جناب نے استعفاہ دے دیا غیرت تھی باقی اب اتنی عزت افزائی کے بعد بھی اس کی پرواہ نہیں اگر ہے تو صرف امریکہ کے حکم پر ملک کو برباد کرنے کی مگر مردہ ضمیر برباد ہو گا انشاءاللہ انشاءاللہ,1
میں کلا ہی کافی آں حمزہ ککڑی ہن آرام اے میرے کپتان کی جوتی کے برابر بھی نہیں یہ سارے والے,1
اظہر جاوید نواز شریف کے پالتو ہونے کے علاوہ دنیا نیوز کا لندن میں نمائندہ بھی ہے دیکھیں کہ یے کس ڈھٹائی سے کل جھوٹ بول رہا تھا کہ نواز شریف کا ویزہ ریجیکٹ نہیں ہوا سچ یہ ہے کہ نواز شریف کی ویزا ایکسٹینشن کی درخواست ریجیکٹ ہو چکی ہے,1
مریم نواز کی اصل صورت دیکھ کر تو آدھے پٹواریوں نے ن لیگ چھوڑ دینی ہے اس لئے اگر یہ دوبارہ سرجری کا بہانہ بنا کر جانا چاہے تو اس کو بالکل نہ جانے دیا جائے تا کہ اس کا اصل چہرہ پٹواریوں کے سامنے آسکے,0
ملک ریاض کا منی لانڈرنگ کےزریعے لوٹا ہواارب روپیہ واپس پاکستان آرہا ہے حیرت ہےنہ کٹھ پتلی وزیراعظم خوش ہےنہ وزراء اور نہ ہی یوتھیاز,0
بار بار پڑھ کہ ہنس رہی ہوں,0
روس نے پاکستان کو سستا تیل دینے سے انکار کر دیا خان صاحب کے بطور وزیر اعظم روسی دورے میں پاکستان اور روس کے درمیان پاکستان کو سستا تیل فراہم کرنے کے معاہدے پر دستخط کر دیے گئے تھے جنرل باجوہ کی تباہ کاریاں,1
ان گھٹیا لوگوں کو بس پاکستان کی عوام شکست دے سکتی ہے جاگو پاکستانیوں جاگو چوکیدار چوری تو کر ہی رہا تھا اب سینۂ زوری بھی کرنے لگ گیا ہے اس کو پٹا ڈالو,1
بارہ ارب کھا کے کھوتا بھاگنے لگا,1
عمران خان کے چاہنے والوں کا ری ایکشن امت مسلمہ کے لیڈر عمران خان کے خلاف گھٹیا بکواس کرنے پہ جعلی سپیکر میراثی قاسم کو پاکستان تحریک انصاف کے ورکرز نے اوقات یاد کروا دی,0
تحریک انصاف کے چیئرمین نے یہ بھی کہا کہ ان حکمرانوں نے نہ معیشت بہت توجہ دی نہ دہشت گردی کو روکا دہشت گردی کا سب سے زیادہ خطرہ خیبرپختونخوا کو ہے,0
نے سنا کہ نہیں بےشرم کیسے ملک کا ستیاناس کر کے بھاگ گیا,1
ریحام سے گلالٸی تکنواز شریف سےزرداری تکپٹرول سےڈیزل تک ٹماٹر سے چینی تک جس نے عمران خان سے پنگا لیا بہت سستا ہوا اس کی اوقات دو ٹکے کی نا رہی اپریل کو کی بنیاد رکھی خان نے کو یہ پارٹی بن گٸی آج اس کا واں یوم تاسیس,1
یعنی کھایا بھی ڈھنگ سے نہیں,0
تواڈی بہن دی پھدی سالی جاہل گنوار قوم کنیڈا نے اور کرونا کی بات ہے اس وقت تمہارے عمران خان گدھے کی حکومت تھی اور تمہارے گدھے کی حکومت نے ایسا ہونے کیوں دیا جواب جنرل باجوہ نہیں بلکہ تمہارا عمرانی دے,1
پٹوار خانے کی ہسٹری ہے کہ یہ جس تھالی میں کھاتے ہیں اسی میں چھید کرتے ہیں آج نمک حرام اسی فوج کو گالیاں دے رہے ہیں جس کے جرنل نے رام گلی نمبر کے لوہاروں کے نالائق بونگے تھرڈ کلاس ڈھلئیے کو سیاست میں لانے کا گناہ کیا تھا بے غیرت ترین گھٹیا نسل لوہار,1
یہ سمجھا تھا آگے حامد میر ہی ہونا,1
ویلکم پرانا پاکستان ملازمہ بھی ہو گی ڈرائیور بھی ہونگے اور رشتہ دار بھی تقریبا ڈیڑھ سو لوگ ہونگے چلو سعودی عرب چلو پاکستان سے مال لوٹ کر غریبوں کا حق کھا کر چلو عمرہ کرنے چلو,1
دبہی ائرپورٹ پر دو جگری دوست اپنے اپنے گھر کی راہ لیتے ہوئے,0
ڈکیٹی کے وقت اگر چوکیدار چپ چاپ تماشہ دیکھتا رہے تو اسے نیوٹرل نہیں بلکہ ڈاکوؤں کا ساتھی سمجھا جاتا ھے,1
لفظ بکواس بہترین لگا ایسی صورتحال میں,0
اس گھٹیا عورت کی صحافت ظلالت پر مبنی ہے اس نے شاید ہی کبھی سچ بولا یو پیمرہ کا مطلب نہیں جانتی قربانی اور پردے جیسے اسلامی شعار کی مخالفت کرتی ہے پاکستان کے خلاف فیک نیوز پھیلانے میں سرفہرست یے اور اب یہ بکواسیات ایک جھوٹ کو چھپانے لیکے اور جھوٹ,1
او دلے تمہیں کہا کس نے چوہے بزدل بس کرڈرامہ بازی باہر نکل آ مرد بن ہیجڑے,1
ڈیزل جو خوایش تو صدر بنے کی کرتا تھا مگر ملا اس کو کھوے کا وہ,0
ہاہاہاہاہہاہاہاہاہاۂاہاہاہاہہااہہاہاہاہاہااہاہاہاہۂۂاہاہاہاہاہہہ اچھا اگر یہ خود ہی بھاگ گیا ہے تو تم ساروں کا کیا بنے گا,0
اب باجوہ سے پیار ہو گیا ہے,0
اللہ ہم سب کا ہامی و ناصر ہو,0
مر جاؤ کچھ کھا کے پٹواریو,1
کب تک قوم کو غلام رکھوگے,0
مولانا کی حالت اب اس کتے جیسی ہے جو نہ گھر کا رہا نہ گھاٹ کا,1
پاکستان مسلم لیگ ن ملک بھرمیں ڈسٹرک سطح پھرتنظیم سازی کا کام شروع آپ حضرات اپنا کردار نبھائے زندہ باد,0
اجرتی نیوٹرلزکو خان صاحب نے اچھا خاصا دھو ڈالا,1
مہینے پہلے اس کو گھی کی مہنگاٸی کا کیڑا تنگ کر رھا تھا,1
نے کو آخری آزاد حکومت کو دی تھی اب وہ کسی کو بھی آزاد اکثریت والی حکومت نہیں بننے دیں گیں تاکہ جب چاہے گرا کر اپنی من پسند دوسری بوٹ پالیش حکومت لے آئیں اوروہ عمران خان کوکولیشن بھی نہیں دیناچاہتے,1
میرے خیال جو تھوڑی بہت عزت ہے بچا لینی چاھیئے,0
پاکستان کے دیوالیہ ہونے کے طرف ایک اور قدم بہت جلد باقی شہروں میں بھی پیٹرول کی قلت ہو جاے گی قوم متحد ہو جائے برا وقت آ گیا ہے,0
آپ سمجھیں گے کہ میں تیل سستا کرنے آیا ہوں لیکن میں تیل سستا کرنے بالکل نہیں آیا لیکن مجبوری ہے کیونکہ تاریخ سر پر ہے کرائم منسٹر شوباز شعبدہ باز,1
جو اپنے بچوں کا باپ نہیں بن سکا وہ ملک کا باپ کیا بنے گاشازیہ مری وزیراعظم عمران خان تو دو بچوں کے باپ ہیں اور ملک کے ساتھ ساتھ انکی بھی اچھی دیکھ بھال کررہے ہیں البتہ سنا ہے بلو رانی تو باپ بن بھی نہیں بن سکتا خان کی فکر چھوڑو بلورانی کی فنی خراب دور کرنے کیلئے علاج کروائے,1
ہیں پاکستان میں پنجاب اور سندھ گندم پیدا کرنے والے دو بڑے صوبے ہیں اور ملک میں گندم کی ضرورت پورا کرنے کے لیے ان دونوں صوبوں کی پیداوار پر انحصار کیا جاتا ہے,0
آپ اس آدمی کی آئیں شکنی کا اندازہ کریں کہتے ہیں قومی دھارے میں واپس آئے گی اور امن کی سیاست کرے گی اس سے ذیادہ بے شرمی کا مظاہرہ دیکھا کبھی,0
گدھوں سے ھم حکومتیں بنا لیتے تھے تو بھینسوں سے جائدادیں کیسے نہیں بنا سکتے شوباز,1
جب کمینے عروج پاتے ہیں اپنی اوقات بھول جاتے ہیں اللہ پاک مشاہد اللہ خان صاحب کو جنت الفردوس میں اعلی مقام عطا فرمائے,1
الحمد للہ حامد میر کے مامے ماما قدیر کے مسنگ پرسنز کل واقعی مسنگ ہو گئے,1
محترمہ سنتھیا نے تو یہ چیپٹر حال ہی میں ٹچ کیا ہے لیکن عزت مآب عالی جناب میاں نوازشریف نے تو کی دہائی میں یہ عظیم کارنامہ اخبارات میں چھپوا کر جہازوں کے ذریعیے بچوں کی صورت میں نیچے گرایا تھا,1
اعلی روحانی تعلقات والے لوگ کہہ رہے ہیں کہ قومی اسمبلی کے الیکشن جلد نہیں ہوں گے سیاسی روحانیات,0
انصاف کا قتل قوم کا قتل ھے اور پاکستان کی عوام کو پچھلےسالوں سے ڈرائنگ روم میں بیٹھ کر مارنے والوں اب یہ نہی چلے گا اب فیصلے خان اور عوام کرینگے,0
ایک عمران خان کو گرانا ہے وہ عمران خان نہیں ہے وہ ہے پاکستان کی عوام یہ پاکستان کی میجورٹی پبلک کی آواز ہے نوجوانوں اور بوڑھوں کی آواز ہے اس لیے کہ سب ایک امید کی کرن سمجھتے ہیں عمران خان کو اور وہ عمران خان کے ساتھ جڑ گئے ہیں,0
بلاول کا کہنا ہے کہ وفاق کا پیسہ کسی کے باپ کا نہیں جو ہمیں فنڈ نہیں دے گا جواب تو سندھ کو ملنے والا پیسہ بھی تیرے باپ کا نہیں جو تم لوگ کھا گئے ارب کہاں لگا ترقیاتی منصوبوں کے نام پر اسکا حساب دے بولو رانی,1
تحریک انصاف کو الیکشن میں وہی طریقہ اختیار کرنا چاہیے جو اپوزیشن کر رہی یے کلاشنکوف کا مقابلہ تیس بور کا پستول نہیں کرتا ڈسکہ الیکشن بھی ویسے ہی ہونا چاہیے جیسے پیپل پارٹی سندھ میں الیکشن کرواتی یے,1
اس ڈھکن کو کوئی بتائے پیسہ اکٹھا کر کہ ہی صوبے دیتے ہیں,1
سمجھ سے باہر ہے دکھی میوزک ترانے بینک اکاونٹ میں ہاف ملین ڈالر کم لگ رہے تھے محترمہ عائشہ باجوہ کو اس لیے شاید غمزدہ ماحول بنایا ہوا تھا,0
چوری اسمگلنگ رشوت خوری جوئے اور حرامخوری کے پیسوں سے جائیداد بنانا جج کےلئے جرم نہیں بلکہ مس کنڈکٹ ہے جس کا مطلب جج کو صرف تنبیہہ کرکے حرامخوری معاف کی جا سکتی ہے یہ ہے ہمارے عدالتی نظام کی حقیقی جھلک,1
کنول شوزب نے نون لیگی گینڈے سے ایک بہت ہی سیدھا سوال پوچھا کہ پینتیس سال میں مقبوضہ کشمیر کے بارے کچھ کیا تو بتائیں جواب میں گینڈا جگالی کرنے لگ گیا اور پیپل پارٹی کا ٹکلا مسخرہ ہنسنے لگ گیا یہ ہے انکی سیاست,1
عوام کے ساتھ بد سلوکیوں کا یہی جواب ملتا ہے سارے ٹاپ ٹرینڈ دیکھے میرا تو یقین پختہ ہو گیا کہ یہاں کوئی سوشل میڈیا ٹیم نہیں یہ زبان خلق ہے اور اسے کوئی بند نہیں کر سکتا اس لیے بہتر یہ ہے عوام سے معافی مانگ لو,0
وہ حضرات اور خواتین میری ٹائم لائن سے دور رہیں جن کی اخلاقیات صرف مریم صفدر کے خلاف ٹویٹس پر جاگتی ہیں لیکن عمران خان اور خاتون اول پر ناشائستہ بکواس پر انکو لقوہ ہو جاتا ہے,1
باجوہ کی راتیں گرم کرنے والی مریم,1
مریم کی گانڈ میں مرچیں دیں گے آج رات اور پھر وہ بتا دے گی کےاسے قطری شہزادے نے چار کروڑ کب دیے تھے,0
بغض نواز میں پاکستان کو میلین ڈالر کا ٹیکا لگنے کا کون اصل ذمہ دار,0
علاج انکا کیونکہ تھالی کے بینگن والوں کو ووٹ دیے مگر پی ٹی آئی کو نہیں اب رونا بند کریں کراچی والے,0
تم دونوں کی بکواس ہم روز سنتے ہیں,0
یہ والا چورن نہیں بکے گاکہ قصور چند جرنیلوں کا ہے پوری فوج کو الزام مت دیں اگر فوج اپنی لیڈرشپ پر اتنا بھی اخلاقی دباؤ نہیں ڈال سکتی کہ وہ حرامزدگی سے باز رہے تو پھر لیڈرشپ کے ساتھ ساتھ پوری فوج بھی شریک جرم تصور ہوگی,1
اس وقت تتے توے پر کون کون بیٹھا ہو گا,1
جس جس حکومتی نمائندے نے مذمت کی ہے اسکی چھترول انصافیوں پر واجب ہے چولو حکومت مذمت نہیں مرمت کرتی ہے کتھے پھس گئے واں,1
بھٹو واقعی زندہ ہے پیپلزپارٹی نے جماعت اسلامی کو تجویز دی ہے کراچی کے دو حصے کرلیتے ہیں دو میئر بنالیتے ہیں ادھر ہم اودھر تم,0
میرے پاس اگر حرام کے پیسے ہوتے کیا میں لندن سے پاکستان آتا شہباز شریف تو جناب اس کا مطلب ہے کہ حسن حسین اسحاق ڈار اور نوازشریف کے پاس حرام کے پیسے ہیں اسی لیے وہ پاکستان نہیں آرہئے,1
اور اس کے دوست سچ ہے کمینوں کے کمینے ہی دوست ہوتے ہیں,0
ڈاکٹر عدنان کی اجازت کے بعد پہلی فلائٹ سے پاکستان پہنچ جاؤنگا نواز شریف اس ڈنگر نے اپنے ووٹرز کی طرح سب کو پاگل سمجھ رکھا ہے,1
بد کردار بدزبان جاہل دو ٹکے کی بازاری عورت کرپٹ باپ کی کرپٹ بیٹی,1
اس کا مطلب ہے تیری ماں کیسی کتیا کے بچے لعنتی بے غیرت چوتیا مادرچود دھلے,1
پاکستان فوج سے گزارش ھے کہ باجوہ انکل کو بارش میں باھر نکالو ان کا دماغ جو بند پڑا ھے شاید آسمانی بجلی کے جھٹکوں سے کام کرنا شروع کر دے,1
میرے سندھ میں مائیں کچرے پربچےجنتی ہیں میرےسندھ کےبچےکتےکاٹنےسےمررہےمیرے سندھ میں ڈوب کےمرنےوالےبچےکچرےگاڑیوں میں ڈالےجاتےمیرےسندھ میں زندہ بیمارتوچھوڑو مرجاوتوایمبولینس نہیں انصاف یہاں ناپید قانون یہاں حاکموں کارکھوالا یہ ہےحال میرےسندھ کا,1
حرام خور یہ گالی بہت بڑی ہے مگر ان حرامیوں کے سر سے فلائی کر جاتی ہے,1
سمجھ نہیں آرہا بختاور کی منگنی کنجر خانے میں تھی یا کنجر خانے والے بختاور کی منگنی میں آۓ تھے کورونا کی وجہ سے مساجد بند کرنے والی سندھ حکومت یہ کنجر خانہ کیوں کھلا چھوڑا ہے,1
قائداعظم کے مزار سے زیادہ ہوٹل کے کمرے کو عزت دینے والوں پر لعنت ہو اور بے شمار ہو,1
میں ہوں وہ حرام خور شیطان جس نے ہنستے بستے پاکستان کو تباہ کیا میں ہی ہوں وہ حرام زادہ جو سچ بولنے والوں پر تشدد کرواتا ہوں میں ہی ہوں وہ کمینا انسان جس نے امریکی ڈالروں کے عوض اپنی ماں کو بیچا,1
وطن بیچ ڈالا گھڑی ملکی خزانہ لوٹا دوستوں میں تقسیم کی اب عدالتوں نے ان کا حساب لینا ہوگا,1
مبارکباد پاکستانیو مائزہ حمید گجر نے ایک دفعہ پھر دیسی کپی کی چسکی لگا کر ٹویٹ کر دی,1
جیسے ہی خطاب شروع ہوا تو انڈین کتے بھاگنے لگے اور پٹواری بھی ایسے تھے جیسے ہی خطاب شروع ہوا تو خان صاحب پر بھونکنے لگے خان کو عزت اللہ نے دی ہے تم کوگ جلتے رہو گے بھونکتے رہو گے,1
یہ بیغیرت انتقام کی آگ میں شہبازشریف کیخلاف ایک گھنٹے تک جھوٹ بولتا رہا لیکن اپنے باپ ملک ریاض کا نام لینے کی ہمت نہیں ہوئی,1
اس لفافی کے لفافے بند ھیں نا تو بچاری بہت نازک دور سے گزر رھی ھے نہ حج کر پارھی ھے نہ عمرہ یا اللہ کرپٹ حکمرانوں کے ساتھ ساتھ ان بے غیرت صحافیوں سے بھی نجات دلا آمیں,1
امید ہے فلم نہیں چلانی پڑے گی,0
مجرم خان حاضر ہو منافق فتنہ کی اصلیت,1
اسٹیبلشمنٹ میں سے بابر ستار کے خلاف کون سازش کر رہا ہے جانیے گل بخاری کے ساتھ,0
پنڈی کی ٹاپ کی رنڈی سے شادی کی ہے مادرچود کشمیر کا اور سینٹ کے معاملے کا آپس میں کیاتعلق,1
کیپٹن صفدر کی ضمانت کے فیصلے نے صفدر کی گرفتاری پر ٹسوے بہا کے مریم سے شرمندگی کا اظہار کرنے والی پیپلزپارٹی کی گیم کا پول کھول دیا فیصلے میں درج ہے کہ سندھ حکومت نے صفدر کو ضمانت دینے کی مخالفت کرتے ہوئے اسے ریمانڈ پر پولیس کے حوالے کا مطالبہ کیا,1
جو لوگ حکومت میں ہوتے ہیں وہ کوشش کرتے ہیں کہ ملک کے کو ملک کے حقائق کے ساتھ برج کرتے ہیں آمریت ایک ایسی پولیٹیکل کلاس بنا جاتی ہے جو اپنے ذاتی مفاد کے لیے کام کرتی ہے ملکی مفاد کے لیے کام نہیں کرتی,0
میں یہاں نازل نہیں ہوتا بلایا جاتا ہوں نواز شریف نہ ادا کار بن سکے نہ کرکٹر اور کرپشن کی وہ بھی پکڑے گئے عامر لیاقت نے مصدق ملک کی کتوں والی کر دی,1
پریس کانفرنس کر کے بھارت کے خلاف ثبوت کیوں جاری کیے جب میں وزیراعظم تھا تو یہ معلومات میرے پاس بھی تھیں مگر میں نے تو جاری نہیں کی شاھد خاقان مراثی دلوں سے بھری پڑی نالائق لیگ,1
آپ کیا کیا نوٹ کر لیتے ہیں,0
نیوٹرل نیوٹرل ہی رھتے تو اچھا تھا لیکن یہ این آر او ٹو کس خوشی میں دے دیا,0
سارے لونڈے لپاڑے پی ٹی آئی کے سربراہ گھڑی چور کے لئے کام کر رہے ہیں اس کی وجہہ صرف ڈالروں کی بھر مار ھے,1
حقیقت انکی یہی ہے مگر ظالم وقت نے انکو عمران خان صاحب کے خلاف اکٹھے ہونے پر مجبور کر دیا ہے پٹواری جیالے اور آمنے سامنے,1
خونی لبرلز سرخوں لال برگیڈ کی روح رواں نگہت داد کی رنگبازیاں نوٹ فرمائیں غیر ملکوں سے عورتوں کے حقوق کی حفاظت کیلیے بھیجے جانے والے اربوں روپے ہڑپ کر گئی,1
کیوں مریم استری ایسا کیا ہے کہ باجوہ اچھا بن گیا آ پ کہ ابا تو بھرے جلسوں میں باجوہ کو کہتا تھا کہ یہ سارا گند تمہارا ڈالا ہوا ہے,1
ویسے اللہ معاف کرے پیٹ بھر کر منحوس اور بدصورت ہے اور اوپر سے فروگی لیگز ایسی جمعداروں والی فروگی ٹانگیں دیکھ کر دل خراب ہوتا ہے,1
ھمیں خڑکمر میرعلی وانہ کےواقعات کے شہداء ارمان لونی شہید یاد ھے فاٹا پشتونخواہ میں ھوئے مظالم ق,0
سکرپٹ پہلے سے تیار تھا اور یہ سب پالین کا حصہ تھا,0
اور چیف جسٹس مارشل لا ایڈمنسڑ کی طرف جنرل باجوا یدو,0
خبر مریم نواز پر پھینکے جانےوالےنوٹ جعلی نکلے کاغذات جعلیخط جعلیباتیں جعلیقیادت جعلیجلسیاں جعلیچہرہ جعلیمیڈیکل جعلیبیماری جعلیانکی ترقی کے اعشارے جعلیانکےڈالر ریٹ جعلی اتحادجعلی وعدے جعلی عہدہ جعلی جب محترمہ کاسب کچھ جعلی تواسکی ریلی میں کون پاگل اصلی نوٹ پھینکے گا,1
وہ کل تک جو باجوہ ان کے لیے دشمن تھا آج ان کا باپ بن گیا بےشرموں,1
امریکہ کے پالتو کتے باجوے نے پاکستان پر مقصود چپڑاسی کی حکومت مسلط کر کے معیشت کا جنازہ نکال کر رکھ دیا اب اسٹاک اور ڈالر پر پریس کانفرنس نہی کرنی بیغیرت میر جعفرو,1
رکھو جیت کی لگن منجانب اہلیان پاکستان,0
عمران ریاض خان کو ایکسپریس نیوز پر پروگرام کرنے سے روک دیا,0
ہاں تو بھائی ہن سکون جے,0
بھائی ایک پلیٹ تو لے دو کے ساتھ اچھی نہیں لگتی پلیز,0
دنیا کے ہر ملک میں پارلیمنٹ کے اجلاس ہو رہے ہیں لیکن پاکستان میں پارلیمنٹ کا اجلاس بلانے کا مطلب ہے پھر سبھی کرپٹ حرام خور اکٹھے ہوں گے ہلڑ بازی دنگا فساد گالم گلوچ توڑ پھوڑ اور آخر کار کروڑوں کا قوم کو ٹیکہ لگا کر خوشی خوشی گھروں کو لوٹ جائیں گے بس,1
تجربہ نہیں کرنا وہ اپنی جاگیر اور اپنی گرفت مضبوط کرنا چاہتے ہیں بلاول کے ذریعے کیونکہ کرپٹ لوگ ان کو سوٹ کرتے ہیں جن کو دبا کر وہ اپنے مقاصد پورے کرتے ہیں جو ان کا وطیرہ ہے پچھلے سال سے,0
کتے آپس میں پھر لڑ پڑے زرداری نے نواز شریف کو پھر سے یاد دلا دیا کہ تم واقعی بوٹ کی پیداوار هو,1
اور بھی دکھ ہیں زمانے میں محبت شریفوں کی ملاقاتوں کے سوا,0
یہ وہ عظیم ہستی ھے جس کی کلچ پلیٹیں دل گردے پھیپڑے اتنے خراب ھوگے تھے کہ عدالت حکومت سے اس کی زندگی کی ضمانت مانگنی پڑی کہ جلدی لندن بیجو ڈاکٹر اپریشن تھیٹر میں انتظار کرہا ھے اسکا اب تک اپریشن نہ ھوا رولیکس کے اسٹور پر ھاضمے کا چورن لینے کھڑا ھے,1
مہنگی چیز کو سستے داموں یاتونشئ بیچتا ہے یاوہ چیز چوری شدہ ہوتی ہے,1
میاں ساب شیر ڈیزل پر نہیں چلتا یہ ہم نہیں بلو کھسرے نے کہا تھا سوچا یاد دلائے جاہلوں کو جلدی بھول جاتے ہیں,1
عمران خان کو ہرانا مملن نہیں شکست تسلیم کرتا ہوں احمد بلور,0
سینئر سیاستدان اعجاز چوہدری نے زرداری ڈاکو کے بروے کو چوک میں ننگا کر دیا اب لوگوں نے ان غداروں اور کتوں کا لحاظ کرنا چھوڑ دیا ہے,1
آرمی چیف کے خلاف عوام نے ایسی مداخلت کی کہ اب ٹوئیر پر سلام دعا کرنا بھی بھول گیا,0
یہ دیکھو ڈڈو چارجر یہ دونوں چور بھائی تم لوگوں پر لعنت بیجھ رہے ہیں اور خوش ہو رہے ہوں گے کے کتنے جاہل ہیں ھمارے سپپورٹر,1
بہت اچھی بات ہے خان صاحب یہ کمی لوگ آپ کو پروٹیکٹ کر رہے ہیں آپس کی بات کنال کے گھر بنی گالہ میں اگر آپ کے کتے رہ سکتے ہیں تو یہ بھی تو گھر میں رہ سکتے ہیں انہیں کیمپوں میں کیوں رکھا,1
نواز شریف کو اک تنخواہ جو اس نے بیٹے سے لی ہے نہیں اس پر نااہل کردیاگیا اور لاڈلہ نے کروڑوں کے تحائف بیچ ڈالے منصف خاموش,1
میں ہر فیک خبر کی تصدیق کر کے اصل خبر آپ تک پہنچاتا ہوں پیج دیکھیں اور ہمارا ساتھ دیں,0
کتی چوراں نال رلی ہوئی اے,1
الیکشن میں آؤ اگر ہمت ہے کہنا آسان ہے الیکشن سے بھاگ رہے ہو سارے بھگوڑے انکل باجوہ نے استری نہیں دی جیل میں لیکن اسکو پورا کرنے کے لئے پورے خاندان کو دے دیا,1
کل مریم نواز اپنی گاڑی میں بیٹھ کر پتھر سے بلٹ پروف شیشہ ٹوٹنے کا واویلہ کرتی رہی اور اسکی وڈیو بھی شٸیر کی جس میں فرنٹ سکرین پر ایک دراڑ ہے جبکہ آج شٸیر کرنے والی وڈیو میں دراڑیں دیکھیں,1
نواز شریف بھی ایک منٹ کی خاموشی اختیار کر کے کشمیریوں کے حقوق کیلیے اپنا احتجاج ریکارڈ کروا سکتا تھا لیکن اس نے مودی کو نواسی کی شادی میں بھلا کر بیغرت ہونے کو ترجیح دی,1
کتھے مر گیا اے او معاشیات دا ماہر یہ چغد اب پریس کانفرنس کر کے روپیہ کے استحکام کی کہانی کیوں نہیں سناتا,1
پی ڈی ایم میں ہمت ہی نہیں تھی یہ کرنے کی امریکا نے باجوہ کے ساتھ مل کیا یہ سب,0
شرم نہ ہو تے موجا ہی موجاں مولوی بریف کیس رفیق تارڑ کا نواسہ عطاء تارڑ اس وقت بھی حمزہ کے پیچھے کھڑا تھا جب وہ جہانگیر ترین کو چینی چور کرپٹ کہہ رہا تھا ابھی اس کے ساتھ اسی کرپٹ جہانگیر ترین سے ملاقات کرنے اسکے گھر بھی پہنچ گیا,1
یہ تو اس نظام کا پیدا کردا حکمران ہے جو کہ اس کفر کے نظام کو چلاتا ہے اس نظام میں حکمران فرعون ہی بنتا ہے حل اللہ کے نظام میں ہے,0
اس پر سابق وزیر اعظم نے کہا کہ آج تک کون سا سیاسی رہنما آیا ہے جو اپنی حکومت گرا دیتا ہے جو کہ فیصد پاکستان ہے یہ حکومت آکشن کے ذریعے آئی ہے الیکشن کے ذریعے نہیں,0
عالمی سازش میں نوازشریف براہ راست ملوث ہیں خط میں واضح لکھا ہے کہ اگر عدم اعتماد کی تحریک ناکام ہوئی تو خطرناک نتائج ہوں گے اسد عمر نوازشریف نے اسرائیل کے سفارتکار سے ملاقات کی فواد چوہدری سارے پاکستان کو یوتھیا سمجھ رکھا ہے,0
زرداری نے جنرل فیض حمید کے خلاف بات کی تو غیرت نہیں جاگی لیکن انس حفیظ بھائی کی اس ٹویٹ پر ڈی جے نے اکاؤنٹ سسپینڈ کروا دیا حیا کرو,1
نوازشریف نے کہا تم میرے لوگوں میں جانا تو میرا پیار بھرا سلام دینا مریم نواز مفرور بھگوڑے چور جی ایک بار پھر بیٹی کو بھیج دیا,1
مریم نواز کے پالتو صحافی غلیظ لوگوں پر مشتمل وٹسپ گروپ کی عقل چیک کرو سارا دن عمران ان کے دماغ پر چھایا ہوا ہے بوکھلاہٹ کا یہ عالم ہے کہ بیچاروں کے پاس کرپشن اور بد عنوانی کے ثبوت تو نہیں ہوتے ہیں تو سارا دن دماغ لگا لگا کر ٹویٹ تیار کرتے ہیں,1
اس بیان میں شاعر سے مراد ہے کہ اگر عوام ہمارے خلاف اٹھی تو ماضی کی طرح ہم پہلے اسے دھمکائیں گے پھر غائب کرکے ننگا کریں گے اور اگر پھر بھی نہ مانا تو اسے مار کے کہیں پھینک دیں گے,0
پاکستانیو کل نومبر کو ایسا تاریخ ساز جشن و خوشیاں مناؤ کہ غدار وطن ملک فروش کرپٹ قاتل بزدل امریکن خنزیر باجوہ پوری دنیا میں ذلیل و خوار ہوجائے سب سے پہلے نعرہ تکبیر اللہ أكبر پھر الحمدللہ پھر سجدہ شکر اور پھر مٹھائیوں کی تقسیمان شاء اللہ,1
ججز کواب سمجھ جانا چاہیے کہ اسٹیبلیشمینٹ کسی کی سگی نہیںکل تمہیں استعمال کیا اورآج تمہیں ایک بازاری عورت سے گالیاں نکلوارہی ہے,1
اب سمجھ آئی آپکو پرچی چیئرمین کی اتنی اچھل کود کرپشن زدہ لوگ کبھی بغیر مطلب کہ اتنا نہیں پھڑکتے ن لیگ یا پی پی کا کوئی بھی لیڈر جب بھی زیادہ شور مچائے سمجھ لیں چوری پکڑے جانے کہ قریب ہے ورنہ تو ان کی طبیعت اور پالیسی تو ہے ہی مک مکا پر مبنی,1
سالے ایک ملک ریاض نے ان نام نہاد بڑے بڑے اینکروں کو ہیجڑا بنا دیا,1
آپ کو الو کا پٹھا بنا گئے بلاول تے مریم,1
کون طاقتور اللہ پاک کی پکر بڑی سخت ہے,1
سنیے اپوزیشن کی سیاست پر امیر عباس کا تجزیہ پیپل پارٹی اور نون لیگ ہمیشہ سے ایک دوسرے کی جان کے دشمن تھے انہوں نے جھوٹ موٹ کی دوستی عوام میں عمران خان اور فوج کے خلاف بیانیہ مشہور کرنے کی لیے کی تھی وہ بیانیہ بری طرح پٹ گیا ہے,1
پٹواریوں عرض کیا ہے اپنے درد کی شدت کو زرا کم کرو نام مرشد کا لو اور خود پہ دم کرو مرشد عمران احمد خان نیازی کا نام تو سنا ہوگا جو مارتا کم گھسیٹتا ذیادہ ہے جورلانے کا وعدہ کرکے چیخیں نکلوا رہا ہے,1
ہم نے روکنا نہیں ہم نے جھکنا نہیں عدل منزل ہے اور عدل ہی راستہ سبكو عزت سے جینا سکھائے گے ہم عمران خان کا عزم,0
دسیا سی کنجرا نو کہ مٹھائی نہ کھاؤ,1
اور چیف آف آرمی سٹاف اور آئی جی ایف آئی اے کے گاڈ میں ڈالا جائے,0
تیری ماں کا ننگا ناگن ڈانس کرواں بھین چود گانڈو تیرے بہنوئی ہیں,1
سرکار کے بارے میں لب کشائی فرما دیں اس قوم کو اندھیرے میں رکھنے میں آپ کا بھی بہت بڑا رول ہے اللہ تعالی کا شکر ہے بہت مدت بعد آپکی زیارت نصیب ہوئی خدا کیلئے اس دفعہ کی ناجائز تعریفیں فرما کر قوم کو گمراہ مت کیجئے گا,0
بگوڑوں اور ضمیر فروشوں کیخلاف صدارتی ریفرنس پر سماعت عید کے بعد تک ملتوی بگوڑوں اور ضمیر فروشوں کے ووٹ سے وزیر اعلی منتخب ہونے والے کے حلف کیلیے صدر پاکستان کو دو گھنٹے کا الٹیمیٹم پھر کہتے ہیں آزاد اور غیر جانبدار گھنٹے کام کرنے والی عدلیہ میں سے نمبر پر کیوں ہے,1
آئندہ سوچ کر بولنا مرشد کے بارے میں کرایہ کے ٹٹو,0
جن لوگوں کو پرانے پاکستان کی ہارش تھی نہ وہ اب ختم ہوتی جا رہی ہے چیک کر لو,0
میں بتاتا ہوں دہشتگردی کا بہانہ بناکر باجوے کتے کی دو سال کی ایکسٹینشن,1
ہم نے ٹرولنگ مرشد خان صاحب سے سیکھی ہے,0
یہ ہے ان چوروں کی حقیقت لعنت ہے,1
چلو مرغی کا تو بائیکاٹ کرلوگے یہ آٹے کا کیا کرنا ہے بائیکاٹوں سے نہیں ان چوروں کے خلاف نکلنے اور انکو نکالنے سے ہی مسئلہ حل ھوگا نکلو پاکستان کی خاطر نکلو اپنے بچوں کی خاطر نکلو اپنے مستقبل کی خاطر,0
تحریک انصاف سوشل میڈیا کی ایم کیو ایم ہے جس نے پنگا لیا وہ بوری میں پیک کر کے عزت سے گٹر میں پھینک دیا جاتا ہے اخے خان میں لچک نہیں,0
پاکستانی قوم کو سلام سازشیوں نے سمجھا عمران خان کو تنہا کر کے ماریں گے تو قوم اس کے ساتھ کھڑی ہو گئ اسلام کے لشکرمیں ہے قاسم سا فرزند اس ملک و ملت میں بچے بھی قاری و قامند ہم زندہ قوم ہیں پائندہ قوم ہیں پم سب کی یہ پہچان ہم سب کا پاکستان,1
یہ امپورٹڈ کرمنل سرکار ساری دنیا میں پاکستانیوں کی بیعزتی کا باعث بن رہی یے بھارت سے سستے ٹماٹر اور پیاز خریدنے کے جواب میں ملاحظہ فرمائیں بھارت کا جواب,1
خان کو روکنا أس امپوٹڈ مافیا کے بس کا روگ نہیں,0
اداروں کو الیکشن کمیشن کی جانبداری نظر نہیں آرھی,0
حامد نے تھرڈ پڑھ لیا لنگڑی طوائف والا,1
جواب ان غداروں کے پاس ہے کہاں ان کی جیب فل ہو گئی ہے اب انہوں نے بھاگنا ہے باہر ملک دو,1
اس بندے نے یہ کافی دنوں کی ھے وڈیو ابھی تو اور بھت آئی ھوئی ھین,0
عوامی نیشنل پارٹی نے خیبرپختونخوا کی گورنر شپ لینے سے معزرت کر لی اگر کی سمد بونڈ نا ہو تو یہ امپورٹڈ ناجائز حکومت آپس میں لڑ لڑ کر ختم ہو جائے,0
سب سے زیادہ ظالم یہ جاہلعوام ہے جس کا کیا دھرا ملک کاٹ رہا ہے گورا ہم سے جلتاکینہ رکھتا ہےگورے نے نا جانے یہ کیوں کہا کہ پاکستان کی معزز و غیرت مند عدلیہ امیروں کی طوائفیں امیروں کی رکھیل گورا پوری دنیا پر حکمرانی کرتا ہے یا پاگل ہے,1
عیداں تے شبراتاں آئیاں سارے لوکی گھراں نوں آئے او نہیں آئے محمد بخشاء جیھڑے آپ ہتھیں دفنائے,1
فخردرانی نامی یہ میر شکیل کا پالتو قلم کتا ھے اور اس جیسوں کو پالا ھی اس لئے جاتا ھے کہ جب اور جس پر چاھیں ھشھش کر کے چھوڑ دیا جائے,1
توہین عدالت میں بنیادی طور پر چیزیں دیکھی جاتی ہیں کل مریم نواز کی تقریر میں سب موجود تھیں یہ توہین باۓ ڈیزائن ہی کی گئی ہے باقاعدہ ججوں کی تصویریں لگا کر تو کیا لاڈلی پر توہین عدالت لگے گی,0
ان لوگوں کو پتہ بھی ہے کہ انصافین یوتھ ان کا بھرکس نکال دے گی پھر بھی آ جاتے ہیں خان کے خلاف باتیں کرنے,1
سنا ہے کہ سوات میں امپورٹڈ مسلط شدہ ناجائز سرکار کی جئی تئی پھر گئی ہے,1
علامہ راجہ ناصر عباس کی ڈیرہ اسماعیل خان میں ٹارگٹ کلنگ کے واقعے کی شدید مذمت,0
سوشل میڈیا اب الیکٹرانک میڈیا سےبہت طاقتورھے پہلے ملک ریاض جیسےرذیل کچھ قلم کتوں کوخریدلیتےتھے اب سوشل میڈیا ملک ریاض اسکی ناجائز حرکات کرنے والی بیہودہ بیٹی اور اسکے پورے خاندان کے ساتھ اسکے پالتو قلم کتوں کی ماں کو بھی خصم کرسکتاھے,1
قوم نہ بن سکے ہم ہجوم بن گے,0
ناموس کے سپاہی پر لگا ہے توہین کا فتوی,0
مارخور کے بعد اب پیش کیا جاتا ہے حرام خور دو,1
علم تلوار سے بھی زیادہ طاقتور ہے اس لئے علم کو ملک میں بڑھائیں کوئی آپ کو شکست نہیں دے سکتا قائد اعظم محمد علی جناح,0
وہ راستہ مجھے آتا ہے میرا خاندانی پیشہ ہے مینے باجوہ کے بعد بھی بہت کوشش کی بوٹ چاٹنے کی لیکن پھر بھی کام نہیں بنا تو اب حاضر ججز پر حملے کرنا میری مجبوری ہے,1
انتخابات کی شفافیت کو خطرے میں ڈالنا قوم سے دشمنی ہو گی عمران خان,0
اعتراف جرم کر کے باجوہ آرٹیکل کا مرتکب ہوا ہے اس لئے باجوہ پر آرٹیکل لگنا چاہیئے,0
رزق حرام کی تباہ کاریاں دیکھنی ہوں تو ان سب کے چہروں پہ پڑی پھٹکار دیکھیں,1
سنو شوباز میں غیرت کی کمی ھے مختارا ہن دسدا نی پیا,1
تحریک طالبان نے جنگ بندی کے خاتمے کا اعلان کر دیا کیا فیصلہ سازی سیویلئین اپنے ہاتھ میں لے پائیں گے اور کے ساتھ,0
پی ڈی ایم الیکشن نہیں چاہتی سمجھ بھی آتا ہے وہ شکست سے خوفزدہ ہیں کیا کوئی بتا سکتا ہے کہ اسٹیبلشمنٹ کیوں عمران خان کی جیت سے خوفزدہ ہے جب کے انکا دعوہ ہے کہ وہ غیر سیاسی ہیں اور حکومت چلانا منتخب لوگوں کا کام ہے,0
اوف اللہ میں مفت میں زلیل ہو رہا ہوں ان کنیڈا کے پارلیمنٹ کی بھی صفایاں دینے پڑھے گی,0
اس فارن فنڈد فتنہ کو سپورٹ کرنے والے پاکستان کی معاشی تباہی کے تمام ذمہ داروں کا صفایا وقت کی اہم ضرورت ہے,1
آج سے اس ٹرینڈ کو استعمال کریں جب تک بھڑوا بلجیم نہ بھاگ جائے,1
اپنا تھوکا ہوا چاٹتے رہو منحرف اراکین مزے کرو اور امپورٹڈ حکومت کا ساتھ دو وقت بتا رہا ہے خان صحی سمت پر پاکستان کو لیکر جا رہا تھا اور پھر,1
پاکستانیوں جاگو ۷۴ سالرہے اور اسی لیۓ بنی,0
ملیحہ بخاری نے نون لیگ کے دوغلے پن اور منافقت کا بھانڈا پھوڑ دیا الیکشن ریفارمز پر تحریک انصاف اپوزیشن کے ساتھ متفقہ قانون سازی کرنا چاہتی ہے لیکن اپوزیشن کا رویہ غیر زمہ دارانہ ہے سنیے,1
چول انسان بجلی سستی کر اور مہیا بھی کر بکواس نہ کر اپنے آقا کو کہہ کہ وہ کستانی قوم کا صبر نہ آزمائیں دو,1
پٹواری رے پٹواری تیری کونسی کل سیدھی کھوتا خیر سٹنٹڈ گروتھ پٹواری درباری غلام ابن غلام اپنا ہی تھوڑا بار بار چاٹتے ہیں ایک ہی بار اسی تھوک میں ڈوب مریں تاریخ گواہ رہے گی کہ اس جہالت کی قوم نے بہت بڑی قیمت چکائی ہے اور چکا رہی ہے,1
بھول نا جانا یہ سب امریکیوں نے کروایا ہے غدار میر جعفر باجوے اور ان حرامیوں سے,1
گم نامی کی زندگی کا مزہ صرف دبئی میں ہے,0
چلو نیازی نے تو لائنیں کھینچی ہوتی ہیں اور وہ لمبی لمبی چھوڑتا رہتا ہے تو کیا اسکو لانےوالے فوجی جرنیلوں نے بھی لائنیں کھینچ رکھی ہیں جو اس پر اعتبار کرتے ہیں نہیںادارےبچاؤ,0
وزیر اعظم کو تھپڑ مارنے کا بدلہ ضرور لیا جائے گا شاہزیب حرامزادہ,1
بھاگنا تو مریم کا پیشہ ھے,0
یاد رکھیں یہ جیسے ہی ریٹائر ہوگا پاکستان سے بھاگ جائے گا اسکے ساتھی بھی پتلی گلی سے نکل بھاگیں گے,0
کئی ہفتوں سے میرے قائد میاں فراڈ شریف اور میاں نکا کنجر شریف کے آوارہ کتورے کسی قصائی کے پھٹے کے نیچے سے نکل کر پر بھونکنا شروع کر دیتے تھےلیکن کی چھترول کا تو ان کے بڑے بڑے باپوں کو بھی پتا ہے روزانہ درجنوں حرامی آوارہ کتورے چھتر کھا کر بلاک کرتے گئے,1
امریکی ڈالر مل رہے اب سچ سے کیا لینا دینا امریکی دلالوں کا,1
حکومت نے جسٹس سے اسکے بیوی بچوں کے اثاثوں کے بارے میں پوچھا وہ اسکا جواب دینے کی بجائے مسلسل بیانات دے رہا ہے یا الزامات لگارہا ہے انتقام دیکھیں کہ وزیراعظم کو ایک ایونٹ میں شرکت کرنے پر نوٹس بھیج دیا یہیں سے اندازاہ لگالیں کہ مافیا کہاں کہاں بیٹھا ہے اور کیسے روڑے اٹکاتا ہے,1
سندھ حکومت آوارہ لتا مار مہم شروع کرنے ہی لگی تھی کہ کو خوش کرنے کے لیے آصفہ بھٹو میدان میں آگئ کہ انکو نہیں مارنا سندھ میں کتنی ماؤں کے لال انکا شکار ہو چکے ہیں,1
اے گندی نالی کے کیڑے جب تیری اماں کے یار پاکستان لوٹ لوٹ کے باہر محل اور فیلٹ خرید رہے تو اس وقت تو قطریوں کی رکھیل کے نیچے سے گندے پوتڑے بدل رہا تھا کیا آخر اتنی دیر سے سچا تے کھرا احتساب کیوں یاد آیا,1
لڑکی کے بھائی آپ کو استعفی دینا ہو گا آپ کا وقت ختم ہو گیا ہے نکے کہ ابا,0
یہ گھٹیا ادارہ فوج کا کچھ ٹاہم بعد اپنا تھوکا ہوا خود چاٹتا ہے تاریخ دیکھ لو اس ہجڑوں کے ادارے کی,1
ارمی چیف ارمی سے اوپر نہیں اور ارمی پاکستان سے اوپر نہیں,0
ہم آزاد نہیں کیونکہ یہ بیغیرت ڈالر کے غلام ہیں امریکہ انکا باپ ہے,1
سپریم کورٹ میں آج اٹارنی جنرل جاوید لطیف خان نے رضا ربانی کو پچھاڑ دیا اٹارنی جنرل کے مطابق سیکرٹ بیلٹ کی شق ووٹ ڈالنے کے بعد ختم ہو جاتی ہے دوسرا سیکرٹ بیلٹ سے ہارس ٹریڈنگ کو فروغ ملتا ہے اگر کسی ممبر کا ضمیر جاگتا ہے تو اعلان جاگنا چاہیے,1
اگر جینا ہے تو مولانا فضل الرحمن کی طرح جیو ورنہ بے غیرتی والی زندگی تو عمران خان بھی گزر رہا ہے,1
تو ناظرین امریکن بلاگر نے پوری پیپلزپارٹی کو ہیجڑہ میرا مطلب ہے کہ بلاول زرداری بنا دیا ہے,1
آج پر پاکستان کی اپوزیشن نے قومی اسمبلی میں گھٹیا زبان استعمال کرنے کی اپنی روایات کو برقرار رکھا پاکستانی عوام کی قسمے ملاحظہ کریں کہ یہ سرکس برپا کرنے کے لیے کروڑوں روپے تنخواہ ملتی ہے جو غریب عوام کے ٹیکسوں کا پیسہ یے,1
سرکار باقی رولے اپنی جگہ تے ساڈی ریکویسٹ اے کہ بس اک گل ول تیان رکھیو جے خان کہتا جو ہے وہ ہے باقی فیر جہیڑی ہونی اونوں کون ٹال سکدا,1
ذوالفقار علی بھٹو کو پھانسی اسٹیبلشمنٹ نے دی فواد چوہدری ننگا کر دیا نیوٹرلوں کو,1
عمر عطاء بندیال کب جاگو گے,0
میرے میزبان منصور علی خان اور کامران شاہد کیا اس پر بھی کوئی پروگرام کریں گے کہ نہیں یا صرف عمران خان پر بھونکنے کے لئے مریم نواز نے تم لوگوں کو ہڈی ڈالی ہوئی ہے,1
وہ دو الگ باتیں کر رہا ہے وڈیو سن لو,0
سارا مافیہ اکٹھا ہو کر رائے عامہ کے برعکس راہ فرار اختیار کرنے کی کوشش میں ہے کیونکہ یہ جان چکے ہیں کہ عمران خان کو روکا نہیں جا سکتا,0
پاکستان تحریک انصاف کی سینیئر قیادت کا چیئرمین پاکستان تحریک انصاف عمران خان کے خلاف کرپٹ مافیاز امپورٹڈ حکومت کا ہر حربہ ناکام بنانے کا فیصلہ,0
صنم جاوید نے شوبازشریف کی کفالت شعارے کی جئی تھئی پھیر دی,0
ماہ عمران خان وزیراعظم تھا اور یہی ماہ ہم نے امن سے گزارے ہیں ہے کوئی زیبرا پٹواری جو میری بات غلط ثابت کرے,1
مار خور بے غیرتوں کا صحافی ایاز میر پر حملہ کم نسلوں کو شرم بھی نہیں آتی ہمارے ہی ٹکڑوں پہ پلتے ہیں اور ہمارے ہی اوپر حملے کرتے ہیں دو,1
لنگڑے کی اگلی متوقع پریس کانفرنس جی جنرل صاحب بتائیں کیسے آپ کو ننگا کیا گیا,1
سعودی عرب کے بادشاہ روزہ دورے پر منگل والے دن انڈیا کا دورہ کر رہے ہیں جن کو پاکستان ہونا چاہیے تھا,0
باجوے کو گرفتار کر لو پھر,0
میرشکیل کے جیو کو آج صبح کی خبر اس وقت ٹویٹ کرنے کا خیال آ ھی گیا اگر پاکستان کےمفاد خلاف کوئی بات ھوتی تو خبرجاری ھونے کے اگلے منٹ ھی جیو بریکینگ نیوز سے ٹویٹر بھر جاتا نفرت کے سوداگروں کی حرام زدگی جان کر جیو,1
جو میں کرتا ہوں جس بات کرتا ہوں لمبر ون کو پتہ ہوتا ہے ویسے پتہ ہونا چاہئیے بالکل مطمعین,0
بندے کے پتر بنو سارے کتے,1
اور شریف خاندان نے کو شہید کروایا اور اب کتے مگرمچھ کے آنسوں بہا رہے ہیں اور ان کے کتے اور کتیاں بھونک بھونک کر اصل قاتلوں سے توجہ ہٹانے کی ناکام کوشش کر رہی ہیں,1
اگر کسی نے نری بکواس سننی ہو تو,0
چاچا ٹویٹر ٹویٹر نا کھیلو ھار جاؤ گے غلطی سے وزیر اعظم بن گئے ھو تمھارے پاس پاور ھے اگر عمران خان نے کچھ غلط کیا ھے تو کیس کرو ثبوت لاؤ اور گرفتار کرو گیدڑ بھبھکیاں نا لگاؤ شیر بنو اور توشہ خانہ کی تفصیل دو سے,0
آئی ایس آئی کے بعد پاکستان کا دوسرا خطرناک ادارہ سوشل میڈیا پر تحریک انصاف والے قابض ہیں,0
علی وزیر کو کرونا ہوگیا ہے کل تک یہ جاہل لوگ وزیرستانیوں سے کہہ رہے تھے کہ کرونا مرونا کچھ نہیں اچھی خبر یہ ہے کہ موصوف کی محسن داؤڑ سمیت کئی مشرانوں سے اچھی ملاقاتیں رہی ہیں ابھی تک کسی پی ٹی ایم لیڈر نے اس کے لیے وردی کو ذمہ دار نہیں ٹھہرایا,1
شہبازشریف کےآفس سیکریٹریسوشل میڈیاایڈوائزر بدرشہباز کوروناوائرس کا شکار بدرشہباز نےعید کی نماز شہبازشریف کےساتھ اداکی تھیشہبازشریف نےتمام افراد کاگھرمیں داخلہ بندکردیا اور خودکوقرنطینہ کرلیا اب اس شہبازگجرکے سےبچنے کےڈرامےشروع,1
عمران خان چوتیوں کے اندر ایٹم بم کی طرح پھٹ گیا ہے اب تو پٹواری نسل ختم ہوچکا ہے اب تو صرف چوتیے رہ گئے ہیں,1
زرتاج گل نے جاوید لطیف کی مٹی پلید کر دی نواز شریف کی تاریخ بتاتے ہوئے کہا کہ جب ایون فیلڈ کی رسیدیں مانگی تو سوائے قطری خط کے کچھ نا ملا پھر وزیراعظم ہو کر دبہی کی کمپنی میں چپڑاسی رہا اداروں کے خلاف مہم جوئی کرنے والا نوازشریف اداروں کی گود میں پروان چڑھا,1
کتے کی دم کے بارے میں سنا تھا کہ سیدھی ہونی مشکل ہے حالات چیک کرو ملک کا بیڑہ غرق کردیا اور انسان کے بچے بننے کے بجائے خان کے پیچھے ہلکا ہو رہے ہیں,1
اخلاقیات اگر کسی نے سیکھنی ہے تو ڈار صاحب سے جا کر سیکھے اتنے نفیس آدمی ہیں کہ بتا نہیں سکتی,0
بات صرف گھڑی کی نہیں گھڑی چور عمران نیازی نے وزارت عظمی کے منصب کا ناجائز استعمال کرتے ہوئے لوٹ مار کی,1
غریب مہنگائی اور بےروزگاری سے پس رہا ھے اللہ ان نالائقوں سے جان چھڑائے آمین,0
سوال کچھ جواب کچھ اللہ اس صحافی بھائی کی خفاظت فرمائے,0
ظاہر ہے اب ڈاک خانے والے تو کسی کو نا اٹھا کر لے جاتے ہیں اور نہ ہی اٹھا کر پوچھتے ہیں کہ آپ اتنی اچھی فیملی سے ہونے کے باوجود پاکستان یعنی آرمی کے خلاف کیوں بولتے ہیں آپ غداروں والے کام کیوں کرتے ہیں یہی سوال سرمد سے کیے,0
میرا خیال ہے پھر شوباز شعبدہ باز کو سمندر کا انتخاب کر لینا چاہیے,1
ماشاء اللہ ان میٹرک پاس سیاست دانوں کا واسطہ آکسفورڈ کے لیکچرار سے پڑا ہے ان کو سمجھ لگ رہی ہے نیندیں حرام ہیں,0
یہ آپ نےکیا کیا ہے ہے میری ماں کے ساتھ,0
عمران خان کو گرانے کیلیے کتنے لوگ گرگیے پاکستانيوں قدر کرو بار بار عمران خان نہیں ملنے والا کچھ تو ہے اس مرد کے بچے میں,0
بیانیا گولوڈرائیگہ کا حدود عربہ اس کو ایسے ہی نہیں تکلیف ہوئی,1
انصار بھائی آپ جیو کے خلاف کب بولیں گے یا کب استعفی جیو کے منہ پر ماریں گے,1
پورن انڈسٹری کے غدار وطن باجوہ حاجی سانپ کے بعد پیش خدمت ہے اسلامی حافظ سانپ ملکی صورتحال تباہ دہشتگردی عرج پہ اکثر بےقصور لوگ لاپتہ اعظم سواتی جیسے بزرگ ننگا ارشد شریف جیسے وطن کے بیٹے قتل نواز خاندان زرداری خاندان ملک کو لوٹ کر تباہ کرنے کے باوجود پھر بھی مسلط,1
دنیا کہاں تک پہنچ گئی اور ہماری اسٹیبلشمنٹ کو ترقی کی بجائے صرف ایک ضروری ہے کہ عوام تک نہ شعور پہنچانے چاہیے اور نہ ترقی یہاں اصلی محب وطن غدار اور غدار اصلی محب وطن ہے دستور پاکستان,0
عمران خان کو پاکستان تحریک انصاف کا پیٹرن ان چیف بنائے جانے پر غور پارٹی صدارت سے ہٹائے جانے کے ممکنہ پلان کو کاونٹر کرنے کیلئے تحریک انصاف کا جوابی پلان آف ایکشن تیار آؤ لڑو مجھے,0
یا مولا یہ ساری لعنتیں ہمارے لیے ہی کیوں مختص کی ہیں,0
امت مسلمہاوراسلام کا قلعہ والے مولویانہ اور حرامخورانہ فراڈ سے پہلی بار باہر نکلے تو دنیا میں پاکستان کو عزت ملیمفت کی لسی ڈکارنے والا حرامخور ذلیل ہوا اور پاکستانیوں کو بھی پتا چل گیا کہ ہر ملک کو اپنا مفاد عزیز ہوتا ہے اپنے ملک کی عزت کرو,1
یہ بھی وائرل ہے کئی دن سے,0
رانا ثناءاللہ کے حوالے کرو اس وہ زیادہ اچھے سے خیال رکھے گا اس کا اور اس کی صحت کا بھی خیال رکھے گا تمام مضر صحت چیزوں کو لنگڑے سے دور رکھے گا,1
جس بندے نے اپنی بیوی کا مال بھی نہ چھوڑا وہ پاکستان کا صدر بن گیا تھا در فٹے منہ اس صحافی پر جس نے اسے مرد حر کا خطاب دیا تھا,1
ان کے کرتوت ہی ایسے تھے انکے لیٸے اپنے گھر والے بھی نہیں نکلے عمران ریاض کے پیچھے پوری قوم کھڑی ہے ماسواٸے چند لفافہ خور اور دماغ سے فارغ لوگوں کے باجوہ کچھ شرم کرو کچھ حیا کرو,1
کی کارکردگی کرونا جیسی آفت کےباوجود یہ ھے وہ بھی ساڑھے تین سال کی اپنا گھر سکیم کا قیام بلا سود قرضے کی سکیم نئی یونیورسٹیوں کا قیام اور نئے ڈسٹرکٹ ہسپتالوں پاکستان سٹیزن پورٹل کا قیام رحمت اللعالمین اتھارٹی کا قیام,1
کاش تم نبی پاک کی سنت ابراہیمی بھی آپنی ہوتی امریکہ کی کتے,1
پاکستان کے بہادر فوجی جوانو پاکستانی عوام نے تمہاری محبت میں ھمیشہ نغمےگائےھیں کیا اس بار تم بھی پاکستانی عوام کی محبت میں کوئی نغمہ گائو گے قوم منتظر ھے,1
